episode,makespan,std_dev_workload,avg_reward,epsilon,best_makespan_so_far,best_std_dev_so_far
1,45242,3275.1427462619681,-2666.6076668633168,1,0,0
2,45229,3197.3463722427932,-2734.8785772880151,0.99950000000000006,1,1
3,45206,3386.1182059625312,-2606.1420450663318,0.99900025000000015,2,1
4,45182,3229.0876860595781,-2640.113445139727,0.99850074987500015,3,1
5,45199,3273.357254080976,-2683.2089799523792,0.99800149950006267,3,1
6,45299,3362.2534041811509,-2658.498862082065,0.99750249875031272,3,1
7,45208,3269.4329695919268,-2618.5052158513799,0.99700374750093756,3,1
8,45247,3259.31801736029,-2738.7799270031428,0.99650524562718712,3,1
9,45192,3227.2415000748151,-2638.0939593664921,0.99600699300437356,3,1
10,45280,3373.4717643045651,-2784.2847148950959,0.99550898950787148,3,1
11,45221,3179.63001947159,-2590.7999718034889,0.99501123501311761,3,10
12,45293,3367.616010042997,-2765.8189592937101,0.99451372939561111,3,10
13,45203,3258.1647799820621,-2588.811362087833,0.99401647253091341,3,10
14,45185,3362.8882402266522,-2524.3971337158841,0.99351946429464799,3,10
15,45232,3273.8117294029921,-2633.4987876507771,0.99302270456250075,3,10
16,45123,3100.053922453104,-2582.564476756374,0.99252619321021951,15,15
17,45211,3226.397142401232,-2625.0923813304221,0.9920299301136144,15,15
18,45227,3272.3873951281262,-2566.8832637343789,0.9915339151485576,15,15
19,45206,3098.5359970076879,-2631.398607584943,0.99103814819098335,15,18
20,45217,3217.4773063446319,-2721.7836645689749,0.99054262911688795,15,18
21,45255,3388.90539608475,-2581.620713945947,0.99004735780232955,15,18
22,45161,3426.1472834801129,-2625.1855796186569,0.98955233412342847,15,18
23,45180,3332.818240937801,-2547.219505458499,0.98905755795636685,15,18
24,45217,3338.4901507705008,-2662.3886790159881,0.9885630291773887,15,18
25,45217,3355.1658738871029,-2622.041605655862,0.98806874766280006,15,18
26,45202,3273.905059872026,-2602.3926698320161,0.98757471328896873,15,18
27,45202,3291.9073027787599,-2678.1992853699512,0.98708092593232433,15,18
28,45220,3286.9009282827292,-2682.1851812559498,0.9865873854693582,15,18
29,45185,3176.8242289500572,-2569.197687027754,0.98609409177662355,15,18
30,45244,3280.213984376534,-2673.8281235905361,0.98560104473073529,15,18
31,45148,3210.0119011263719,-2612.8098345511639,0.98510824420836995,15,18
32,45252,3377.2804902337912,-2708.0245125787169,0.98461569008626582,15,18
33,45209,3229.8624950348421,-2738.9333033017028,0.98412338224122275,15,18
34,45252,3371.178840400858,-2733.6806417051798,0.98363132055010216,15,18
35,45227,3274.033855677586,-2700.2438577350649,0.98313950488982715,15,18
36,45211,3159.5972040323941,-2699.6100901437958,0.98264793513738224,15,18
37,45135,3047.5461640184371,-2509.3113301693038,0.98215661116981356,15,36
38,45187,3216.3679986610391,-2567.513874387063,0.98166553286422875,15,36
39,45249,3287.522648638324,-2739.1806259708942,0.98117470009779673,15,36
40,45167,3263.776784418284,-2569.404021288361,0.98068411274774792,15,36
41,45163,3277.3159384062369,-2491.4767233159541,0.98019377069137414,15,36
42,45182,3254.3392335593389,-2590.868258735698,0.97970367380602852,15,36
43,45218,3255.0196153153929,-2647.7252619072351,0.97921382196912554,15,36
44,45288,3443.3546154342898,-2786.405819946569,0.978724215058141,15,36
45,45210,3219.1425599901631,-2754.6889717199938,0.97823485295061197,15,36
46,45259,3318.972547221505,-2766.4255285501749,0.97774573552413668,15,36
47,45263,3325.013564415683,-2738.4771208641691,0.97725686265637468,15,36
48,45205,3184.743978230189,-2511.605539401362,0.97676823422504655,15,36
49,45168,3136.480919889591,-2583.2399306251959,0.97627985010793406,15,36
50,45270,3193.456120674698,-2740.9744426939878,0.97579171018288013,15,36
51,45192,3343.0311499128361,-2698.3571560276641,0.97530381432778879,15,36
52,45277,3277.772959600326,-2739.189334036078,0.97481616242062497,15,36
53,45244,3311.976910422914,-2635.4296421220752,0.97432875433941468,15,36
54,45176,3314.9591776912812,-2747.1290504526551,0.97384158996224501,15,36
55,45260,3262.1888978725542,-2731.0652874348689,0.97335466916726399,15,36
56,45271,3275.0261944050362,-2654.8629319183492,0.97286799183268036,15,36
57,45227,3344.0041344200322,-2749.9345835075001,0.97238155783676405,15,36
58,45216,3389.6153425759521,-2807.233848211798,0.97189536705784574,15,36
59,45252,3376.274693130948,-2773.589759786762,0.97140941937431691,15,36
60,45246,3290.3245703471871,-2644.871905809915,0.97092371466462979,15,36
61,45252,3230.8064801199612,-2711.8301125847688,0.97043825280729756,15,36
62,45170,3193.9173762304172,-2698.2889924987812,0.96995303368089392,15,36
63,45242,3226.4112463229471,-2649.194139436443,0.96946805716405349,15,36
64,45234,3393.5703081739971,-2559.5506091783418,0.96898332313547153,15,36
65,45221,3262.0313982747512,-2677.3842462096341,0.96849883147390381,15,36
66,45177,3142.6676370962919,-2599.3658402576261,0.96801458205816693,15,36
67,45207,3175.784420086432,-2688.0943944028159,0.96753057476713789,15,36
68,45161,3108.4540422005821,-2655.0143654096969,0.96704680947975441,15,36
69,45186,3267.228587984815,-2646.532865940479,0.96656328607501463,15,36
70,45224,3217.1341919318611,-2634.8174375400331,0.96608000443197717,15,36
71,45189,3174.009470538304,-2626.248403358004,0.96559696442976128,15,36
72,45188,3175.52544851945,-2636.8792138796371,0.96511416594754651,15,36
73,45200,3302.0618140541551,-2647.0317127627591,0.96463160886457278,15,36
74,45207,3248.388411186319,-2617.1054002582409,0.96414929306014052,15,36
75,45199,3290.2689859966899,-2610.8707440454468,0.96366721841361047,15,36
76,45247,3304.008918020731,-2729.81592638134,0.96318538480440374,15,36
77,45268,3338.6710395790119,-2750.728591117379,0.96270379211200163,15,36
78,45220,3289.723015278716,-2657.249022884821,0.96222244021594572,15,36
79,45172,3278.3708204620989,-2582.557807123545,0.96174132899583775,15,36
80,45223,3245.3910872592028,-2752.9269808827462,0.96126045833133988,15,36
81,45188,3238.0572667437132,-2650.3852178829638,0.96077982810217422,15,36
82,45240,3287.3232450154842,-2656.6572400910518,0.96029943818812313,15,36
83,45216,3186.6994823137761,-2708.0106611957131,0.95981928846902909,15,36
84,45231,3212.048520783158,-2707.900998670123,0.95933937882479459,15,36
85,45200,3290.3562397636479,-2625.7086193076948,0.95885970913538221,15,36
86,45228,3332.0134525486301,-2717.7014862873848,0.9583802792808146,15,36
87,45198,3289.6174785869921,-2665.9402227588139,0.95790108914117422,15,36
88,45174,3174.9361179038428,-2670.8067653894118,0.95742213859660363,15,36
89,45208,3340.9550181435088,-2662.8433060306261,0.95694342752730543,15,36
90,45230,3278.0852015802252,-2748.5581714524492,0.95646495581354185,15,36
91,45235,3263.574496758607,-2613.1673625660819,0.95598672333563517,15,36
92,45164,3136.0780481233301,-2639.096177312525,0.95550872997396741,15,36
93,45227,3347.0065278843308,-2687.764308647254,0.95503097560898043,15,36
94,45258,3274.0917934771401,-2744.3178731548128,0.95455346012117603,15,36
95,45242,3249.2031090242608,-2689.5431253936981,0.95407618339111555,15,36
96,45192,3154.3359647113689,-2688.9203078529158,0.95359914529942003,15,36
97,45236,3419.8487788383081,-2549.3274090976788,0.95312234572677035,15,36
98,45330,3375.0485032808542,-2864.5064975873238,0.95264578455390703,15,36
99,45166,3238.1999956514851,-2615.260671590192,0.95216946166163008,15,36
100,45244,3266.8698418861791,-2683.499316566184,0.95169337693079936,15,36
101,45254,3152.7146905094678,-2757.3606195597149,0.95121753024233402,15,36
102,45169,3278.6303852513552,-2625.492357230989,0.95074192147721293,15,36
103,45262,3255.6341038654359,-2699.7753160654111,0.95026655051647435,15,36
104,45183,3194.0114529165098,-2572.9367079348081,0.94979141724121618,15,36
105,45178,3233.0727838870412,-2708.6788627633919,0.9493165215325956,15,36
106,45213,3387.7768426930529,-2593.8786914545649,0.9488418632718294,15,36
107,45238,3239.80474739498,-2766.7814424917128,0.94836744234019354,15,36
108,45286,3376.2898336957001,-2728.906018847174,0.94789325861902352,15,36
109,45217,3299.4878989392391,-2641.2337729189362,0.94741931198971407,15,36
110,45216,3314.7600775602418,-2647.0183993028422,0.94694560233371927,15,36
111,45261,3352.3792826421409,-2647.0578514843692,0.94647212953255244,15,36
112,45192,3231.640745802817,-2594.496956675383,0.94599889346778621,15,36
113,45214,3337.8338249622379,-2608.3749967159938,0.94552589402105236,15,36
114,45241,3256.5704997250818,-2569.7637497421319,0.94505313107404187,15,36
115,45183,3329.0396336285539,-2535.4241604074118,0.9445806045085049,15,36
116,45291,3315.8057915312461,-2776.688561762513,0.94410831420625074,15,36
117,45254,3283.415171400241,-2844.232026103517,0.94363626004914769,15,36
118,45235,3258.771074103493,-2778.8825088191029,0.94316444191912319,15,36
119,45224,3203.5496490080491,-2683.1103476481708,0.94269285969816363,15,36
120,45204,3120.1603740421519,-2650.4091640294241,0.9422215132683146,15,36
121,45188,3321.7156842650152,-2549.8902804486329,0.94175040251168052,15,36
122,45166,3181.3364505595382,-2569.7632933551931,0.94127952731042475,15,36
123,45181,3223.2466310479731,-2547.8687309824891,0.94080888754676961,15,36
124,45187,3350.3094439435849,-2711.9045490174349,0.94033848310299628,15,36
125,45244,3311.57823449751,-2686.1470669605469,0.93986831386144487,15,36
126,45129,3078.012293720943,-2514.139477674405,0.93939837970451423,15,36
127,45158,3085.7153943091971,-2651.2900521860061,0.93892868051466205,15,36
128,45224,3319.7986637345762,-2668.114820108116,0.93845921617440475,15,36
129,45216,3395.1320813119851,-2697.2889906555552,0.9379899865663176,15,36
130,45301,3348.076119011841,-2743.428110968192,0.93752099157303448,15,36
131,45270,3444.9331901061419,-2563.6231427561538,0.937052231077248,15,36
132,45199,3248.8536142999769,-2624.0479748228572,0.9365837049617094,15,36
133,45244,3309.787310906569,-2613.834749145813,0.93611541310922863,15,36
134,45302,3439.0330238051661,-2799.6917046622079,0.93564735540267407,15,36
135,45261,3205.0068305028881,-2642.6792828085258,0.93517953172497281,15,36
136,45200,3262.6495238704251,-2536.102443382299,0.93471194195911034,15,36
137,45282,3378.816955120687,-2705.3910228043251,0.93424458598813087,15,36
138,45175,3402.6028753037431,-2744.6953533265819,0.93377746369513681,15,36
139,45189,3187.9735320844711,-2681.4485080167278,0.93331057496328929,15,36
140,45224,3195.3733701330411,-2620.445634939877,0.93284391967580771,15,36
141,45189,3245.2640265703781,-2660.2437002601728,0.93237749771596989,15,36
142,45215,3274.363813749474,-2662.1941722822762,0.93191130896711194,15,36
143,45266,3316.5454770055112,-2752.4530488332839,0.93144535331262845,15,36
144,45232,3182.35383925015,-2662.532755814284,0.93097963063597222,15,36
145,45220,3306.8347439464769,-2538.2858877116769,0.93051414082065431,15,36
146,45257,3414.9687861372859,-2627.0282239436801,0.93004888375024408,15,36
147,45171,3116.320600818583,-2626.304098750818,0.92958385930836906,15,36
148,45244,3476.5822826040858,-2755.316105213054,0.92911906737871497,15,36
149,45224,3211.699191711466,-2592.5845992044951,0.92865450784502568,15,36
150,45217,3293.06868582275,-2708.1886990353391,0.92819018059110325,15,36
151,45191,3332.5010674200339,-2533.486957668566,0.92772608550080771,15,36
152,45283,3354.831685355734,-2692.812115416868,0.92726222245805734,15,36
153,45198,3150.216122218797,-2678.1879084661132,0.9267985913468284,15,36
154,45182,3260.02208564291,-2698.0580531628402,0.926335192051155,15,36
155,45154,3147.0379167377118,-2705.6225197875519,0.92587202445512951,15,36
156,45233,3290.682431111034,-2743.7484617914602,0.92540908844290204,15,36
157,45205,3321.3148147259831,-2575.548867825858,0.92494638389868067,15,36
158,45210,3285.4597789756172,-2620.785036700669,0.92448391070673142,15,36
159,45136,3300.6606165198141,-2593.1301533400829,0.92402166875137814,15,36
160,45236,3286.65936077691,-2686.1667487728032,0.92355965791700245,15,36
161,45168,3206.4317674351059,-2586.209174904649,0.923097878088044,15,36
162,45241,3245.0828018083271,-2742.9374209106431,0.92263632914900007,15,36
163,45244,3284.2610192615089,-2637.4236017503799,0.92217501098442567,15,36
164,45182,3279.009135426646,-2565.7487850936759,0.92171392347893355,15,36
165,45250,3361.837997981067,-2534.0412930916768,0.92125306651719419,15,36
166,45234,3222.8553642493871,-2635.3677844997619,0.92079243998393567,15,36
167,45236,3372.8305283573759,-2604.4584360885679,0.92033204376394373,15,36
168,45171,3280.9185073778758,-2541.7618838303301,0.91987187774206181,15,36
169,45271,3291.1239186043222,-2715.1744750923258,0.91941194180319086,15,36
170,45190,3354.833812238388,-2536.1685126316679,0.91895223583228935,15,36
171,45274,3360.9125580995092,-2669.1474611326271,0.91849275971437327,15,36
172,45220,3333.983116937512,-2676.3710251131388,0.9180335133345161,15,36
173,45149,3131.031887868206,-2705.4337394806939,0.91757449657784895,15,36
174,45294,3253.5280897545781,-2794.109117285414,0.9171157093295601,15,36
175,45265,3192.001892264966,-2633.3149899889099,0.91665715147489535,15,36
176,45138,3206.234784544215,-2435.4700609042061,0.91619882289915799,15,36
177,45207,3358.021309633848,-2630.7430462597472,0.91574072348770852,15,36
178,45298,3345.2452843218061,-2646.3875915874769,0.91528285312596469,15,36
179,45223,3273.5902535595001,-2651.028696611259,0.91482521169940179,15,36
180,45164,3307.2751000544181,-2497.1540035019871,0.91436779909355215,15,36
181,45168,3256.8011843140612,-2636.0411243441681,0.9139106151940054,15,36
182,45207,3241.4695605324218,-2615.5936491998991,0.91345365988640848,15,36
183,45199,3313.514718228148,-2617.0286533910639,0.91299693305646534,15,36
184,45185,3254.5799431438209,-2508.8027971586912,0.91254043458993717,15,36
185,45318,3352.862602777589,-2679.802357045809,0.91208416437264228,15,36
186,45236,3274.637281216576,-2724.4021446451079,0.91162812229045598,15,36
187,45253,3266.749678563639,-2595.917840860759,0.91117230822931083,15,36
188,45245,3393.4223851350121,-2646.469242857494,0.91071672207519627,15,36
189,45207,3239.5459101865631,-2508.2437539197999,0.91026136371415878,15,36
190,45208,3323.5338145638798,-2531.4342317949031,0.90980623303230179,15,36
191,45222,3304.7698124632311,-2719.039896529498,0.90935132991578571,15,36
192,45145,3130.7170087607878,-2529.567597059287,0.90889665425082788,15,36
193,45160,3175.504399979141,-2578.2414885488051,0.90844220592370251,15,36
194,45205,3275.8183847420319,-2608.434893163575,0.90798798482074072,15,36
195,45179,3287.2603016295011,-2505.4117148964888,0.90753399082833042,15,36
196,45196,3198.5157900035019,-2753.489640212747,0.90708022383291631,15,36
197,45330,3317.6155558962009,-2752.7078646843211,0.90662668372099986,15,36
198,45231,3247.2542695941379,-2618.3581033478522,0.90617337037913936,15,36
199,45235,3340.776221973209,-2735.317684040318,0.90572028369394986,15,36
200,45179,3332.8953779388548,-2628.540574975048,0.90526742355210288,15,36
201,45236,3219.9217669622622,-2667.1443615677372,0.90481478984032693,15,36
202,45231,3359.2195731647721,-2617.4838067783958,0.90436238244540679,15,36
203,45255,3259.792753766159,-2730.084017382263,0.90391020125418409,15,36
204,45250,3334.5961879571169,-2578.903556689615,0.90345824615355708,15,36
205,45195,3182.3198965347501,-2688.7296642409929,0.90300651703048029,15,36
206,45181,3272.316620118937,-2722.826781083882,0.90255501377196512,15,36
207,45206,3260.020607302607,-2597.659974671747,0.90210373626507923,15,36
208,45220,3262.6942518223241,-2761.887408125589,0.90165268439694679,15,36
209,45246,3264.5651905885688,-2623.8788441625329,0.90120185805474839,15,36
210,45156,3240.139705487416,-2550.3632241061609,0.90075125712572102,15,36
211,45230,3328.599339816561,-2649.676640541476,0.90030088149715826,15,36
212,45288,3449.6662671453491,-2694.806785727958,0.89985073105640978,15,36
213,45146,3200.6914078460859,-2645.1232861669869,0.89940080569088166,15,36
214,45252,3330.8376552471659,-2636.508100361199,0.89895110528803623,15,36
215,45135,3149.1898207636282,-2578.555336171964,0.89850162973539227,15,36
216,45191,3240.8290572567848,-2592.2992759304989,0.89805237892052459,15,36
217,45255,3254.2021515668839,-2620.5783071638339,0.8976033527310644,15,36
218,45161,3114.0495867688501,-2494.6109079642788,0.89715455105469888,15,36
219,45188,3340.6588942410858,-2598.7730699556928,0.89670597377917161,15,36
220,45147,3189.327353782352,-2468.287349897485,0.89625762079228211,15,36
221,45196,3334.293071881606,-2566.1034895332032,0.89580949198188597,15,36
222,45243,3393.7450451615568,-2684.6682832583429,0.8953615872358951,15,36
223,45173,3205.5809457042701,-2511.648162651757,0.8949139064422772,15,36
224,45242,3249.3041533298669,-2646.667435332276,0.89446644948905607,15,36
225,45246,3364.8244649281569,-2699.9196919593069,0.89401921626431158,15,36
226,45194,3203.8573444566518,-2727.2299544101838,0.89357220665617942,15,36
227,45157,3208.5114234277221,-2657.0898887736198,0.89312542055285138,15,36
228,45193,3229.7055554924032,-2698.6781482137089,0.89267885784257506,15,36
229,45184,3332.0346321828979,-2545.7031999786168,0.89223251841365381,15,36
230,45317,3329.597480791942,-2842.2231155000218,0.89178640215444704,15,36
231,45275,3442.2842480220502,-2704.1885349423378,0.89134050895336991,15,36
232,45308,3419.8875049915491,-2769.2425981874148,0.8908948386988933,15,36
233,45191,3226.0477791338571,-2637.3792286344969,0.89044939127954392,15,36
234,45232,3356.120473015777,-2648.3184618259579,0.89000416658390424,15,36
235,45216,3267.1329663824922,-2669.010339378553,0.88955916450061234,15,36
236,45182,3269.1562727870269,-2555.1171008403062,0.88911438491836203,15,36
237,45307,3467.5945842727988,-2766.6574964819019,0.88866982772590286,15,36
238,45144,3263.636601968406,-2760.251958409192,0.88822549281204,15,36
239,45237,3345.6735857404178,-2785.0044568104931,0.88778138006563401,15,36
240,45223,3211.2486855365401,-2751.9278349692941,0.8873374893756012,15,36
241,45274,3344.8942050874089,-2657.3346961817419,0.88689382063091349,15,36
242,45244,3233.9879389439461,-2746.8231981096201,0.88645037372059809,15,36
243,45193,3285.78027749271,-2623.94079571675,0.88600714853373785,15,36
244,45237,3266.6690518285809,-2703.6971792938821,0.885564144959471,15,36
245,45217,3189.0487180933742,-2634.9597267949021,0.88512136288699128,15,36
246,45176,3256.5639957025928,-2688.0171871760108,0.88467880220554784,15,36
247,45140,3159.2393528264379,-2551.4038687498678,0.88423646280444512,15,36
248,45171,3214.954492606405,-2624.072544378967,0.88379434457304296,15,36
249,45181,3238.451030919171,-2661.8254092466418,0.88335244740075647,15,36
250,45208,3209.392271484116,-2660.2749486029411,0.88291077117705619,15,36
251,45188,3193.1848432575098,-2555.3172902921669,0.8824693157914677,15,36
252,45209,3202.1141280342272,-2692.14162560872,0.88202808113357201,15,36
253,45194,3270.262948772754,-2607.394551389315,0.88158706709300527,15,36
254,45199,3363.0010919747142,-2620.1866709302772,0.88114627355945885,15,36
255,45215,3249.323666615966,-2596.6309021158481,0.88070570042267915,15,36
256,45206,3231.4805849958861,-2547.634078470031,0.88026534757246788,15,36
257,45256,3336.3231276877559,-2733.5076215624781,0.87982521489868171,15,36
258,45185,3303.8145581196759,-2605.488379481164,0.87938530229123246,15,36
259,45278,3350.2769142565398,-2665.965738765221,0.87894560964008694,15,36
260,45203,3273.6126992441618,-2623.653558499534,0.8785061368352669,15,36
261,45230,3272.8213464703999,-2748.3917196872089,0.87806688376684927,15,36
262,45210,3245.381816506806,-2551.2165193003079,0.87762785032496593,15,36
263,45186,3348.7147230486489,-2645.4427245585798,0.8771890363998035,15,36
264,45145,3303.844065399197,-2526.173102711251,0.87675044188160367,15,36
265,45202,3334.2752712000852,-2584.2885743963202,0.87631206666066297,15,36
266,45177,3253.248977888707,-2486.567243227933,0.87587391062733266,15,36
267,45169,3094.9120614168428,-2655.603498170155,0.87543597367201909,15,36
268,45167,3310.8211726602522,-2564.8260887557021,0.87499825568518308,15,36
269,45141,3244.5725568398921,-2543.3242272446491,0.87456075655734056,15,36
270,45155,3167.1626804796779,-2562.2032408486671,0.87412347617906194,15,36
271,45236,3341.6338792149868,-2687.83629688468,0.8736864144409725,15,36
272,45175,3174.0784820109538,-2504.6443515817441,0.87324957123375202,15,36
273,45322,3492.2028131695188,-2718.606842120872,0.87281294644813523,15,36
274,45214,3217.5632332728392,-2504.9640688918071,0.87237653997491116,15,36
275,45148,3143.082826185394,-2662.8809338297601,0.87194035170492379,15,36
276,45212,3220.496193111233,-2721.8445357390569,0.87150438152907139,15,36
277,45280,3278.5636580979321,-2621.5428048024642,0.87106862933830687,15,36
278,45185,3138.3409515487679,-2645.0887684648151,0.87063309502363773,15,36
279,45230,3153.217865629093,-2701.2244150255569,0.870197778476126,15,36
280,45140,3106.751422921956,-2652.1740760310909,0.86976267958688802,15,36
281,45208,3316.6676085961731,-2604.8806422356438,0.86932779824709461,15,36
282,45182,3197.337051877545,-2675.7238096972128,0.86889313434797111,15,36
283,45168,3221.138110531811,-2625.626623895696,0.86845868778079716,15,36
284,45196,3249.8603915193271,-2554.7644565964961,0.86802445843690679,15,36
285,45121,3170.78199852539,-2590.279204688406,0.86759044620768844,284,36
286,45168,3194.993809129875,-2578.1859831639849,0.86715665098458461,284,36
287,45251,3205.6591218779949,-2546.3569682814318,0.86672307265909232,284,36
288,45247,3291.5539339786301,-2632.662796975625,0.86628971112276287,284,36
289,45233,3315.584950350622,-2738.9051717555249,0.86585656626720153,284,36
290,45189,3176.260758686381,-2696.50813225196,0.86542363798406796,284,36
291,45168,3144.9325182893722,-2645.058222594193,0.864990926165076,284,36
292,45173,3248.1517641094069,-2594.4888196081361,0.86455843070199356,284,36
293,45154,3219.0923054692471,-2618.7722191301641,0.86412615148664262,284,36
294,45146,3191.4240686308899,-2520.862411491401,0.86369408841089934,284,36
295,45234,3207.4055920936289,-2683.885041274702,0.86326224136669394,284,36
296,45115,3020.8633588388961,-2609.3993362898909,0.8628306102460106,295,295
297,45247,3272.799133072298,-2539.4824216732768,0.86239919494088768,295,295
298,45179,3259.8051586673359,-2691.5846825010558,0.86196799534341728,295,295
299,45209,3105.5163225916599,-2739.8678650152578,0.86153701134574567,295,295
300,45185,3181.9444256424822,-2610.2690802834491,0.86110624284007287,295,295
301,45172,3210.96582614929,-2515.7650731567192,0.86067568971865283,295,295
302,45186,3191.8329542164352,-2622.335791942081,0.86024535187379358,295,295
303,45190,3455.165111287045,-2518.1007963088869,0.85981522919785669,295,295
304,45253,3286.6310337901659,-2674.170649655844,0.85938532158325776,295,295
305,45200,3180.1607092654208,-2657.0065299610128,0.85895562892246613,295,295
306,45147,3211.6032225902741,-2602.3840657388869,0.8585261511080049,295,295
307,45176,3286.6762444761698,-2601.0891565698689,0.85809688803245099,295,295
308,45245,3371.453625100356,-2617.3781053540629,0.85766783958843484,295,295
309,45172,3310.6154428665682,-2468.3419572232742,0.85723900566864064,295,295
310,45251,3307.2858277852179,-2628.0422976008331,0.8568103861658064,295,295
311,45192,3218.0971824740791,-2659.863588669461,0.85638198097272356,295,295
312,45188,3237.5405818174031,-2450.927042167013,0.85595378998223726,295,295
313,45195,3265.914330503465,-2569.545090260066,0.85552581308724618,295,295
314,45175,3117.7496228024961,-2662.6331969116068,0.85509805018070262,295,295
315,45162,3204.154673598357,-2583.2653502055082,0.85467050115561227,295,295
316,45211,3319.3909130737611,-2615.5228033692069,0.85424316590503446,295,295
317,45109,3124.4266438932368,-2574.607931334986,0.85381604432208202,316,295
318,45183,3244.9286681194521,-2620.7960012992048,0.85338913629992108,316,295
319,45172,3324.314651187854,-2621.2245127795209,0.85296244173177116,316,295
320,45189,3346.7469864168788,-2624.8998459399932,0.8525359605109053,316,295
321,45137,3198.404194357086,-2451.694306926011,0.85210969253064994,316,295
322,45125,3197.3916182045132,-2542.6396539558309,0.85168363768438471,316,295
323,45168,3144.273314551725,-2687.6553211964952,0.85125779586554251,316,295
324,45211,3276.582342107929,-2650.1129952584888,0.85083216696760977,316,295
325,45184,3386.3771362548459,-2597.993405835583,0.85040675088412598,316,295
326,45166,3208.8007714856508,-2607.021153853982,0.84998154750868393,316,295
327,45153,3219.160616434569,-2586.3266439650961,0.84955655673492969,316,295
328,45195,3194.4440725586519,-2592.060934135659,0.84913177845656229,316,295
329,45177,3252.737890593588,-2669.5736206394208,0.84870721256733406,316,295
330,45176,3308.5253918287981,-2549.9959819006822,0.84828285896105049,316,295
331,45187,3213.263476677635,-2646.606912228463,0.84785871753157005,316,295
332,45135,3139.7074384320008,-2538.049682742138,0.84743478817280427,316,295
333,45135,3125.731472291543,-2645.03625417595,0.84701107077871796,316,295
334,45220,3262.6856358518412,-2618.0066835468738,0.84658756524332868,316,295
335,45133,3179.4879633110372,-2572.9452045188782,0.84616427146070705,316,295
336,45149,3179.0071387804369,-2536.3441359853182,0.84574118932497677,316,295
337,45264,3240.2389309328569,-2678.766760469171,0.84531831873031438,316,295
338,45201,3274.9300841260829,-2657.06733137021,0.84489565957094925,316,295
339,45225,3249.60380090846,-2667.5283049072318,0.84447321174116385,316,295
340,45247,3268.8804913160802,-2717.162685525353,0.84405097513529337,316,295
341,45129,3178.7025604169512,-2605.9089442195368,0.84362894964772572,316,295
342,45175,3225.4529301536322,-2699.4643316942352,0.84320713517290191,316,295
343,45233,3225.3546841340162,-2604.3400277360529,0.84278553160531555,316,295
344,45115,3117.456192728202,-2581.3682824709208,0.84236413883951289,316,295
345,45232,3250.508035051057,-2698.83274347616,0.84194295677009323,316,295
346,45123,3148.2025952357062,-2663.9468581620431,0.84152198529170819,316,295
347,45136,3150.1309056790951,-2666.0542823952501,0.84110122429906242,316,295
348,45154,3268.009813361924,-2637.5678796900902,0.8406806736869129,316,295
349,45260,3263.6898611233951,-2776.7979505514372,0.84026033335006944,316,295
350,45171,3159.537708252155,-2515.418502598116,0.83984020318339447,316,295
351,45066,3087.9605020500171,-2647.7339411396752,0.83942028308180283,350,295
352,45172,3191.7919340211679,-2605.1862633383448,0.83900057294026198,350,295
353,45135,3169.4052573602339,-2674.6906299305952,0.83858107265379189,350,295
354,45178,3241.5929093522382,-2583.744214786781,0.83816178211746506,350,295
355,45117,3200.5603215406531,-2525.1058633145481,0.83774270122640637,350,295
356,45131,3201.9757036224541,-2501.1282230779238,0.83732382987579324,350,295
357,45110,3119.031383771161,-2491.7834748837831,0.83690516796085535,350,295
358,45110,3142.213069334276,-2616.4656643608619,0.83648671537687491,350,295
359,45209,3200.2994892374941,-2625.3776680905748,0.83606847201918655,350,295
360,45191,3183.5203658406572,-2658.6539997023519,0.83565043778317705,350,295
361,45206,3289.6763200757391,-2653.2934714307248,0.83523261256428549,350,295
362,45170,3195.831244475919,-2553.6458064834328,0.83481499625800337,350,295
363,45151,3324.3818274913401,-2421.373157908853,0.83439758875987446,350,295
364,45057,3107.326578897078,-2450.046814591698,0.83398038996549462,363,295
365,45119,3008.8615953827261,-2493.987845625114,0.83356339977051197,363,364
366,45257,3282.0336918690368,-2657.451031513514,0.83314661807062673,363,364
367,45142,3262.129908455046,-2448.8328590933161,0.83273004476159151,363,364
368,45190,3205.5951391431659,-2670.8418797448821,0.83231367973921078,363,364
369,45130,3092.4813312704191,-2542.7139614334719,0.83189752289934127,363,364
370,45175,3175.019117114196,-2565.9268231912702,0.8314815741378917,363,364
371,45196,3211.7473011118941,-2668.3361756724512,0.83106583335082285,363,364
372,45168,3213.570844593271,-2661.3964119663901,0.83065030043414745,363,364
373,45164,3196.823428210459,-2662.6462473623201,0.83023497528393042,363,364
374,45179,3217.8555759951382,-2666.736366490361,0.82981985779628853,363,364
375,45152,3185.128176547867,-2647.3642525927698,0.82940494786739039,363,364
376,45208,3362.4284439737539,-2773.836581673143,0.82899024539345678,363,364
377,45161,3288.0394714706672,-2726.7317282112599,0.82857575027076014,363,364
378,45185,3304.3138132650638,-2651.890198823055,0.82816146239562483,363,364
379,45213,3198.4492826877972,-2665.9859798318271,0.82774738166442707,363,364
380,45181,3148.0668953836421,-2641.533090539303,0.82733350797359495,363,364
381,45194,3173.547252875368,-2591.0364367554348,0.82691984121960815,363,364
382,45190,3148.9851116212021,-2560.2415530857979,0.82650638129899845,363,364
383,45152,3123.130832038828,-2563.4154982868308,0.82609312810834901,363,364
384,45178,3118.798481550115,-2579.3654756569849,0.82568008154429484,363,364
385,45142,3139.6013080584812,-2560.9876307205718,0.82526724150352271,363,364
386,45171,3186.8403025412699,-2602.9433232248862,0.82485460788277098,363,364
387,45167,3198.5348541417288,-2656.3809595009361,0.82444218057882968,363,364
388,45140,3251.8137150080001,-2494.320394455026,0.8240299594885403,363,364
389,45140,3267.370197313654,-2559.844462382338,0.82361794450879611,363,364
390,45163,3171.7237371815359,-2738.8816359530329,0.82320613553654176,363,364
391,45207,3275.248431375614,-2779.4100632788441,0.82279453246877354,363,364
392,45137,3232.3709753434969,-2637.3022266033831,0.82238313520253925,363,364
393,45093,3063.6962641442442,-2464.6401782489088,0.82197194363493797,363,364
394,45131,3166.754613495541,-2636.2809356109469,0.82156095766312054,363,364
395,45113,3094.8606348382318,-2647.121738392073,0.82115017718428907,363,364
396,45156,3180.6216052446571,-2672.468855251434,0.82073960209569696,363,364
397,45151,3206.731562160116,-2616.1637921764031,0.82032923229464916,363,364
398,45188,3272.2644331438978,-2640.2075291844599,0.81991906767850187,363,364
399,45149,3062.2236166432831,-2529.0824460233698,0.81950910814466271,363,364
400,45097,3124.335615053204,-2527.9395510157151,0.81909935359059038,363,364
401,45132,3277.376147601839,-2480.354151967957,0.81868980391379509,363,364
402,45214,3193.9552723939501,-2658.0690492177368,0.81828045901183821,363,364
403,45116,3147.553910207535,-2503.9622094821812,0.81787131878233232,363,364
404,45121,3247.1187293557882,-2419.2371667029811,0.81746238312294117,363,364
405,45188,3087.1796911179022,-2610.0170368307172,0.8170536519313798,363,364
406,45150,3218.7365016964609,-2550.9865264093551,0.8166451251054142,363,364
407,45193,3180.6032076769129,-2553.1393639459152,0.81623680254286157,363,364
408,45172,3183.8781536944098,-2665.5753934095151,0.81582868414159015,363,364
409,45225,3248.7137282193648,-2558.7122016530689,0.81542076979951938,363,364
410,45209,3241.2746254430208,-2628.2509558626289,0.81501305941461966,363,364
411,45295,3275.9310174188672,-2749.2249229232389,0.81460555288491243,363,364
412,45175,3175.0145351519332,-2612.1802744444499,0.81419825010847002,363,364
413,45109,3051.161698394988,-2559.4131164104479,0.81379115098341581,363,364
414,45199,3232.4894550793911,-2642.4530544830232,0.81338425540792414,363,364
415,45165,3144.5644920030222,-2643.261763062957,0.81297756328022019,363,364
416,45210,3240.8481700770722,-2659.4329681040481,0.81257107449858013,363,364
417,45154,3093.0265431500188,-2623.4915306409962,0.81216478896133093,363,364
418,45174,3314.8047693784661,-2737.9319330796961,0.81175870656685034,363,364
419,45198,3279.150652707357,-2763.223718309041,0.81135282721356694,363,364
420,45170,3169.6307210135128,-2701.5323565355238,0.81094715079996016,363,364
421,45164,3206.943596144672,-2625.7833401674429,0.81054167722456028,363,364
422,45217,3310.2181323092382,-2825.604433315174,0.81013640638594808,363,364
423,45216,3234.9578650756898,-2665.8192999711669,0.80973133818275511,363,364
424,45182,3260.7693662900101,-2565.391052286624,0.80932647251366374,363,364
425,45110,3009.3281706100902,-2648.7109031271352,0.80892180927740698,363,364
426,45184,3316.2351094185528,-2577.5880899050198,0.80851734837276834,363,364
427,45120,3223.0396830404852,-2520.8115647650152,0.80811308969858198,363,364
428,45245,3292.897424388882,-2622.9588471554712,0.80770903315373277,363,364
429,45109,3073.7599864166391,-2592.8569485434068,0.8073051786371559,363,364
430,45059,3035.2560672206541,-2571.7385022145759,0.80690152604783738,363,364
431,45249,3206.0222376719198,-2813.592090547339,0.80649807528481354,363,364
432,45154,3167.6928513203602,-2556.254551736708,0.80609482624717121,363,364
433,45215,3262.2421266272022,-2596.9613009647801,0.80569177883404763,363,364
434,45096,3079.609889150669,-2459.1332381896882,0.80528893294463066,363,364
435,45147,3168.5612915230831,-2622.5128601504971,0.80488628847815835,363,364
436,45166,3101.7249359317211,-2648.018244973327,0.80448384533391937,363,364
437,45113,3181.2097199705622,-2552.0741198444221,0.80408160341125245,363,364
438,45120,3100.0059806329168,-2688.783253839963,0.80367956260954687,363,364
439,45156,3211.4843260277921,-2636.9237211735558,0.80327772282824217,363,364
440,45081,3112.7290588659071,-2510.3428279888112,0.80287608396682808,363,364
441,45125,3167.2800837112768,-2571.810986354435,0.80247464592484474,363,364
442,45197,3233.65224543564,-2617.3944283051978,0.80207340860188236,363,364
443,45211,3230.142487619712,-2790.960605859063,0.80167237189758145,363,364
444,45194,3256.094428076563,-2670.0932050136712,0.80127153571163268,363,364
445,45135,3062.2690320568072,-2523.1490837399001,0.80087089994377691,363,364
446,45187,3338.4073099594352,-2616.8543741032108,0.8004704644938051,363,364
447,45177,3259.228826258483,-2636.8774392687542,0.80007022926155824,363,364
448,45196,3184.0149464922652,-2684.1437768236979,0.79967019414692753,363,364
449,45255,3302.839113220185,-2739.500626437447,0.79927035904985411,363,364
450,45151,3145.8701921043289,-2548.401746303975,0.7988707238703292,363,364
451,45098,3155.6498216601108,-2475.853825285029,0.79847128850839411,363,364
452,45180,3242.2910408333569,-2616.0558563317059,0.79807205286413996,363,364
453,45111,3073.8920934205648,-2610.0394753392179,0.79767301683770797,363,364
454,45174,3233.7669674175868,-2737.925227640641,0.79727418032928921,363,364
455,45234,3149.2361323154619,-2678.569919119996,0.79687554323912457,363,364
456,45168,3121.9513504426632,-2526.2514875161401,0.79647710546750505,363,364
457,45177,3178.3204636743849,-2671.2680179454392,0.79607886691477137,363,364
458,45084,2977.2945120728918,-2430.078960276921,0.79568082748131408,363,457
459,45115,3141.7154646181102,-2702.3018434970759,0.7952829870675735,363,457
460,45130,3160.9623261300439,-2547.960595784547,0.79488534557403978,363,457
461,45180,3225.836517279949,-2676.309778728828,0.79448790290125282,363,457
462,45249,3318.1011671712781,-2711.30816685848,0.79409065894980224,363,457
463,45166,3123.7555488804419,-2657.874715111675,0.79369361362032742,363,457
464,45176,3135.9472854966962,-2637.4524008180128,0.79329676681351735,363,457
465,45211,3280.2664317808781,-2567.7889839179088,0.79290011843011066,363,457
466,45161,3140.995531078067,-2587.079454858273,0.7925036683708957,363,457
467,45206,3240.7927263902052,-2548.5731250383401,0.79210741653671024,363,457
468,45185,3214.560495562333,-2661.7844284070238,0.7917113628284419,363,457
469,45263,3285.1184454069739,-2710.5616689353442,0.7913155071470277,363,457
470,45189,3211.8463252250831,-2570.3853286011522,0.79091984939345428,363,457
471,45151,3123.6211770524228,-2630.3077114707462,0.79052438946875758,363,457
472,45185,3248.4215454758219,-2589.1641983629852,0.79012912727402329,363,457
473,45107,3060.961226172622,-2560.619129519308,0.78973406271038638,363,457
474,45059,3120.876922011033,-2557.0975585777919,0.78933919567903121,363,457
475,45169,3158.789907934346,-2713.3605823879911,0.7889445260811917,363,457
476,45163,3077.461573794611,-2551.99231268211,0.78855005381815113,363,457
477,45119,3106.2877283055768,-2570.7995444076219,0.7881557787912421,363,457
478,45163,3043.4349599848729,-2628.928789077584,0.7877617009018465,363,457
479,45131,3149.535382279581,-2450.466835381189,0.78736782005139561,363,457
480,45165,3262.9603424170091,-2620.0878891155912,0.78697413614136991,363,457
481,45197,3145.0459898692902,-2696.2226985341081,0.78658064907329928,363,457
482,45204,3183.3583015647391,-2594.3392391140919,0.78618735874876267,363,457
483,45160,3139.3416011190052,-2660.3197947900849,0.78579426506938832,363,457
484,45189,3200.8822837514299,-2664.600789957527,0.78540136793685367,363,457
485,45228,3248.6656087073152,-2735.2476859657122,0.78500866725288532,363,457
486,45096,3180.0694623627041,-2613.3817500539481,0.78461616291925895,363,457
487,45143,3082.4694150925602,-2563.1339322989811,0.78422385483779933,363,457
488,45219,3230.338977514386,-2739.6971718538462,0.78383174291038049,363,457
489,45169,3150.5401133093728,-2622.918066677244,0.78343982703892534,363,457
490,45171,3216.4570972830661,-2676.984113328067,0.78304810712540596,363,457
491,45234,3207.9095052917892,-2673.417451938019,0.78265658307184327,363,457
492,45117,3191.554873834149,-2540.1374322613342,0.7822652547803074,363,457
493,45181,3267.7327756363311,-2606.4912842267272,0.78187412215291729,363,457
494,45190,3230.8733035718578,-2660.8672113915718,0.78148318509184089,363,457
495,45123,3142.3136317774588,-2646.3527331596079,0.78109244349929496,363,457
496,45155,3151.9301089192131,-2649.1284586154802,0.78070189727754535,363,457
497,45177,3209.3880973513292,-2643.1528384953222,0.78031154632890665,363,457
498,45190,3302.6180115802622,-2656.0163439079829,0.77992139055574228,363,457
499,45135,3203.9588562709901,-2700.2080590388291,0.77953142986046442,363,457
500,45178,3195.810299964397,-2652.178806040512,0.77914166414553421,363,457
501,45066,3073.1405516571572,-2475.6717763951251,0.77875209331346151,363,457
502,45157,3210.0183486909291,-2630.0230928739952,0.77836271726680484,363,457
503,45126,3101.0147396678631,-2586.1382151557309,0.77797353590817153,363,457
504,45118,3066.6948454231228,-2552.0345294193812,0.77758454914021746,363,457
505,45192,3066.353786823001,-2817.870703749822,0.77719575686564735,363,457
506,45217,3288.2902335398639,-2734.8220395410408,0.77680715898721453,363,457
507,45179,3147.319508409892,-2713.129819750809,0.77641875540772098,363,457
508,45120,3060.406358164214,-2531.444345247914,0.7760305460300172,363,457
509,45172,3309.6673938070148,-2647.8552202745891,0.77564253075700218,363,457
510,45118,3113.2470749050158,-2537.233583320774,0.77525470949162367,363,457
511,45134,3038.9347543599852,-2680.9044113001069,0.77486708213687794,363,457
512,45176,3308.3072892720061,-2604.2290622973028,0.77447964859580953,363,457
513,45226,3233.520030134845,-2706.922281476709,0.77409240877151164,363,457
514,45110,3112.5199142911761,-2538.676962338438,0.77370536256712596,363,457
515,45193,3145.7788349715479,-2704.7576538746812,0.7733185098858425,363,457
516,45165,3144.6638524558339,-2555.5858104189028,0.77293185063089964,363,457
517,45166,3294.060670950701,-2598.812534096307,0.7725453847055842,363,457
518,45134,3071.6385948047791,-2620.118209368421,0.77215911201323151,363,457
519,45221,3214.7127079219649,-2656.508066469175,0.77177303245722495,363,457
520,45103,3135.170518502317,-2615.3929651983549,0.77138714594099633,363,457
521,45157,3204.8613533853818,-2642.2020229615132,0.77100145236802586,363,457
522,45123,3073.382306521748,-2549.7788240133459,0.77061595164184193,363,457
523,45143,3188.063688025145,-2538.6236146956098,0.77023064366602101,363,457
524,45119,3134.7969866024469,-2678.986233326129,0.76984552834418807,363,457
525,45161,3148.3842203284248,-2550.5066640088339,0.76946060558001605,363,457
526,45156,3163.4201462229748,-2525.6886808735881,0.7690758752772261,363,457
527,45153,3211.1635309285289,-2700.2280367107251,0.7686913373395875,363,457
528,45150,3165.639216615893,-2658.8605982511281,0.76830699167091776,363,457
529,45221,3157.8931921226622,-2743.7019859407051,0.76792283817508233,363,457
530,45178,3152.670615110068,-2643.7833328121101,0.76753887675599486,363,457
531,45126,3131.6747112983621,-2522.924943797947,0.76715510731761694,363,457
532,45111,3163.5846907887271,-2635.3288045381391,0.76677152976395813,363,457
533,45131,3117.8589675779149,-2575.0705743334788,0.76638814399907618,363,457
534,45121,3010.150395145316,-2678.8458575843251,0.76600494992707668,363,457
535,45162,3169.433998572209,-2622.2968020149519,0.76562194745211321,363,457
536,45164,3138.0415157312009,-2523.5497178696719,0.76523913647838715,363,457
537,45127,3113.6394710801601,-2585.9809879989512,0.764856516910148,363,457
538,45108,3062.8553178942529,-2660.106376858334,0.76447408865169297,363,457
539,45154,3214.6898325575789,-2616.2271866522092,0.76409185160736715,363,457
540,45115,3060.102585398296,-2562.632968664775,0.76370980568156355,363,457
541,45112,3077.7787674916758,-2490.052324498849,0.76332795077872284,363,457
542,45148,3088.3758182501201,-2690.2513113931532,0.76294628680333354,363,457
543,45110,3078.8109608597201,-2628.329176028134,0.76256481365993189,363,457
544,45104,3268.9278241509778,-2547.3709732991529,0.76218353125310201,363,457
545,45134,3068.5990477458031,-2585.869376309895,0.7618024394874755,363,457
546,45199,3166.9452978114541,-2577.997853018504,0.76142153826773185,363,457
547,45128,3160.8461156991498,-2598.5490751072921,0.76104082749859803,363,457
548,45160,3129.5252526572021,-2619.206744492732,0.76066030708484877,363,457
549,45183,3145.0033155230499,-2662.9195980474242,0.76027997693130644,363,457
550,45080,3048.536219709345,-2559.6420693447321,0.7598998369428408,363,457
551,45152,3139.1682869666729,-2596.4228326233392,0.75951988702436946,363,457
552,45182,3220.0485065215689,-2559.2691597316289,0.75914012708085732,363,457
553,45059,3198.5320123294041,-2406.2418176610872,0.75876055701731693,363,457
554,45144,3129.6519990696588,-2676.806172169368,0.75838117673880834,363,457
555,45120,3111.3604960113612,-2569.9725661670282,0.75800198615043901,363,457
556,45132,3246.0934557315418,-2549.1996227867421,0.75762298515736382,363,457
557,45144,3340.2362247866058,-2586.6628581006098,0.75724417366478514,363,457
558,45102,3092.2527964410542,-2545.410729587049,0.75686555157795277,363,457
559,45156,3100.7400548174478,-2606.905238791257,0.75648711880216379,363,457
560,45139,3128.2421417216251,-2547.5992060087269,0.75610887524276271,363,457
561,45100,3086.931722479721,-2611.7846226148858,0.75573082080514142,363,457
562,45179,3217.9816733714729,-2676.8391458802348,0.7553529553947389,363,457
563,45073,3114.9738745314189,-2541.8954283649769,0.75497527891704153,363,457
564,45126,3052.2849576058752,-2604.4792111691959,0.75459779127758309,363,457
565,45126,3220.5218239708711,-2672.098842837313,0.75422049238194433,363,457
566,45193,3267.9341439115651,-2702.0792737970351,0.75384338213575341,363,457
567,45162,3122.7318648421092,-2694.2753646404399,0.75346646044468557,363,457
568,45070,3102.9720204512319,-2521.774981468137,0.75308972721446332,363,457
569,45110,3078.207494571006,-2590.036145865397,0.75271318235085616,363,457
570,45171,3261.1004980659231,-2694.9806907019779,0.75233682575968075,363,457
571,45145,3123.512910411931,-2562.422622972585,0.75196065734680095,363,457
572,45078,3085.465163775827,-2520.2298241168642,0.75158467701812759,363,457
573,45161,3064.0983510234319,-2715.7299397675629,0.75120888467961855,363,457
574,45227,3347.5107913488068,-2612.6193880529599,0.7508332802372788,363,457
575,45109,3089.64667180585,-2530.847198293558,0.75045786359716016,363,457
576,45104,3035.57462014151,-2674.833623245896,0.75008263466536163,363,457
577,45146,3028.1830270167879,-2650.7172032539761,0.74970759334802894,363,457
578,45170,3167.3223199631379,-2691.9759343719779,0.74933273955135493,363,457
579,45163,3169.1306223867241,-2586.101845437604,0.74895807318157925,363,457
580,45161,3115.5304738538489,-2686.9656141310011,0.74858359414498854,363,457
581,45129,3072.7262099574,-2655.446977869663,0.74820930234791605,363,457
582,45179,3097.93093339812,-2534.7204325289422,0.74783519769674212,363,457
583,45174,3242.3757465547001,-2691.6689725527208,0.74746128009789381,363,457
584,45199,3213.6650333850239,-2595.4215794659631,0.74708754945784495,363,457
585,45093,3096.105037768255,-2579.968000099499,0.74671400568311608,363,457
586,45132,3111.344506866948,-2628.842505174458,0.74634064868027461,363,457
587,45147,3081.7043765840881,-2456.6820973626791,0.74596747835593447,363,457
588,45164,3141.2337901034998,-2669.845384404744,0.74559449461675653,363,457
589,45216,3131.873105566503,-2756.942170516033,0.74522169736944821,363,457
590,45197,3203.361901077511,-2681.994189747832,0.74484908652076354,363,457
591,45125,3126.0316949232351,-2589.1301012882909,0.74447666197750317,363,457
592,45171,3129.6536628974468,-2756.518523018769,0.74410442364651441,363,457
593,45106,3146.3810554301622,-2669.3671287396878,0.74373237143469118,363,457
594,45182,3208.458605240322,-2643.344394537256,0.7433605052489739,363,457
595,45183,3109.6420459714582,-2646.0278640176912,0.74298882499634944,363,457
596,45164,3180.6834997997412,-2564.8468821947831,0.74261733058385127,363,457
597,45105,3031.812624689072,-2513.4939998356122,0.74224602191855937,363,457
598,45085,3048.6744585279639,-2544.815327781504,0.74187489890760017,363,457
599,45130,3005.848669614802,-2607.3031056716741,0.74150396145814645,363,457
600,45163,3094.8704054583491,-2688.7193052655939,0.74113320947741745,363,457
601,45188,3206.5789316254409,-2727.5794722133819,0.74076264287267879,363,457
602,45131,3018.4471968043499,-2562.2427039162621,0.74039226155124249,363,457
603,45121,3152.2745840880439,-2505.2401539476268,0.74002206542046689,363,457
604,45173,3145.98539467415,-2493.867704310981,0.73965205438775672,363,457
605,45076,3049.7844310830192,-2561.688886942291,0.7392822283605629,363,457
606,45154,3087.7879562387989,-2648.289696385928,0.73891258724638265,363,457
607,45206,3202.412443884401,-2683.1125342931859,0.73854313095275947,363,457
608,45159,3141.13875964934,-2563.379232042716,0.73817385938728308,363,457
609,45074,3109.7999829141399,-2642.739225538593,0.73780477245758946,363,457
610,45145,3102.1380442960858,-2622.1464438510739,0.73743587007136069,363,457
611,45129,3133.5147093561191,-2604.949645911714,0.73706715213632501,363,457
612,45102,3114.761235976433,-2556.1888928000558,0.73669861856025687,363,457
613,45191,3140.227865600642,-2619.8655248620171,0.73633026925097678,363,457
614,45191,3054.5425905334209,-2687.520060752006,0.73596210411635132,363,457
615,45145,3188.829942119778,-2545.890502296897,0.73559412306429317,363,457
616,45164,3172.2952392752891,-2565.9217386660021,0.73522632600276105,363,457
617,45026,3029.5261373824428,-2543.3627141662951,0.73485871283975968,616,457
618,45099,3044.7748662409408,-2604.4090598617859,0.73449128348333981,616,457
619,45103,2983.7918938746161,-2558.090102778805,0.73412403784159819,616,457
620,45107,3104.8214720448532,-2539.783676236319,0.7337569758226774,616,457
621,45126,3148.9066568016679,-2652.7168273645311,0.73339009733476612,616,457
622,45116,3117.1909413885719,-2540.2989132868061,0.73302340228609875,616,457
623,45080,3121.1562072205529,-2517.854954062158,0.73265689058495576,616,457
624,45173,3250.3582063753111,-2704.5485766668571,0.73229056213966337,616,457
625,45193,3271.597043751452,-2669.480372915812,0.73192441685859355,616,457
626,45124,3211.710401137223,-2546.5338738088521,0.73155845465016434,616,457
627,45228,3269.3159332729469,-2629.5158245619382,0.73119267542283928,616,457
628,45211,3233.851182830188,-2659.7713379069951,0.7308270790851279,616,457
629,45153,3116.9452818181539,-2579.1075273480442,0.73046166554558534,616,457
630,45140,3203.1232443143722,-2593.5260548795632,0.7300964347128126,616,457
631,45191,3199.9868343876278,-2598.2895879128291,0.72973138649545621,616,457
632,45178,3190.400569512411,-2618.3978748073,0.72936652080220854,616,457
633,45119,3086.8754256637772,-2582.0807849977659,0.72900183754180747,616,457
634,45175,3120.9028353652652,-2687.6859544678418,0.72863733662303665,616,457
635,45171,3109.988427943129,-2584.6301447472611,0.72827301795472521,616,457
636,45164,3195.5519818550042,-2549.1084911876651,0.72790888144574784,616,457
637,45123,3154.2302174764131,-2468.1438163091088,0.72754492700502504,616,457
638,45194,3272.799010991087,-2613.0623518233838,0.72718115454152255,616,457
639,45161,3211.8397696061138,-2719.8305480587069,0.72681756396425179,616,457
640,45215,3145.443092263366,-2641.4944356008859,0.72645415518226975,616,457
641,45134,3034.2659605801591,-2675.7994430955,0.72609092810467868,616,457
642,45089,3029.9790860931571,-2525.0270054679472,0.72572788264062638,616,457
643,45141,3184.7505324961089,-2671.8195370357671,0.72536501869930614,616,457
644,45169,3240.5097218626011,-2647.4769821501409,0.72500233618995658,616,457
645,45100,3105.62393680282,-2562.4939138046552,0.72463983502186169,616,457
646,45152,3236.408865900597,-2570.1100407873359,0.72427751510435079,616,457
647,45148,3171.377983339908,-2676.4212448619801,0.7239153763467987,616,457
648,45060,3113.5353141039668,-2515.4660694103968,0.72355341865862532,616,457
649,45199,3194.1604775949559,-2714.644418021524,0.72319164194929608,616,457
650,45208,3224.0197704734492,-2654.829862006874,0.72283004612832147,616,457
651,45084,3095.142955159396,-2508.9753151744699,0.72246863110525739,616,457
652,45103,3052.293916568015,-2613.771447486693,0.72210739678970481,616,457
653,45114,3092.748418771595,-2480.870196554793,0.72174634309131003,616,457
654,45127,3133.9175303948332,-2505.6502049790811,0.72138546991976438,616,457
655,45148,3144.5794089639762,-2639.511826355299,0.72102477718480451,616,457
656,45119,2992.2461187606118,-2614.1643072685738,0.72066426479621215,616,457
657,45113,3178.4687221684389,-2513.1917314461421,0.72030393266381409,616,457
658,45201,3189.6775289023012,-2590.450091824257,0.71994378069748222,616,457
659,45084,3117.090644992119,-2508.3868043020052,0.71958380880713346,616,457
660,45130,3063.5496631758401,-2632.5499755255191,0.71922401690272997,616,457
661,45153,3041.122209098839,-2726.0219215061688,0.71886440489427861,616,457
662,45219,3244.799388211065,-2567.6804350859679,0.71850497269183156,616,457
663,45189,3202.4585444936711,-2755.552599549007,0.71814572020548573,616,457
664,45134,3135.6234918147688,-2635.900944981106,0.717786647345383,616,457
665,45081,3152.5895891620362,-2464.373531777539,0.71742775402171033,616,457
666,45128,3258.329174540077,-2505.3875504980128,0.71706904014469952,616,457
667,45251,3342.1705993479432,-2679.5560829174169,0.71671050562462724,616,457
668,45109,3113.9617642946041,-2532.7247794473078,0.71635215037181499,616,457
669,45219,3267.231657849045,-2692.173624342659,0.71599397429662914,616,457
670,45176,3127.1223710582049,-2648.4814586766752,0.71563597730948092,616,457
671,45107,3106.8977711591901,-2548.2041055675891,0.71527815932082617,616,457
672,45172,3310.7792928725639,-2686.4102923205492,0.71492052024116581,616,457
673,45109,3045.29631939623,-2569.8672431908162,0.7145630599810453,616,457
674,45236,3221.7869921563729,-2576.979453444188,0.71420577845105482,616,457
675,45173,3232.664367154031,-2629.4703691491841,0.71384867556182929,616,457
676,45122,3093.013825634504,-2577.3393824389641,0.7134917512240484,616,457
677,45115,3078.3620678231091,-2585.9043409080259,0.71313500534843643,616,457
678,45150,3067.2835342131052,-2677.5853384867501,0.71277843784576222,616,457
679,45195,3213.3951138566972,-2663.2693193778518,0.71242204862683933,616,457
680,45123,3114.5628710999372,-2521.8279666738522,0.71206583760252595,616,457
681,45129,3119.0951687905481,-2589.1646374663292,0.71170980468372469,616,457
682,45122,3014.0747131668691,-2520.3869434175531,0.71135394978138289,616,457
683,45178,3160.1542826471132,-2583.5192452903138,0.71099827280649219,616,457
684,45030,2999.0102840411619,-2582.2002322071912,0.71064277367008899,616,457
685,45093,3208.0853504162128,-2608.600300311376,0.71028745228325396,616,457
686,45167,3116.395692343232,-2616.674319635345,0.70993230855711242,616,457
687,45156,3086.2066990490662,-2748.358631802002,0.70957734240283388,616,457
688,45141,3116.4529408853932,-2594.358391501808,0.70922255373163245,616,457
689,45132,3143.4605400004011,-2565.1895123318941,0.7088679424547667,616,457
690,45114,3127.0972180827139,-2662.733701579346,0.70851350848353933,616,457
691,45207,3234.2910831456279,-2780.1856496115188,0.70815925172929761,616,457
692,45179,3200.5165136845189,-2742.4839307984821,0.70780517210343297,616,457
693,45162,3191.479623781855,-2571.8288567736072,0.70745126951738124,616,457
694,45096,3070.5717026106022,-2548.549836306559,0.70709754388262258,616,457
695,45209,3283.192542531292,-2622.3707413352722,0.70674399511068131,616,457
696,45190,3147.7482206148929,-2640.4688201273389,0.70639062311312606,616,457
697,45133,3207.2262056960321,-2673.2464069696239,0.70603742780156953,616,457
698,45225,3120.690296752497,-2676.2346454585931,0.70568440908766883,616,457
699,45112,3074.919951903828,-2628.1223641775941,0.70533156688312504,616,457
700,45114,3136.091636297429,-2584.8148329014289,0.70497890109968353,616,457
701,45145,3057.9158163532179,-2609.2984687355051,0.70462641164913375,616,457
702,45107,3178.6275392443931,-2615.2709967015649,0.70427409844330924,616,457
703,45201,3227.248241145533,-2680.626806028607,0.70392196139408758,616,457
704,45196,3113.3231734816459,-2576.95800747869,0.70357000041339057,616,457
705,45086,3043.991819529494,-2460.74350805527,0.70321821541318397,616,457
706,45149,3163.8235947302278,-2597.2231820953111,0.70286660630547737,616,457
707,45107,3188.08608293011,-2531.8234450583391,0.70251517300232469,616,457
708,45093,3143.3964882919099,-2590.9910164508428,0.70216391541582357,616,457
709,45130,3147.2161738928321,-2566.3336157448539,0.70181283345811574,616,457
710,45165,3042.758493032105,-2673.4621451977018,0.70146192704138677,616,457
711,45148,3072.2935894645998,-2663.162440683207,0.70111119607786609,616,457
712,45154,3175.241981067174,-2603.526799803165,0.70076064047982722,616,457
713,45173,3175.519725180664,-2612.4545239011632,0.70041026015958729,616,457
714,45109,3120.1245936949208,-2525.4043145933392,0.70006005502950752,616,457
715,45121,3061.6899800379661,-2566.392260702924,0.69971002500199275,616,457
716,45092,3066.5721280126049,-2578.3369507874941,0.6993601699894918,616,457
717,45114,3054.895755303814,-2624.603062462199,0.6990104899044971,616,457
718,45121,3198.1197805887941,-2476.7620146655509,0.69866098465954485,616,457
719,45144,3116.9199460960222,-2719.5630954390581,0.69831165416721508,616,457
720,45131,3160.8404869893088,-2544.4734377642289,0.69796249834013147,616,457
721,45194,3206.1681265898151,-2628.8068660340532,0.69761351709096142,616,457
722,45202,3189.0814675515821,-2559.7695096979828,0.69726471033241599,616,457
723,45172,3200.0294157368498,-2688.3384458956411,0.69691607797724986,616,457
724,45125,3156.8638603477398,-2602.1000445561472,0.69656761993826122,616,457
725,45064,3044.7642230259671,-2483.7082204038702,0.69621933612829212,616,457
726,45109,3124.7620741070009,-2767.0630806201871,0.69587122646022803,616,457
727,45098,3101.759313907698,-2521.1958545267471,0.69552329084699793,616,457
728,45100,3078.1721415271222,-2598.7487790910141,0.69517552920157444,616,457
729,45136,3141.4125937661911,-2627.939146587536,0.69482794143697368,616,457
730,45075,3074.886919459374,-2496.9422793382728,0.69448052746625522,616,457
731,45132,3208.0895813731809,-2568.818174259879,0.6941332872025221,616,457
732,45104,3060.6218112311781,-2562.225407112654,0.69378622055892092,616,457
733,45207,3201.789216378424,-2649.5214755908678,0.69343932744864145,616,457
734,45196,3142.164863416122,-2711.629950710008,0.69309260778491721,616,457
735,45173,3122.7799275436541,-2555.4975302041912,0.6927460614810248,616,457
736,45117,3064.8885324622279,-2633.5951789524338,0.69239968845028432,616,457
737,45156,3131.4544592378111,-2594.8833328160708,0.6920534886060592,616,457
738,45164,3187.154514976356,-2708.5612872878,0.69170746186175625,616,457
739,45105,3059.9199884224108,-2602.6667858077558,0.69136160813082537,616,457
740,45129,3088.0094755174941,-2552.97723384748,0.69101592732675998,616,457
741,45140,3224.901352296873,-2601.3333460283789,0.69067041936309659,616,457
742,45083,3140.1242846780192,-2593.52810307964,0.69032508415341509,616,457
743,45141,3026.2247646281298,-2635.3144367218538,0.68997992161133848,616,457
744,45081,3084.842044899161,-2482.786694699987,0.6896349316505328,616,457
745,45092,3076.7132039800581,-2573.5242163948801,0.68929011418470754,616,457
746,45147,3124.0231552042492,-2664.420363635656,0.68894546912761523,616,457
747,45134,3140.961682643489,-2633.0071089412031,0.6886009963930515,616,457
748,45082,3111.7621450066908,-2578.6924903640029,0.68825669589485505,616,457
749,45140,3139.377808996524,-2612.391137432699,0.68791256754690766,616,457
750,45171,3148.9748246883,-2703.5007900528981,0.68756861126313429,616,457
751,45057,3012.7462453611861,-2521.1997572043019,0.68722482695750275,616,457
752,45132,3083.35623224749,-2578.9817368826239,0.68688121454402407,616,457
753,45206,3190.6093576114909,-2617.6503585572868,0.68653777393675208,616,457
754,45090,3074.8207155382088,-2522.226633544783,0.68619450504978374,616,457
755,45103,3046.462353539212,-2537.2800097245372,0.68585140779725884,616,457
756,45153,3174.4723329648959,-2756.2288078311381,0.68550848209336024,616,457
757,45091,3060.455462783872,-2582.1730469586741,0.68516572785231356,616,457
758,45113,3067.0818994603469,-2607.6064030971729,0.68482314498838748,616,457
759,45064,3005.0692135315289,-2566.8332335788632,0.68448073341589333,616,457
760,45127,3141.458446457541,-2587.078560071122,0.68413849304918539,616,457
761,45126,3186.3842307946729,-2626.130538891663,0.68379642380266081,616,457
762,45137,3078.7866595674791,-2543.1665516243638,0.68345452559075948,616,457
763,45142,3069.9046895335132,-2593.52257878307,0.68311279832796412,616,457
764,45092,3125.6450590636941,-2723.6226415607921,0.68277124192880023,616,457
765,45112,3183.6734204662071,-2532.9224744810958,0.68242985630783592,616,457
766,45093,3030.915955331594,-2604.199233951651,0.68208864137968206,616,457
767,45120,3151.4609284692019,-2604.2693756649978,0.68174759705899224,616,457
768,45176,3133.3443720655669,-2584.623064246503,0.68140672326046281,616,457
769,45092,3102.526944762667,-2563.0919317213152,0.68106601989883264,616,457
770,45156,3167.1842821738078,-2537.793057611796,0.68072548688888324,616,457
771,45039,3078.8617513055451,-2484.1512544075231,0.68038512414543884,616,457
772,45096,3095.1525032621498,-2624.20070543873,0.68004493158336621,616,457
773,45119,3111.8158686493998,-2562.4337834967309,0.67970490911757453,616,457
774,45081,3031.240143156268,-2543.3883504339442,0.67936505666301583,616,457
775,45087,3035.1682068207019,-2591.6653260865291,0.67902537413468433,616,457
776,45148,3103.9231781675312,-2576.9650231550249,0.678685861447617,616,457
777,45040,3089.057426581654,-2453.6484686191311,0.6783465185168932,616,457
778,45165,3198.6621830272879,-2617.4287107028958,0.67800734525763484,616,457
779,45110,3129.4102136947872,-2566.5600397454618,0.67766834158500611,616,457
780,45159,3168.2859943820472,-2746.118246111726,0.67732950741421361,616,457
781,45097,3059.1287640650698,-2581.7624651295168,0.67699084266050658,616,457
782,45104,3103.3382118852769,-2535.4354389264131,0.67665234723917633,616,457
783,45059,2986.036044712333,-2613.114443381221,0.67631402106555683,616,457
784,45098,3118.247736527243,-2558.198829844368,0.67597586405502408,616,457
785,45170,3101.9142632538219,-2707.3051628773769,0.67563787612299664,616,457
786,45128,3070.2390705442181,-2730.1324180950128,0.67530005718493513,616,457
787,45113,3131.6437949966298,-2577.2856052876159,0.6749624071563427,616,457
788,45136,3096.7751303439518,-2632.1457586828178,0.67462492595276458,616,457
789,45095,2991.2648806133702,-2556.211463922376,0.67428761348978827,616,457
790,45164,3113.10964104616,-2642.7268333945922,0.6739504696830434,616,457
791,45105,3132.290547326972,-2530.7982009188099,0.67361349444820195,616,457
792,45076,3092.6130050080901,-2572.6575479589669,0.67327668770097793,616,457
793,45145,3131.0015815728252,-2637.5533858286399,0.67294004935712748,616,457
794,45059,2975.992226094078,-2565.3976689524961,0.67260357933244896,616,793
795,45102,3094.911373271575,-2505.108018372634,0.67226727754278282,616,793
796,45059,3022.5968500415752,-2594.0497856080251,0.67193114390401143,616,793
797,45094,3054.04727128278,-2624.1748111896609,0.67159517833205951,616,793
798,45090,3076.983721986544,-2732.5624159918721,0.67125938074289349,616,793
799,45104,3052.097112836449,-2516.7889290873682,0.67092375105252211,616,793
800,45071,3095.7617667509362,-2611.637241914184,0.67058828917699587,616,793
801,45105,3138.1406722741672,-2497.4563441866139,0.67025299503240743,616,793
802,45097,3100.6060760350611,-2448.513016450946,0.66991786853489121,616,793
803,45142,3136.2636097594382,-2587.4463166427931,0.66958290960062383,616,793
804,45160,3127.9169652229511,-2641.9803409724891,0.66924811814582352,616,793
805,45148,3190.3733595282288,-2520.150370050967,0.6689134940867506,616,793
806,45086,3014.922779579083,-2608.322726703801,0.66857903733970725,616,793
807,45191,3051.433681929791,-2591.4716842762068,0.66824474782103749,616,793
808,45084,3045.0285629813552,-2556.686026535408,0.66791062544712698,616,793
809,45132,3149.5571678229198,-2577.5883669238642,0.66757667013440347,616,793
810,45046,3088.0354998472981,-2538.7362919129919,0.66724288179933633,616,793
811,45154,3108.7181545716539,-2541.6312067526928,0.66690926035843667,616,793
812,45172,3075.52653845752,-2641.805129718156,0.66657580572825748,616,793
813,45015,2932.3998039266789,-2503.286962808103,0.66624251782539334,812,812
814,45192,3233.3097363562019,-2584.5284271066671,0.66590939656648074,812,812
815,45118,3133.1159087912852,-2599.2004738310138,0.66557644186819753,812,812
816,45155,3038.2174724811489,-2612.0679588439561,0.66524365364726346,812,812
817,45090,3109.5734593172551,-2617.1021517492231,0.66491103182043987,812,812
818,45108,3118.3234228160791,-2554.0997747013521,0.66457857630452966,812,812
819,45159,3136.8859710377978,-2773.5113657275228,0.66424628701637745,812,812
820,45157,3209.392023434365,-2659.5069815390862,0.66391416387286928,812,812
821,45129,3134.7442343641428,-2561.8151661115721,0.66358220679093283,812,812
822,45135,3114.1241746948631,-2653.510096533751,0.6632504156875374,812,812
823,45143,3306.6022571703588,-2573.6446695504692,0.66291879047969371,812,812
824,45122,3138.3262152536081,-2655.0603060324188,0.66258733108445389,812,812
825,45211,3138.289042312359,-2680.1529990398958,0.6622560374189117,812,812
826,45040,3046.953740811357,-2564.7006637208651,0.66192490940020232,812,812
827,45072,3090.2148875828252,-2592.8192882087192,0.66159394694550222,812,812
828,45148,3102.253042904922,-2579.9198494195002,0.66126314997202951,812,812
829,45108,3127.7276515833,-2733.4062871251881,0.66093251839704348,812,812
830,45111,3159.043770004098,-2635.150004161163,0.66060205213784495,812,812
831,45063,3024.2065191472589,-2571.3795607584998,0.66027175111177605,812,812
832,45111,3108.1683265191432,-2514.2017920302892,0.65994161523622019,812,812
833,45191,3265.5168183810069,-2614.244314359828,0.6596116444286021,812,812
834,45112,3104.718259755949,-2568.142986499131,0.65928183860638778,812,812
835,45095,3096.1881516210492,-2558.6102235551439,0.65895219768708457,812,812
836,45128,3037.0875095165288,-2622.226103229686,0.65862272158824109,812,812
837,45107,3084.6072912348809,-2544.8604414875249,0.65829341022744703,812,812
838,45128,3083.1292139387342,-2538.3081715451799,0.65796426352233339,812,812
839,45145,3183.1259737545379,-2562.4421243712509,0.65763528139057226,812,812
840,45135,3120.411904136969,-2648.3612322425029,0.657306463749877,812,812
841,45089,3060.9496820038812,-2577.6449874599311,0.65697781051800208,812,812
842,45086,3120.1228652924451,-2624.5625339344069,0.65664932161274314,812,812
843,45110,3120.127118677452,-2506.1494364563951,0.6563209969519368,812,812
844,45101,3144.0076737175532,-2630.3614387534458,0.65599283645346085,812,812
845,45064,3020.3785753358711,-2470.029566085549,0.65566484003523418,812,812
846,45061,3061.6277697288492,-2572.7669040392202,0.65533700761521663,812,812
847,45103,3130.6696330518598,-2558.8663102325081,0.65500933911140902,812,812
848,45139,3131.8913417766521,-2635.9985317708711,0.65468183444185335,812,812
849,45218,3180.1331528697851,-2679.91569547667,0.65435449352463249,812,812
850,45163,3126.8913905532791,-2690.4620818298108,0.65402731627787025,812,812
851,45105,3106.8770788461488,-2534.6127967505972,0.65370030261973133,812,812
852,45151,3105.6778222414432,-2612.382882159884,0.65337345246842149,812,812
853,45121,3076.5072764579372,-2549.348776803678,0.65304676574218734,812,812
854,45099,3077.6484743124702,-2618.5635876976598,0.65272024235931625,812,812
855,45116,3150.552772066007,-2505.6468701182539,0.65239388223813666,812,812
856,45091,3137.4874431191279,-2573.2912158520348,0.65206768529701764,812,812
857,45148,3038.5924132917089,-2557.7391815011579,0.65174165145436913,812,812
858,45091,3065.520896842273,-2604.2111687884112,0.65141578062864203,812,812
859,45083,3134.3320880227939,-2586.015292630475,0.65109007273832775,812,812
860,45096,3155.8454112514519,-2589.9343434352322,0.65076452770195858,812,812
861,45164,3178.8416029217601,-2712.2435301999772,0.65043914543810766,812,812
862,45095,3205.4054441296439,-2514.7259540546738,0.65011392586538863,812,812
863,45118,3188.97703471573,-2587.7354376542289,0.64978886890245602,812,812
864,45085,3035.36857314702,-2506.2641087490611,0.64946397446800486,812,812
865,45108,3140.1604904884289,-2510.190038768751,0.64913924248077093,812,812
866,45148,3155.6689473427682,-2594.4303364745929,0.64881467285953054,812,812
867,45091,3184.9370686864609,-2561.0074202830829,0.64849026552310085,812,812
868,45050,3002.6144475270589,-2573.276067127455,0.64816602039033933,812,812
869,45105,3056.2947147578939,-2451.284921566124,0.64784193738014417,812,812
870,45246,3145.428505494544,-2701.2782395869408,0.64751801641145412,812,812
871,45095,3057.824182517259,-2545.559237947517,0.64719425740324843,812,812
872,45138,3102.6161394247201,-2636.2385335172812,0.64687066027454687,812,812
873,45141,3100.4989064196552,-2656.849993589205,0.64654722494440964,812,812
874,45199,3131.3329210335642,-2635.7378991642372,0.64622395133193744,812,812
875,45128,3103.8795999229301,-2530.267232211288,0.64590083935627152,812,812
876,45068,3137.8495025345051,-2550.9474925546378,0.6455778889365934,812,812
877,45066,3056.132990535833,-2531.9375024924948,0.64525509999212516,812,812
878,45162,3071.7923131386042,-2591.874949010109,0.64493247244212915,812,812
879,45087,3089.9695531654311,-2671.7971518401082,0.64461000620590814,812,812
880,45093,3042.712185340466,-2561.145650529269,0.64428770120280521,812,812
881,45176,3183.2198079307009,-2572.8278653361981,0.64396555735220384,812,812
882,45095,2987.945045554181,-2554.5649134134792,0.64364357457352783,812,812
883,45073,3075.2608763193271,-2603.8955665393792,0.64332175278624115,812,812
884,45071,3059.8766725546861,-2508.776341474088,0.64300009190984808,812,812
885,45134,3094.4835332715811,-2596.7597525451401,0.6426785918638932,812,812
886,45117,3150.441789517693,-2520.2767926161468,0.64235725256796128,812,812
887,45163,3059.2988842281989,-2694.0166263631272,0.64203607394167739,812,812
888,45079,3059.4600726182121,-2554.6657705275652,0.64171505590470657,812,812
889,45223,3233.6717128794448,-2709.773861283119,0.64139419837675427,812,812
890,45059,3067.397569811505,-2510.2416391644601,0.6410735012775659,812,812
891,45124,3083.1089715404391,-2603.1214470063478,0.6407529645269272,812,812
892,45086,3121.2763009129089,-2523.565591224728,0.64043258804466374,812,812
893,45091,3160.883690115741,-2543.730784847568,0.6401123717506414,812,812
894,45109,3119.0077834518538,-2617.4015892583279,0.63979231556476612,812,812
895,45060,3093.3335864214009,-2449.592598922367,0.63947241940698374,812,812
896,45113,3094.8106815325391,-2604.1872190383601,0.63915268319728025,812,812
897,45126,3052.51541971302,-2543.0495700211432,0.63883310685568162,812,812
898,45186,3207.2661001610272,-2692.4438854709579,0.6385136903022538,812,812
899,45065,3095.4188248747978,-2642.3958415852571,0.63819443345710269,812,812
900,45115,3125.6051603292321,-2590.7376291892201,0.63787533624037418,812,812
901,45100,3186.8005467185189,-2584.9241750306542,0.63755639857225399,812,812
902,45115,3073.55115510216,-2585.0864961474349,0.63723762037296794,812,812
903,45140,3162.7006765149558,-2635.0285413056549,0.63691900156278147,812,812
904,45125,3102.4781542075239,-2645.913924653496,0.63660054206200012,812,812
905,45062,3027.7106504168901,-2594.1514161016521,0.63628224179096915,812,812
906,45082,3070.45797423657,-2497.3951880392669,0.6359641006700737,812,812
907,45024,2965.843699826155,-2531.3594013640509,0.63564611861973874,812,812
908,45139,3107.352563156147,-2687.2122750214421,0.63532829556042891,812,812
909,45056,3005.7380153931449,-2521.4461720436361,0.63501063141264869,812,812
910,45116,3090.4919843547432,-2608.4250324026598,0.63469312609694239,812,812
911,45105,2952.7905831778139,-2649.2389181287649,0.63437577953389401,812,812
912,45082,3065.6454608038071,-2485.0000583158089,0.63405859164412715,812,812
913,45093,3033.3345959245398,-2586.798200620341,0.63374156234830514,812,812
914,45056,3111.9657782942518,-2582.3777128617212,0.63342469156713099,812,812
915,45109,3086.5000921267811,-2567.8692134701691,0.63310797922134743,812,812
916,45071,3062.7806702752919,-2563.0057589686189,0.63279142523173681,812,812
917,45119,3158.499651661336,-2471.7895971269299,0.63247502951912093,812,812
918,45124,3157.839525282498,-2647.4766220733532,0.63215879200436143,812,812
919,45149,3130.1364834306619,-2591.0512590174958,0.63184271260835922,812,812
920,45086,3129.678206329269,-2581.2948997999379,0.63152679125205513,812,812
921,45104,3191.0390761579902,-2531.6739119326462,0.63121102785642913,812,812
922,45102,3035.193418997515,-2592.5300455139768,0.63089542234250096,812,812
923,45159,3054.4345951219311,-2606.1351655973772,0.63057997463132975,812,812
924,45064,3057.5876401434148,-2599.142462486664,0.63026468464401408,812,812
925,45098,3026.5319514793432,-2485.293134056843,0.62994955230169214,812,812
926,45113,3175.4261086760712,-2530.6826167592831,0.62963457752554131,812,812
927,45074,2999.4062382252018,-2639.7517763474189,0.6293197602367786,812,812
928,45072,3013.524543220316,-2550.943040767364,0.62900510035666024,812,812
929,45101,3047.3080318396019,-2550.7994129279268,0.62869059780648195,812,812
930,45100,3120.8267405737952,-2499.242390527485,0.62837625250757878,812,812
931,45152,3174.3232860111848,-2643.290827709417,0.62806206438132506,812,812
932,45125,3141.5272338622981,-2582.1019182530831,0.62774803334913443,812,812
933,45134,3028.5416632421679,-2584.1575942251052,0.62743415933245994,812,812
934,45101,2947.9788790489788,-2607.243377807642,0.62712044225279373,812,812
935,45100,3046.2523388250802,-2581.4265968862792,0.62680688203166735,812,812
936,45095,3095.1967972668731,-2547.1776835865321,0.62649347859065152,812,812
937,45220,3166.5291860974912,-2745.7297240776952,0.62618023185135618,812,812
938,45144,3144.6248334595898,-2537.599216692181,0.62586714173543057,812,812
939,45176,3112.3940685695961,-2664.118074151485,0.62555420816456286,812,812
940,45079,3043.9105737292289,-2547.086500091169,0.62524143106048058,812,812
941,45058,3022.6436156893692,-2540.982899808283,0.6249288103449504,812,812
942,45118,3091.1510341728608,-2556.2112220163381,0.62461634593977799,812,812
943,45082,3066.79882307565,-2663.4147073773588,0.6243040377668081,812,812
944,45119,3127.497813926987,-2559.9285217873712,0.62399188574792475,812,812
945,45119,3199.613605871205,-2562.6328848038811,0.62367988980505085,812,812
946,45103,3134.699389528852,-2587.0151833513391,0.62336804986014838,812,812
947,45049,2964.0241327087952,-2466.8202038933819,0.62305636583521828,812,812
948,45113,3027.0618531188679,-2542.5608116683889,0.62274483765230071,812,812
949,45190,3247.568245934393,-2671.551629977841,0.62243346523347465,812,812
950,45084,3084.0091004665901,-2624.8651057971051,0.62212224850085796,812,812
951,45090,3036.166202825038,-2550.9316528045588,0.62181118737660757,812,812
952,45067,3079.5683421204481,-2578.2674475900531,0.62150028178291927,812,812
953,45053,2983.2587325916529,-2550.4757545175189,0.62118953164202784,812,812
954,45095,3069.2320853765941,-2576.8933313612738,0.62087893687620688,812,812
955,45037,3058.7649086022579,-2566.784723239055,0.62056849740776876,812,812
956,45126,3149.4004477490621,-2612.0346141224031,0.62025821315906493,812,812
957,45067,3135.0471253487431,-2579.4791764196279,0.61994808405248547,812,812
958,45107,3175.671311084674,-2522.867921048804,0.61963811001045921,812,812
959,45039,3089.9579695988782,-2481.6306582454722,0.61932829095545405,812,812
960,45101,3151.3359665246762,-2558.5825702055199,0.61901862680997632,812,812
961,45015,3055.0332813121508,-2472.2620020810682,0.61870911749657143,812,812
962,45130,3214.405817303968,-2521.468033538355,0.61839976293782317,812,812
963,45120,3021.7377836678561,-2682.8828070951499,0.61809056305635435,812,812
964,45114,3148.795525625987,-2542.263342423541,0.61778151777482615,812,812
965,45087,3089.607605307609,-2485.3367549264121,0.61747262701593875,812,812
966,45147,3132.309398436179,-2654.752834856823,0.61716389070243083,812,812
967,45072,3049.9129684107729,-2520.804976359017,0.61685530875707961,812,812
968,45107,3079.3573534805651,-2597.0244213449068,0.61654688110270106,812,812
969,45098,3120.8354480504181,-2629.6631477927558,0.61623860766214977,812,812
970,45139,3188.89767581662,-2616.0460796551588,0.61593048835831876,812,812
971,45120,3192.320747744081,-2523.9670675776529,0.61562252311413967,812,812
972,45113,3158.8335815490691,-2604.4342872620268,0.61531471185258269,812,812
973,45059,3032.9803927743369,-2498.617310054738,0.61500705449665638,812,812
974,45024,2944.7382282565582,-2558.9190653316668,0.61469955096940809,812,812
975,45062,3040.746105611162,-2543.5767410525668,0.61439220119392346,812,812
976,45144,3103.888002257891,-2699.895216411056,0.61408500509332653,812,812
977,45109,3103.7317956700772,-2511.652442619466,0.61377796259077988,812,812
978,45053,2971.2087647201688,-2502.5809390791228,0.6134710736094845,812,812
979,45163,3103.4654474178578,-2640.811286709898,0.61316433807267978,812,812
980,45088,3257.927433518837,-2629.315902020473,0.61285775590364344,812,812
981,45118,3157.7145797327539,-2544.2961042967308,0.61255132702569171,812,812
982,45095,3079.9972290512251,-2680.4409519767678,0.61224505136217888,812,812
983,45100,2969.3283842524752,-2590.8513899352361,0.61193892883649781,812,812
984,45042,3054.8601942352652,-2482.8581885610861,0.61163295937207962,812,812
985,45108,3101.924098135848,-2529.0236648401801,0.61132714289239365,812,812
986,45068,2995.2932782488269,-2580.8143936758161,0.61102147932094752,812,812
987,45124,3155.0211695799148,-2602.2517323964989,0.61071596858128707,812,812
988,45119,3017.600231730818,-2638.468384218445,0.61041061059699642,812,812
989,45049,3078.3660312870779,-2447.3362212734701,0.61010540529169799,812,812
990,45092,3035.4229474183662,-2535.43538749752,0.60980035258905219,812,812
991,45049,2988.3537762186061,-2559.956425592919,0.60949545241275771,812,812
992,45105,3106.138372798182,-2653.1971098509212,0.60919070468655134,812,812
993,45057,3182.340504968749,-2540.8692085577072,0.60888610933420806,812,812
994,45022,2955.3881427399888,-2473.0048928543119,0.60858166627954102,812,812
995,45064,2990.1564026586079,-2535.0014328265852,0.60827737544640126,812,812
996,45079,3040.000469308864,-2533.0144305432068,0.60797323675867809,812,812
997,45127,3094.011049681319,-2593.1200948735432,0.60766925014029882,812,812
998,45056,3040.9824712000791,-2500.781231659133,0.60736541551522871,812,812
999,45070,3063.488319345121,-2667.9107568562322,0.60706173280747111,812,812
1000,45096,3068.0738406074502,-2591.281512638745,0.60675820194106744,812,812
1001,45085,3039.125625248641,-2517.4169366060719,0.606454822840097,812,812
1002,45156,3153.750819835011,-2616.511723073535,0.60615159542867703,812,812
1003,45154,3043.3188775485928,-2663.4451696009501,0.60584851963096276,812,812
1004,45165,3077.2315741658572,-2617.5897174764309,0.60554559537114727,812,812
1005,45158,3079.5112850040882,-2656.7220837275131,0.60524282257346174,812,812
1006,45039,3014.7259587829758,-2539.1678038834739,0.60494020116217506,812,812
1007,45148,3126.6857691850282,-2645.1072066325401,0.60463773106159402,812,812
1008,45101,3124.8344758980688,-2554.6566532049969,0.60433541219606324,812,812
1009,45109,3189.3183802389631,-2523.7249612600999,0.6040332444899652,812,812
1010,45073,3051.73442327363,-2575.9594117674428,0.60373122786772027,812,812
1011,45068,2965.950017488346,-2486.9910653407928,0.60342936225378641,812,812
1012,45108,2997.7318965442009,-2568.511275428616,0.60312764757265958,812,812
1013,45132,3175.4445404448479,-2579.86107303057,0.60282608374887325,812,812
1014,45089,3128.346832188126,-2555.696145238393,0.60252467070699889,812,812
1015,45069,3011.439492343266,-2494.0294017072401,0.60222340837164545,812,812
1016,45158,3127.043729596096,-2708.7816968303141,0.60192229666745967,812,812
1017,45096,3023.64434125977,-2600.7362386059049,0.601621335519126,812,812
1018,45175,3067.6015315768218,-2553.0271992470921,0.60132052485136644,812,812
1019,45045,3029.1106817677069,-2438.090495440003,0.60101986458894074,812,812
1020,45157,3235.64387133434,-2635.9502921653129,0.60071935465664628,812,812
1021,45077,3008.28848236778,-2614.3654217238591,0.60041899497931794,812,812
1022,45148,3157.5070903841952,-2630.3393251231741,0.60011878548182829,812,812
1023,45138,3198.4291826408098,-2647.4976562243419,0.59981872608908737,812,812
1024,45040,3076.4888094226881,-2514.3994960767359,0.5995188167260429,812,812
1025,45188,3183.8429134899129,-2705.3359198744538,0.59921905731767988,812,812
1026,45106,3145.2262087642921,-2531.0056353819532,0.59891944778902106,812,812
1027,45162,3172.6391900113822,-2680.2114961683101,0.59861998806512662,812,812
1028,45064,3000.817089381289,-2490.1719828184132,0.59832067807109413,812,812
1029,45053,3099.1993222141791,-2564.4519898395638,0.59802151773205858,812,812
1030,45131,3124.8766115015751,-2657.630230685023,0.59772250697319262,812,812
1031,45137,3083.6465991537698,-2560.084461679076,0.59742364571970608,812,812
1032,45149,3200.9435419863312,-2646.0858785592218,0.59712493389684629,812,812
1033,45169,3218.7208601341072,-2628.7718406239051,0.59682637142989792,812,812
1034,45106,3114.259558430329,-2512.7157136968531,0.59652795824418303,812,812
1035,45054,3030.440381096807,-2488.299590391834,0.59622969426506101,812,812
1036,45065,3089.1864644556622,-2601.736441154153,0.59593157941792851,812,812
1037,45101,3068.4905858501588,-2571.001698436115,0.59563361362821954,812,812
1038,45135,3053.81427999979,-2561.381360996591,0.59533579682140547,812,812
1039,45121,3136.9489730123951,-2549.2009266619912,0.59503812892299479,812,812
1040,45081,3109.931321781301,-2633.7330454520902,0.59474060985853328,812,812
1041,45029,3020.5413293154061,-2500.471053617272,0.59444323955360401,812,812
1042,45103,3150.05289099642,-2499.4840011847168,0.59414601793382726,812,812
1043,45118,3203.133183566275,-2530.9646173567698,0.5938489449248604,812,812
1044,45156,3141.680681751428,-2631.317151061126,0.59355202045239797,812,812
1045,45128,3082.241418171845,-2586.9773695745498,0.59325524444217181,812,812
1046,45070,3048.1222115742289,-2440.3372775809539,0.59295861681995077,812,812
1047,45090,3122.4889151600319,-2609.3043844862941,0.59266213751154084,812,812
1048,45058,3089.0896701621268,-2515.276443434363,0.59236580644278514,812,812
1049,45104,3069.3986232358029,-2554.9452001733589,0.59206962353956383,812,812
1050,45065,3006.1368598775221,-2638.7180544795442,0.59177358872779406,812,812
1051,45103,3013.9742209532719,-2500.8745093674252,0.59147770193343019,812,812
1052,45113,3084.6614007309272,-2621.587836155883,0.59118196308246351,812,812
1053,45100,3137.5989351196199,-2519.575128799826,0.59088637210092232,812,812
1054,44995,2973.8040049594701,-2533.3668459304431,0.59059092891487186,1053,812
1055,45041,3038.4101259298059,-2477.9298823588861,0.59029563345041447,1053,812
1056,45107,3119.2320082264569,-2542.678114392872,0.59000048563368934,1053,812
1057,45064,3096.329413701214,-2363.7569466145342,0.58970548539087253,1053,812
1058,45124,3044.5296287355218,-2722.2681381126108,0.58941063264817717,1053,812
1059,45111,3099.417800232015,-2570.8811365742558,0.58911592733185314,1053,812
1060,45104,3003.1231947601618,-2491.644469212848,0.5888213693681873,1053,812
1061,45043,2967.7166166565939,-2576.7910302266,0.58852695868350324,1053,812
1062,45067,3071.0076697424479,-2549.3125508637881,0.58823269520416155,1053,812
1063,45116,3063.575982494498,-2625.7417983433588,0.58793857885655953,1053,812
1064,45029,2999.19370490867,-2491.3585389059849,0.58764460956713127,1053,812
1065,45159,3072.52626538509,-2558.1079626739879,0.58735078726234768,1053,812
1066,45171,3170.8409742286422,-2679.9026932743018,0.58705711186871656,1053,812
1067,45078,3054.5497080671098,-2431.6347030277129,0.58676358331278222,1053,812
1068,45131,3125.7803650242672,-2578.5595672296658,0.58647020152112583,1053,812
1069,45071,2981.676483784428,-2573.4747195288192,0.58617696642036532,1053,812
1070,45075,3131.2211295458892,-2592.3420394295122,0.58588387793715513,1053,812
1071,45098,3094.4905648372851,-2581.6193699767882,0.58559093599818657,1053,812
1072,45115,3043.6697864438202,-2603.9963558614759,0.58529814053018747,1053,812
1073,45078,3043.6505533269892,-2614.7411314770852,0.58500549145992242,1053,812
1074,45161,3176.5053953063511,-2588.5134362287158,0.58471298871419253,1053,812
1075,45136,3122.9132744160238,-2695.7810905538681,0.58442063221983542,1053,812
1076,45065,3084.9599745286951,-2425.494869622034,0.58412842190372549,1053,812
1077,45136,3069.855015528291,-2543.3257194484409,0.58383635769277364,1053,812
1078,45106,3128.1307051683361,-2520.7537713792021,0.58354443951392732,1053,812
1079,45126,3043.0064414250669,-2681.244255662667,0.58325266729417036,1053,812
1080,45161,3145.765672450882,-2553.3050074328748,0.58296104096052326,1053,812
1081,45141,3083.0578037271121,-2654.7622900351721,0.58266956044004303,1053,812
1082,45077,3065.1531188851782,-2552.9649543942169,0.582378225659823,1053,812
1083,45142,3115.6981603828149,-2661.5313379850732,0.58208703654699312,1053,812
1084,45183,3147.760680464859,-2779.578016356666,0.58179599302871965,1053,812
1085,45025,3004.7123666701232,-2515.0617268512692,0.58150509503220527,1053,812
1086,45160,3170.2496530751491,-2658.4223025910751,0.58121434248468917,1053,812
1087,45048,3108.0031049208992,-2544.100510321116,0.58092373531344688,1053,812
1088,45133,3091.2518508664698,-2489.4725481439568,0.58063327344579019,1053,812
1089,45129,3106.015804534125,-2636.2081100511432,0.58034295680906733,1053,812
1090,45057,3075.5532726281722,-2550.0999723954578,0.58005278533066285,1053,812
1091,45070,3121.6365268604,-2538.4628050473661,0.57976275893799756,1053,812
1092,45152,3125.6795883149912,-2657.8042657340402,0.57947287755852861,1053,812
1093,45086,2953.520948752498,-2548.6916258676169,0.57918314111974933,1053,812
1094,45044,2992.9212834509949,-2629.2052291422328,0.57889354954918948,1053,812
1095,45065,3048.5434982176239,-2549.3947917222749,0.57860410277441487,1053,812
1096,45077,3078.4985928027008,-2568.4894338742511,0.57831480072302766,1053,812
1097,45079,3060.1050746767828,-2554.313951219146,0.57802564332266615,1053,812
1098,45066,2972.0803301201822,-2483.0947802411629,0.57773663050100488,1053,812
1099,45088,3041.9364836200889,-2525.9573929069929,0.57744776218575444,1053,812
1100,45108,3152.6900390918449,-2561.6416512414198,0.57715903830466164,1053,812
1101,45156,3181.842382130003,-2629.0029746059349,0.57687045878550935,1053,812
1102,45102,3153.3840377498268,-2626.625399164443,0.57658202355611665,1053,812
1103,45094,2992.1548243281459,-2584.781971227314,0.57629373254433858,1053,812
1104,45145,3080.9625077397668,-2613.1325726196778,0.57600558567806648,1053,812
1105,45103,3062.4991642803338,-2530.6207224573418,0.57571758288522745,1053,812
1106,45050,3058.8045135490179,-2570.6390051289832,0.5754297240937849,1053,812
1107,45164,3252.9479996288219,-2669.6600079700129,0.57514200923173808,1053,812
1108,45071,3064.0233026674059,-2546.094823095541,0.57485443822712223,1053,812
1109,45033,2961.9625649738,-2539.4800716160312,0.57456701100800867,1053,812
1110,45158,3130.644463331103,-2649.3321561745938,0.57427972750250467,1053,812
1111,45103,3058.0155090882699,-2682.555936390414,0.57399258763875349,1053,812
1112,45106,3045.5905733747982,-2526.3001898749649,0.57370559134493415,1053,812
1113,45183,3094.5565038979862,-2795.484179273014,0.57341873854926173,1053,812
1114,45105,3116.88544240391,-2497.8456162644729,0.57313202917998718,1053,812
1115,45095,3010.2673188572849,-2637.4604938540829,0.5728454631653972,1053,812
1116,45109,3156.6687281126519,-2601.9120476392659,0.57255904043381456,1053,812
1117,45085,3069.5448517718942,-2582.0136571532062,0.57227276091359769,1053,812
1118,45112,3066.7439504980548,-2490.381174910573,0.57198662453314097,1053,812
1119,45099,3081.5410147423472,-2568.7456704037281,0.57170063122087444,1053,812
1120,45080,3060.3339386973239,-2504.3166954359008,0.57141478090526399,1053,812
1121,45049,3029.8173084214268,-2525.5395538683279,0.57112907351481135,1053,812
1122,45145,3091.2696751906242,-2639.1360475222118,0.57084350897805403,1053,812
1123,45160,3152.5402265859921,-2592.0924718604501,0.57055808722356505,1053,812
1124,45103,3103.3138096429088,-2567.4843539335889,0.57027280817995329,1053,812
1125,45100,3017.2716691871719,-2592.1869391244609,0.5699876717758634,1053,812
1126,45024,2968.441076546957,-2607.80505272957,0.56970267793997553,1053,812
1127,45015,2996.907159403203,-2493.2140758371911,0.56941782660100559,1053,812
1128,45051,2984.8613420340112,-2581.9970084518659,0.56913311768770514,1053,812
1129,45131,3120.4616398494591,-2646.8133873374209,0.56884855112886135,1053,812
1130,45030,3124.7070861340321,-2472.311503168864,0.56856412685329694,1053,812
1131,45105,2998.0489824146171,-2543.8792061187141,0.56827984478987037,1053,812
1132,45099,3022.9358502175169,-2593.7854145498591,0.56799570486747541,1053,812
1133,45003,3047.6140044453482,-2457.1481378585099,0.5677117070150417,1053,812
1134,45030,2966.5813985655091,-2401.834406454092,0.56742785116153416,1053,812
1135,45092,3099.50775721632,-2540.5070052522328,0.56714413723595347,1053,812
1136,45155,3143.8876292525929,-2598.2820520246501,0.56686056516733552,1053,812
1137,45134,3158.2039578680892,-2551.4372990490242,0.56657713488475192,1053,812
1138,45121,3129.9773860522691,-2684.5571356869041,0.56629384631730961,1053,812
1139,45070,2996.242251776569,-2585.2335897035809,0.56601069939415094,1053,812
1140,45138,3113.8896818556409,-2668.3906349313688,0.56572769404445389,1053,812
1141,45126,3101.7384701648498,-2587.3396709893691,0.56544483019743175,1053,812
1142,45105,3020.7780183646742,-2485.210891835904,0.56516210778233311,1053,812
1143,45035,3033.0535224930131,-2580.0537305175521,0.56487952672844199,1053,812
1144,45058,3026.345252181206,-2573.8872590429442,0.56459708696507782,1053,812
1145,45133,3042.6846856778038,-2726.2394593930239,0.56431478842159533,1053,812
1146,45031,3047.2509935518742,-2551.6969245819791,0.56403263102738455,1053,812
1147,45089,3010.908519457189,-2479.4320664495181,0.56375061471187093,1053,812
1148,45115,3076.298684635331,-2443.8495476608859,0.56346873940451503,1053,812
1149,45044,2925.9667221083268,-2452.7656750871301,0.56318700503481278,1053,1148
1150,45075,3054.6690077533322,-2533.905685635546,0.56290541153229545,1053,1148
1151,45099,3110.3884704182469,-2588.175430994138,0.56262395882652938,1053,1148
1152,45086,3032.73914114019,-2611.4617531644972,0.5623426468471161,1053,1148
1153,45105,3118.904390818348,-2623.1194175647952,0.56206147552369257,1053,1148
1154,45143,3126.662577604342,-2624.6485349012928,0.5617804447859307,1053,1148
1155,45105,3039.3210432126648,-2528.771368433735,0.56149955456353773,1053,1148
1156,45127,3104.121450167228,-2559.9995762588251,0.56121880478625596,1053,1148
1157,45062,3144.6942825389201,-2519.1175145331331,0.56093819538386291,1053,1148
1158,45058,3079.6614902112101,-2584.9218909368342,0.56065772628617105,1053,1148
1159,45021,2957.1578423267561,-2545.7057847559981,0.56037739742302795,1053,1148
1160,45109,3125.4851871419501,-2613.135316604712,0.56009720872431645,1053,1148
1161,45094,3050.6803685354148,-2604.4882423244908,0.5598171601199543,1053,1148
1162,45094,3016.7699509543349,-2565.4862637157171,0.55953725153989431,1053,1148
1163,45110,3104.4062287257739,-2603.2529409187191,0.55925748291412436,1053,1148
1164,45038,3008.9902503437411,-2486.835368306075,0.55897785417266732,1053,1148
1165,45078,3002.4979553625731,-2564.5972369112701,0.55869836524558103,1053,1148
1166,45054,3042.2314264358401,-2615.6631691283669,0.5584190160629583,1053,1148
1167,44986,3042.5724062877989,-2486.8244820407322,0.5581398065549269,1166,1148
1168,45111,3098.0154503571312,-2507.826541405137,0.55786073665164948,1166,1148
1169,45158,2976.7253150257452,-2558.5235812242072,0.55758180628332366,1166,1148
1170,45089,2970.799772304887,-2484.947234102714,0.55730301538018201,1166,1148
1171,45049,3035.5455454721318,-2551.8812621906832,0.55702436387249199,1166,1148
1172,45044,2995.5383071080009,-2491.1923327297468,0.55674585169055579,1166,1148
1173,45093,3021.9007274215542,-2626.8196045401269,0.55646747876471059,1166,1148
1174,45024,3021.210892550645,-2445.0152051454279,0.55618924502532829,1166,1148
1175,45106,3198.56958657513,-2683.7858975430108,0.55591115040281569,1166,1148
1176,45054,2995.2320862307511,-2569.9766256885928,0.55563319482761431,1166,1148
1177,45027,3031.0184680305401,-2554.224112491755,0.55535537823020054,1166,1148
1178,45089,3139.771105192578,-2650.5982993237799,0.55507770054108552,1166,1148
1179,45018,3040.280882794626,-2505.8128193436578,0.55480016169081503,1166,1148
1180,45101,3052.2833576885778,-2585.4395260446981,0.55452276160996961,1166,1148
1181,45033,3080.7134401647841,-2462.1441662941888,0.55424550022916463,1166,1148
1182,45113,2976.5814274899649,-2576.985448490967,0.55396837747905003,1166,1148
1183,45115,3176.8515201626042,-2636.2763914231341,0.55369139329031059,1166,1148
1184,45106,3176.794847834155,-2553.3628337516461,0.55341454759366548,1166,1148
1185,45138,3094.2976507378189,-2741.0718292049919,0.55313784031986868,1166,1148
1186,45039,3031.5773911612791,-2570.2031787505539,0.55286127139970875,1166,1148
1187,45094,3068.8818730006528,-2582.21120544522,0.55258484076400893,1166,1148
1188,45100,3092.5873343125882,-2613.2627414406238,0.55230854834362697,1166,1148
1189,45147,3107.074764901839,-2634.6187041977059,0.55203239406945515,1166,1148
1190,45092,3053.398702627182,-2517.221795097204,0.55175637787242049,1166,1148
1191,45089,3021.9856162665769,-2644.1255481802309,0.55148049968348434,1166,1148
1192,44999,2931.9190047551351,-2426.5383187971111,0.55120475943364267,1166,1148
1193,45002,3005.3499660811308,-2464.1605095332789,0.55092915705392587,1166,1148
1194,45097,2981.563508160079,-2605.693299412334,0.55065369247539897,1166,1148
1195,45026,3047.8963807834029,-2541.772297145038,0.55037836562916131,1166,1148
1196,45006,2968.984150351806,-2523.9942021126608,0.55010317644634676,1166,1148
1197,45018,2896.3926906545612,-2474.971023678499,0.5498281248581236,1166,1196
1198,45050,2963.8155034887081,-2626.097952278024,0.54955321079569452,1166,1196
1199,45059,3040.554546679391,-2476.984908456227,0.54927843419029676,1166,1196
1200,45070,3030.1093300457869,-2659.0938911326962,0.54900379497320162,1166,1196
1201,45097,3052.9475523240899,-2592.2421571003838,0.54872929307571505,1166,1196
1202,45051,3011.5699989372229,-2453.2037891252112,0.5484549284291772,1166,1196
1203,45139,3105.5600800352222,-2581.975843989419,0.54818070096496263,1166,1196
1204,45072,3064.4811076819879,-2573.9784428985972,0.54790661061448021,1166,1196
1205,45085,3071.808277521232,-2503.3365117164881,0.54763265730917299,1166,1196
1206,45073,2995.5879636994059,-2477.117764314442,0.54735884098051846,1166,1196
1207,45225,3231.86840479479,-2744.0187243752612,0.54708516156002818,1166,1196
1208,45098,3145.0657764000412,-2582.2333185706402,0.54681161897924824,1166,1196
1209,45046,2987.739233448262,-2444.2188758367138,0.54653821316975859,1166,1196
1210,45040,3031.0686426449361,-2480.1983684877891,0.54626494406317372,1166,1196
1211,45076,3028.7431358540448,-2600.854365516519,0.54599181159114218,1166,1196
1212,45046,3008.7462352033472,-2487.9363621750222,0.54571881568534664,1166,1196
1213,45064,3094.8097105640882,-2497.1673614759561,0.54544595627750403,1166,1196
1214,45083,2980.845915701073,-2561.8569783506809,0.54517323329936529,1166,1196
1215,45109,3110.813263977519,-2472.3703698544159,0.54490064668271565,1166,1196
1216,45016,3076.1035617055418,-2496.5929198125368,0.54462819635937432,1166,1196
1217,45004,2966.380526196634,-2443.163653613989,0.54435588226119469,1166,1196
1218,45070,3093.9306144741968,-2618.9520562297471,0.54408370432006414,1166,1196
1219,45044,3061.61180810105,-2515.4588147518248,0.54381166246790413,1166,1196
1220,45062,3121.015846230398,-2558.9228690214518,0.5435397566366702,1166,1196
1221,45093,3169.863276135351,-2624.5084455449369,0.54326798675835186,1166,1196
1222,45097,3021.830569072928,-2645.0260367648698,0.54299635276497271,1166,1196
1223,45080,3041.2044669313782,-2531.477923364605,0.54272485458859021,1166,1196
1224,45062,2957.8255267124209,-2532.140058121588,0.5424534921612959,1166,1196
1225,45040,3012.254506154748,-2498.963170063656,0.5421822654152153,1166,1196
1226,45050,3029.1661828605788,-2487.5258303451942,0.54191117428250768,1166,1196
1227,45119,3188.169117628825,-2636.6767731962782,0.54164021869536649,1166,1196
1228,45094,3137.837787297944,-2556.734842926669,0.54136939858601885,1166,1196
1229,45076,2999.802223140875,-2523.5136493299269,0.54109871388672581,1166,1196
1230,45152,3121.19704047915,-2741.6403538279119,0.54082816452978244,1166,1196
1231,45087,2983.8719192754838,-2576.3885556679479,0.54055775044751753,1166,1196
1232,45087,3061.37175778544,-2451.3380592046201,0.54028747157229384,1166,1196
1233,45054,2875.988546644784,-2577.100456910247,0.54001732783650769,1166,1232
1234,45052,3036.6725306497451,-2579.202706876978,0.53974731917258945,1166,1232
1235,45120,3061.0878231295878,-2683.9572947718229,0.53947744551300314,1166,1232
1236,45140,3073.4674258872142,-2657.6700706264078,0.53920770679024665,1166,1232
1237,45074,3005.1387063108409,-2550.679697346478,0.53893810293685152,1166,1232
1238,45103,3154.2045158525671,-2571.568330361546,0.53866863388538311,1166,1232
1239,45083,3028.5814447580569,-2559.2956261920572,0.53839929956844046,1166,1232
1240,45156,3187.6164494015629,-2668.5230162927928,0.53813009991865624,1166,1232
1241,45085,3091.6332849218788,-2621.7699037165198,0.53786103486869696,1166,1232
1242,45083,3037.6996339276502,-2579.957232033958,0.53759210435126259,1166,1232
1243,45052,3064.7198418868638,-2520.7312951867921,0.53732330829908703,1166,1232
1244,45087,3125.0338510284382,-2603.33925145582,0.53705464664493752,1166,1232
1245,44972,2896.4949930237149,-2544.5370851011321,0.53678611932161513,1244,1232
1246,45093,3180.638403190846,-2567.3349021147319,0.53651772626195438,1244,1232
1247,45134,3170.7721886913159,-2635.076912365234,0.5362494673988234,1244,1232
1248,45149,3089.088837922191,-2573.683047804981,0.53598134266512398,1244,1232
1249,45074,3062.8474664577138,-2504.0260382586011,0.53571335199379144,1244,1232
1250,45106,3115.781132042594,-2612.3628102672242,0.53544549531779462,1244,1232
1251,45063,3070.638648694086,-2510.657710440847,0.53517777257013577,1244,1232
1252,45099,3108.940422441121,-2622.0841584058221,0.53491018368385068,1244,1232
1253,45057,2957.3636588698892,-2492.968772279708,0.53464272859200879,1244,1232
1254,45106,2984.2422702734161,-2593.9285910057638,0.53437540722771282,1244,1232
1255,45121,3078.4750421416361,-2529.1463819817909,0.53410821952409904,1244,1232
1256,45026,3000.1166101369649,-2468.630922783133,0.53384116541433702,1244,1232
1257,45066,3153.5280998308131,-2579.5972454944058,0.53357424483162985,1244,1232
1258,45103,3089.2516588282479,-2602.0689355676482,0.53330745770921406,1244,1232
1259,45116,3184.7502446376411,-2532.31823496999,0.53304080398035947,1244,1232
1260,45044,3034.067985434313,-2490.370465657611,0.53277428357836931,1244,1232
1261,45035,3003.879044682214,-2531.8516528369778,0.53250789643658014,1244,1232
1262,45095,3011.651698205178,-2700.9881372537839,0.53224164248836192,1244,1232
1263,45103,3019.9510305055819,-2621.8868977010889,0.53197552166711781,1244,1232
1264,45037,3115.6216982877359,-2516.889284281357,0.53170953390628428,1244,1232
1265,45060,3058.0610502001582,-2523.7164568641369,0.53144367913933122,1244,1232
1266,45036,3038.9286524215358,-2581.3046079222431,0.53117795729976158,1244,1232
1267,45048,3114.4952946255262,-2456.5880539992831,0.53091236832111177,1244,1232
1268,45040,3053.435822851643,-2502.0402335674739,0.53064691213695125,1244,1232
1269,45109,3041.4158880359942,-2622.7961869838132,0.53038158868088281,1244,1232
1270,45104,3169.518797737403,-2590.5310166681752,0.53011639788654241,1244,1232
1271,45155,2969.5945036213488,-2681.8434545020732,0.52985133968759912,1244,1232
1272,45073,3004.6197239373942,-2560.7518583319629,0.5295864140177553,1244,1232
1273,45064,3207.6393053812808,-2544.0446532723149,0.52932162081074641,1244,1232
1274,45128,3086.6357305682441,-2611.2534411302381,0.52905696000034108,1244,1232
1275,45139,3153.1607571125692,-2576.043441158839,0.52879243152034094,1244,1232
1276,45059,3029.9405083226052,-2581.5269599245921,0.52852803530458081,1244,1232
1277,45025,2995.2165708482448,-2473.7968741376658,0.52826377128692859,1244,1232
1278,45064,2979.9975042207579,-2468.8559554105491,0.52799963940128514,1244,1232
1279,45130,3076.2415855494478,-2573.6847575147822,0.52773563958158454,1244,1232
1280,44998,3023.8372144671562,-2566.5151596891769,0.52747177176179383,1244,1232
1281,45054,2954.7320108230929,-2441.6222030493568,0.52720803587591292,1244,1232
1282,45054,2974.6043360839531,-2512.805950035337,0.52694443185797502,1244,1232
1283,45056,3101.6595916456181,-2463.1241381167702,0.52668095964204609,1244,1232
1284,45095,3012.0736628922532,-2634.7266426964452,0.52641761916222507,1244,1232
1285,45046,3002.536431694964,-2500.76937980291,0.52615441035264399,1244,1232
1286,45108,3141.780801626388,-2637.910869893311,0.52589133314746772,1244,1232
1287,45103,3086.3613140996231,-2536.8452051600252,0.52562838748089402,1244,1232
1288,45048,3084.0571983632208,-2494.8109004560288,0.52536557328715361,1244,1232
1289,45141,3097.3285357566078,-2617.636136311407,0.52510289050051007,1244,1232
1290,45052,3044.7536884699289,-2614.7761438973889,0.52484033905525984,1244,1232
1291,45092,3017.2776143816141,-2553.3108838375379,0.52457791888573224,1244,1232
1292,45056,3007.5378348228719,-2509.2338033085198,0.52431562992628944,1244,1232
1293,45120,3038.3329072887368,-2579.813972700837,0.52405347211132636,1244,1232
1294,45107,3050.810227810683,-2670.7563541611048,0.52379144537527067,1244,1232
1295,45103,3082.9784414745241,-2502.645233905846,0.52352954965258303,1244,1232
1296,45084,2996.3301352144258,-2547.9010926331739,0.52326778487775671,1244,1232
1297,45107,3017.0367831194371,-2613.7282362946212,0.52300615098531789,1244,1232
1298,45103,3073.6007820868672,-2623.510520006344,0.52274464790982522,1244,1232
1299,45032,3067.949814793772,-2535.900756006557,0.52248327558587038,1244,1232
1300,45056,3065.340538525139,-2582.3806929429938,0.52222203394807742,1244,1232
1301,45098,3151.6137026339929,-2655.017068947267,0.52196092293110341,1244,1232
1302,45115,3082.8398544936708,-2582.3819179794668,0.52169994246963791,1244,1232
1303,45079,3003.4052753186638,-2572.3559298222549,0.52143909249840315,1244,1232
1304,45083,3063.8606219501148,-2603.9844567317709,0.52117837295215397,1244,1232
1305,45166,3058.4430352688391,-2639.7519806500022,0.52091778376567788,1244,1232
1306,45017,2972.0465237229218,-2598.4566122337778,0.52065732487379501,1244,1232
1307,45115,3052.6342608354248,-2584.694107818244,0.52039699621135815,1244,1232
1308,45084,3027.3608199789878,-2618.52974941192,0.5201367977132525,1244,1232
1309,45065,3125.849302373615,-2454.103892052824,0.51987672931439588,1244,1232
1310,45056,3125.6453589354392,-2588.380915461411,0.51961679094973867,1244,1232
1311,45090,3145.5098292664352,-2483.39894476056,0.51935698255426388,1244,1232
1312,45043,2937.5179548120341,-2526.221777001711,0.51909730406298682,1244,1232
1313,45031,2963.4135734874849,-2475.689915034251,0.51883775541095534,1244,1232
1314,45054,2966.142343744044,-2515.4010349410992,0.51857833653324992,1244,1232
1315,45162,3088.9585692985502,-2613.0782894364738,0.51831904736498335,1244,1232
1316,45135,3156.1255868861299,-2588.1613748400432,0.51805988784130086,1244,1232
1317,45113,3069.7695008613609,-2560.049105848962,0.51780085789738028,1244,1232
1318,45029,2935.689188685742,-2522.2404731459401,0.51754195746843157,1244,1232
1319,45077,3091.4058613404009,-2607.6124904249732,0.5172831864896974,1244,1232
1320,45032,2998.7246698848548,-2560.3558200241141,0.51702454489645255,1244,1232
1321,45007,2984.1458429308732,-2508.8876430845721,0.51676603262400433,1244,1232
1322,45085,3090.2433936598122,-2541.1358487357879,0.51650764960769235,1244,1232
1323,44949,2971.4890639272212,-2478.2934684735292,0.51624939578288853,1322,1232
1324,45071,3013.9915837500089,-2508.6219440777409,0.51599127108499709,1322,1232
1325,45142,3088.1602005180689,-2614.4219586057752,0.51573327544945458,1322,1232
1326,45075,3001.4512217066772,-2542.1405230794512,0.51547540881172993,1322,1232
1327,45135,3153.5266045279991,-2620.3808234851049,0.51521767110732408,1322,1232
1328,45075,3004.073790263843,-2590.828597321773,0.51496006227177049,1322,1232
1329,45112,3036.8826040510062,-2476.3975334650022,0.51470258224063459,1322,1232
1330,45046,3070.9840636893668,-2522.8850851503271,0.51444523094951433,1322,1232
1331,45007,2955.0927690231342,-2449.397587164432,0.51418800833403955,1322,1232
1332,45091,3107.9155151199861,-2622.7077859958072,0.51393091432987259,1322,1232
1333,45063,3063.6519732260081,-2534.9868189323001,0.51367394887270768,1322,1232
1334,45043,3003.7675175571098,-2556.5109027564222,0.51341711189827133,1322,1232
1335,45064,3057.8508488259749,-2496.0520592510402,0.51316040334232227,1322,1232
1336,45042,3088.209060164912,-2514.4324656204171,0.51290382314065108,1322,1232
1337,45065,3064.0566961505601,-2502.3650526997922,0.51264737122908077,1322,1232
1338,45081,3026.965904246078,-2515.2877776708592,0.51239104754346632,1322,1232
1339,45090,3151.0246879667739,-2488.4916678036611,0.51213485201969466,1322,1232
1340,45027,3064.5514556488829,-2660.8553211934232,0.51187878459368485,1322,1232
1341,45061,3121.5408220387521,-2591.0285726565189,0.51162284520138801,1322,1232
1342,45037,3053.749832955953,-2467.940791194796,0.51136703377878734,1322,1232
1343,45067,3167.2287140487979,-2487.612750330838,0.51111135026189802,1322,1232
1344,45044,3038.2641462718639,-2520.5048445055918,0.51085579458676711,1322,1232
1345,45052,3031.9589878737079,-2543.0534511080591,0.51060036668947373,1322,1232
1346,45042,3089.8779047045318,-2461.9518753600069,0.51034506650612899,1322,1232
1347,45052,3000.3731147927679,-2619.2661642280859,0.51008989397287596,1322,1232
1348,45034,3043.2682713954841,-2533.2317473323819,0.5098348490258896,1322,1232
1349,45073,3019.188211625752,-2604.5678539208238,0.50957993160137671,1322,1232
1350,45043,3004.1769947289358,-2453.9351231120581,0.50932514163557607,1322,1232
1351,45050,2962.0944985520032,-2515.39271475756,0.50907047906475833,1322,1232
1352,45126,2997.438168304051,-2519.2952316181641,0.50881594382522599,1322,1232
1353,45149,3122.3651053049148,-2562.5818214456408,0.50856153585331343,1322,1232
1354,45077,2993.797589199788,-2672.8776439002231,0.50830725508538677,1322,1232
1355,45004,3028.4076108236,-2483.888113438763,0.5080531014578441,1322,1232
1356,45036,3025.256722654879,-2507.7223906171048,0.50779907490711518,1322,1232
1357,45056,3042.5714979434501,-2581.6074493979008,0.50754517536966159,1322,1232
1358,45078,3002.202977663077,-2509.226355886105,0.50729140278197682,1322,1232
1359,45110,3039.3522628099231,-2661.9188567175629,0.50703775708058585,1322,1232
1360,45115,3053.264394310027,-2594.1785035672601,0.50678423820204554,1322,1232
1361,44998,2968.9280336502611,-2421.4122539883201,0.50653084608294452,1322,1232
1362,45012,2910.8256526966511,-2522.617470482438,0.50627758065990303,1322,1232
1363,45068,3098.76813044868,-2649.8614721610402,0.50602444186957307,1322,1232
1364,45046,2964.7838257417261,-2615.1761551082891,0.5057714296486383,1322,1232
1365,45066,3055.96299050774,-2566.0851943600169,0.50551854393381401,1322,1232
1366,45084,3058.7243652931379,-2561.163631578077,0.50526578466184713,1322,1232
1367,45048,3152.6376076967008,-2461.6100190340139,0.50501315176951622,1322,1232
1368,45076,3001.5605747151321,-2496.3221990871248,0.50476064519363151,1322,1232
1369,45126,3179.25401397731,-2695.6419194492878,0.50450826487103473,1322,1232
1370,45011,3032.7434087967108,-2485.249312619449,0.50425601073859927,1322,1232
1371,45199,3182.6764227389831,-2721.9722009357101,0.50400388273323005,1322,1232
1372,45039,3018.35020370546,-2551.679933502845,0.5037518807918635,1322,1232
1373,45034,3051.2875732616881,-2446.064297091571,0.50350000485146762,1322,1232
1374,45065,2987.250578003981,-2593.3422962758118,0.5032482548490419,1322,1232
1375,45037,2962.816779779947,-2591.810497315937,0.50299663072161738,1322,1232
1376,45064,2999.0239660560192,-2521.458194319699,0.50274513240625662,1322,1232
1377,45074,3024.350049506184,-2466.987230550661,0.50249375984005351,1322,1232
1378,45138,3118.7594889649208,-2666.7972507305722,0.50224251296013356,1322,1232
1379,45078,2975.505606031456,-2565.8272061864132,0.50199139170365348,1322,1232
1380,45028,2992.6332931155321,-2477.8010793527092,0.50174039600780163,1322,1232
1381,45039,2980.210515237256,-2529.3281716738252,0.50148952580979778,1322,1232
1382,45086,3130.2671011303041,-2691.9502023136179,0.5012387810468929,1322,1232
1383,45080,3092.9972711647929,-2628.4527590047201,0.5009881616563695,1322,1232
1384,45126,3099.818736849139,-2653.8309998588879,0.50073766757554139,1322,1232
1385,45124,3135.085848974516,-2518.5110207907528,0.50048729874175368,1322,1232
1386,45063,2949.6397974988658,-2561.985841008257,0.50023705509238281,1322,1232
1387,45044,2925.143532794456,-2482.079374257788,0.49998693656483673,1322,1232
1388,45108,3105.7089288436218,-2603.2717135169091,0.49973694309655431,1322,1232
1389,45050,3013.7510127813212,-2519.2746344290108,0.49948707462500602,1322,1232
1390,45073,3024.2509842716722,-2519.6622296198229,0.49923733108769353,1322,1232
1391,45033,2975.5787047286631,-2546.3996314409151,0.49898771242214968,1322,1232
1392,45015,2977.629746566241,-2605.7939858393179,0.4987382185659387,1322,1232
1393,45051,3008.6093571814099,-2477.5330359230829,0.49848884945665578,1322,1232
1394,44990,2938.1965208869951,-2492.464018389544,0.49823960503192749,1322,1232
1395,45057,3019.116677529219,-2497.0839533911189,0.49799048522941147,1322,1232
1396,45128,3138.4553252499331,-2550.1744370211309,0.49774148998679679,1322,1232
1397,45139,3129.4152661142762,-2636.1694999595488,0.49749261924180349,1322,1232
1398,45062,2991.2074858015631,-2557.348470123603,0.49724387293218258,1322,1232
1399,45068,3052.323251082707,-2527.7879530696509,0.49699525099571662,1322,1232
1400,45095,3062.489713661646,-2517.2015250766658,0.49674675337021867,1322,1232
1401,45047,3021.9041841005869,-2514.151698198943,0.49649837999353358,1322,1232
1402,45097,3164.6404285447529,-2651.0389707541808,0.49625013080353692,1322,1232
1403,45102,3080.1184686968568,-2550.2635860149062,0.49600200573813519,1322,1232
1404,45061,3036.3963100822571,-2483.522612119601,0.49575400473526621,1322,1232
1405,45072,3117.0684496962558,-2573.1937809678211,0.49550612773289848,1322,1232
1406,45115,3100.6896325012649,-2612.3604975241751,0.49525837466903211,1322,1232
1407,45053,3144.2340574649202,-2534.5058205273222,0.4950107454816976,1322,1232
1408,45105,3114.6554370666472,-2549.0421750799828,0.49476324010895678,1322,1232
1409,45050,2955.8691355121782,-2542.4956421339548,0.49451585848890228,1322,1232
1410,45000,3001.3437736327242,-2472.6342448407631,0.49426860055965788,1322,1232
1411,45069,2957.5155862355791,-2496.4694376751081,0.49402146625937821,1322,1232
1412,45004,2998.6759655886449,-2391.0491504041161,0.49377445552624849,1322,1232
1413,45054,2990.3591950136092,-2484.9304967819762,0.49352756829848538,1322,1232
1414,45103,2996.790084453216,-2545.0574330694012,0.49328080451433609,1322,1232
1415,45020,2921.1863219153201,-2460.548837194277,0.49303416411207901,1322,1232
1416,45044,2944.6369145535568,-2612.741799978503,0.49278764703002298,1322,1232
1417,45036,3004.16127141269,-2564.3500899686419,0.49254125320650799,1322,1232
1418,45064,2977.7779513388841,-2539.7316400929622,0.49229498257990478,1322,1232
1419,45129,3092.241991710051,-2697.988841296763,0.49204883508861491,1322,1232
1420,45088,3040.6232885894678,-2609.622322255052,0.49180281067107062,1322,1232
1421,45076,3114.6445250444549,-2504.3268612368611,0.49155690926573498,1322,1232
1422,45085,3005.4546972024391,-2537.2679572313359,0.49131113081110223,1322,1232
1423,45008,2998.1820253431069,-2498.8147058693312,0.49106547524569671,1322,1232
1424,45036,2937.5235861479819,-2561.069214490276,0.49081994250807381,1322,1232
1425,45043,2960.476343694289,-2544.9760210829022,0.49057453253681982,1322,1232
1426,45099,2972.262050139429,-2589.5628331982271,0.49032924527055138,1322,1232
1427,45008,2999.6138809152899,-2462.3694129622859,0.4900840806479162,1322,1232
1428,45002,2870.338321899781,-2517.1838519505191,0.48983903860759231,1322,1427
1429,45051,3009.187947103138,-2553.6201593237452,0.48959411908828848,1322,1427
1430,45116,3103.3122270546492,-2612.8209357760052,0.48934932202874443,1322,1427
1431,44998,3013.8747166363182,-2474.5463267620398,0.48910464736773002,1322,1427
1432,45094,2997.7721506307562,-2649.5639029861959,0.48886009504404621,1322,1427
1433,44967,2953.5020856919868,-2467.9425064448369,0.4886156649965242,1322,1427
1434,45046,3020.514265830544,-2505.1008844928028,0.48837135716402602,1322,1427
1435,45112,3096.0617403449901,-2641.416170061008,0.48812717148544399,1322,1427
1436,45090,2968.6759830996298,-2596.5330843628349,0.4878831078997013,1322,1427
1437,45107,3051.6371620807272,-2516.9908069473499,0.4876391663457515,1322,1427
1438,44998,2970.2046794200942,-2501.1108302985349,0.48739534676257867,1322,1427
1439,45027,3015.4863992859191,-2461.5905500876079,0.48715164908919739,1322,1427
1440,45073,3047.1131501607392,-2532.2511825236438,0.4869080732646528,1322,1427
1441,45090,3071.7596847106101,-2522.2777416240679,0.48666461922802051,1322,1427
1442,45099,3112.227054979212,-2588.4009556426531,0.48642128691840653,1322,1427
1443,45032,3051.8624062702952,-2511.2139518594049,0.48617807627494741,1322,1427
1444,45074,2996.363122796678,-2596.6602819784698,0.48593498723680989,1322,1427
1445,45064,3061.25676784197,-2489.345507333318,0.48569201974319148,1322,1427
1446,45040,3040.2508609599959,-2488.199982079725,0.48544917373332003,1322,1427
1447,45100,3005.198703496585,-2649.0331337097109,0.48520644914645328,1322,1427
1448,45057,3039.0863377951118,-2491.785568324216,0.48496384592188008,1322,1427
1449,44953,3003.8162983866582,-2444.101874859648,0.48472136399891919,1322,1427
1450,45106,3056.225690094594,-2689.3258775178469,0.48447900331691979,1322,1427
1451,45035,3054.1332626212302,-2448.5525088980139,0.48423676381526137,1322,1427
1452,45050,3013.4394368365388,-2550.8596048871541,0.48399464543335369,1322,1427
1453,45040,3067.2958221127319,-2543.7972806781299,0.48375264811063712,1322,1427
1454,45038,2981.213275305302,-2556.7250526503849,0.48351077178658181,1322,1427
1455,45122,3135.5423518730581,-2686.0238514671651,0.48326901640068848,1322,1427
1456,45029,3014.1082945722969,-2507.44867845921,0.48302738189248817,1322,1427
1457,45048,3040.7486068939752,-2595.1334726188779,0.48278586820154201,1322,1427
1458,45059,3036.6129935058079,-2522.078135353705,0.48254447526744132,1322,1427
1459,44976,2905.5997421698139,-2519.3655167182928,0.48230320302980761,1322,1427
1460,45042,3053.585456808773,-2525.012860091078,0.48206205142829273,1322,1427
1461,45114,3052.3409677813252,-2545.606049615772,0.48182102040257863,1322,1427
1462,45149,3080.379805134236,-2659.6830640619378,0.48158010989237732,1322,1427
1463,45008,2952.1861978722868,-2487.4418234205968,0.48133931983743122,1322,1427
1464,45040,2891.9833216160791,-2519.8687324080529,0.48109865017751252,1322,1427
1465,45168,3194.661917897422,-2621.3925328603509,0.48085810085242381,1322,1427
1466,45029,3038.0407928226691,-2563.3859125448748,0.48061767180199749,1322,1427
1467,45113,3110.8820160493578,-2605.8536457781429,0.48037736296609662,1322,1427
1468,45068,3047.9844594702231,-2560.6730787052138,0.48013717428461361,1322,1427
1469,45005,2959.790309104163,-2436.533639493744,0.47989710569747129,1322,1427
1470,45111,3018.8951107987482,-2574.3319553805482,0.47965715714462259,1322,1427
1471,45047,3042.4315372774831,-2507.751385198389,0.47941732856605029,1322,1427
1472,45043,3013.230113634721,-2518.6769942145129,0.47917761990176733,1322,1427
1473,45122,3081.554829034445,-2527.921057242198,0.47893803109181637,1322,1427
1474,45056,3086.0145330950099,-2540.0550406058651,0.47869856207627048,1322,1427
1475,45110,3042.945209840153,-2566.5633234393981,0.47845921279523251,1322,1427
1476,45092,3044.8646067647101,-2596.8276780205779,0.47821998318883491,1322,1427
1477,45053,3036.4254985318612,-2575.6106670039758,0.47798087319724047,1322,1427
1478,45026,2966.6173932797519,-2527.3769760627779,0.47774188276064189,1322,1427
1479,45105,3089.2169263855649,-2514.266447611185,0.47750301181926158,1322,1427
1480,45028,2916.4639276251169,-2461.7690990523229,0.47726426031335201,1322,1427
1481,45111,3013.2716880515909,-2534.647123646952,0.47702562818319533,1322,1427
1482,45105,3046.259646300598,-2562.813797412231,0.47678711536910368,1322,1427
1483,45128,3101.7086229497982,-2598.1492386757282,0.47654872181141922,1322,1427
1484,45067,3123.2124339875709,-2516.3813207675798,0.47631044745051349,1322,1427
1485,45103,3045.3053729023181,-2485.3338234614062,0.47607229222678832,1322,1427
1486,45049,3001.6379046398201,-2582.909875353379,0.47583425608067498,1322,1427
1487,45051,3063.6093840809231,-2471.5143535358161,0.47559633895263459,1322,1427
1488,44966,2970.2446758585038,-2396.985137664401,0.47535854078315842,1322,1427
1489,45102,3022.0104873251971,-2648.758202450766,0.47512086151276678,1322,1427
1490,44995,2982.1089494840389,-2471.005241133772,0.47488330108201049,1322,1427
1491,45031,2954.1987307898512,-2503.9716378034418,0.47464585943146947,1322,1427
1492,45070,2980.1532360222632,-2501.0893527458679,0.4744085365017538,1322,1427
1493,44982,3015.801858847225,-2516.510414225751,0.47417133223350288,1322,1427
1494,45107,3081.723233660407,-2628.8523107921892,0.4739342465673862,1322,1427
1495,45072,2992.9186035999878,-2621.8459123833718,0.4736972794441025,1322,1427
1496,45021,2938.7810216069261,-2472.1649113340691,0.47346043080438049,1322,1427
1497,45011,2990.9134804184591,-2484.4629315011371,0.47322370058897828,1322,1427
1498,45081,3140.004033731595,-2557.5113130035852,0.47298708873868389,1322,1427
1499,45077,3058.128885187934,-2505.9855035729752,0.47275059519431462,1322,1427
1500,45033,2973.4671575456709,-2533.040450035619,0.47251421989671738,1322,1427
1501,45051,3025.1927785927928,-2510.033012769431,0.47227796278676909,1322,1427
1502,45072,3120.845752850174,-2647.7800792700441,0.47204182380537568,1322,1427
1503,45083,3097.6518393723231,-2503.0089111095599,0.47180580289347313,1322,1427
1504,45059,3131.5894961100189,-2551.5766844634368,0.47156989999202642,1322,1427
1505,45094,3013.2682532298982,-2586.958501293183,0.47133411504203038,1322,1427
1506,44969,2964.5049497637929,-2461.1690274080202,0.47109844798450939,1322,1427
1507,45059,3065.3872406873311,-2516.192143831423,0.47086289876051718,1322,1427
1508,45046,3025.9636864479689,-2503.280436290228,0.47062746731113703,1322,1427
1509,45039,2971.7817263050752,-2623.9071459835159,0.47039215357748138,1322,1427
1510,45047,3011.0238811565318,-2494.930002918346,0.4701569575006927,1322,1427
1511,45019,3028.1299750169469,-2460.798761289027,0.46992187902194238,1322,1427
1512,45037,3010.956679606164,-2474.3809470242099,0.46968691808243151,1322,1427
1513,45045,2957.9844824805919,-2492.2285297090029,0.46945207462339028,1322,1427
1514,45085,3081.767469450142,-2501.9633097928181,0.46921734858607861,1322,1427
1515,45107,3040.5604981631891,-2563.8421405560498,0.46898273991178557,1322,1427
1516,45039,3028.0293853200469,-2557.350756132651,0.46874824854182973,1322,1427
1517,45054,2961.964776997313,-2566.5779080185789,0.46851387441755882,1322,1427
1518,45057,2935.7680879076202,-2459.2174925888062,0.46827961748035007,1322,1427
1519,45019,2980.7526240317588,-2527.251780431809,0.46804547767160992,1322,1427
1520,45024,3047.83469955891,-2451.838712576865,0.46781145493277421,1322,1427
1521,45079,3080.2133151698249,-2538.0331749003471,0.46757754920530781,1322,1427
1522,45088,3031.2343269054159,-2587.207831529965,0.46734376043070519,1322,1427
1523,45065,3002.5395088388291,-2681.090680784388,0.46711008855048991,1322,1427
1524,45068,3021.4430465219002,-2549.817885501122,0.46687653350621461,1322,1427
1525,45062,2969.2810408709861,-2533.670510311093,0.46664309523946151,1322,1427
1526,45025,2984.3888144656971,-2574.5797131402992,0.46640977369184178,1322,1427
1527,45085,3033.2212894301019,-2575.771151442244,0.46617656880499592,1322,1427
1528,45085,3033.9351546705821,-2582.0598583960941,0.46594348052059342,1322,1427
1529,45004,2932.414021126172,-2498.0752224459911,0.46571050878033321,1322,1427
1530,45038,2993.962248879624,-2557.6195664845991,0.465477653525943,1322,1427
1531,45057,3083.5367713361429,-2487.9992212376728,0.46524491469918011,1322,1427
1532,45119,3130.6635501910732,-2581.9363812589309,0.46501229224183049,1322,1427
1533,45031,2989.360896408919,-2532.1609188754592,0.46477978609570958,1322,1427
1534,45018,2993.3040108956402,-2490.7372934041791,0.46454739620266178,1322,1427
1535,45039,3003.8395779094922,-2468.5303672076211,0.46431512250456047,1322,1427
1536,45059,2964.5042468611982,-2512.8631938509702,0.4640829649433082,1322,1427
1537,45067,3068.8831692468061,-2591.4123756620702,0.46385092346083662,1322,1427
1538,45108,3048.6401207974941,-2661.200794493529,0.46361899799910622,1322,1427
1539,45068,3003.513982846915,-2534.0104815742188,0.46338718850010657,1322,1427
1540,45107,2995.7754881996689,-2566.1662486847899,0.46315549490585661,1322,1427
1541,45074,3019.618106675578,-2613.2477184946988,0.4629239171584037,1322,1427
1542,45008,3069.0876859235741,-2481.1582345815168,0.46269245519982449,1322,1427
1543,45033,3004.130315913606,-2564.4013950927329,0.46246110897222459,1322,1427
1544,45059,2993.493598973992,-2552.027324448311,0.46222987841773849,1322,1427
1545,45074,3141.7796332284352,-2510.52637726185,0.46199876347852969,1322,1427
1546,45020,2976.5567663701181,-2492.4615919577991,0.46176776409679038,1322,1427
1547,45045,2987.2316101090978,-2468.5761407389059,0.46153688021474198,1322,1427
1548,45075,3034.8807848152442,-2594.4317503300449,0.46130611177463471,1322,1427
1549,44975,2944.1847757460978,-2531.8380692164501,0.46107545871874739,1322,1427
1550,45047,2918.55510747773,-2552.8174397183452,0.46084492098938812,1322,1427
1551,45054,2904.224038191614,-2572.2871095764972,0.46061449852889352,1322,1427
1552,44993,3020.6791731202502,-2490.4824856084701,0.46038419127962898,1322,1427
1553,45076,2998.3113111693592,-2538.287705018392,0.46015399918398919,1322,1427
1554,45144,3016.4360933505109,-2679.9494301718141,0.45992392218439732,1322,1427
1555,45027,2966.2495714024481,-2502.3035175042342,0.45969396022330511,1322,1427
1556,45033,3006.5831025652251,-2586.8951914023619,0.45946411324319347,1322,1427
1557,45070,3018.7246157127179,-2552.0211818082621,0.45923438118657189,1322,1427
1558,45046,3009.9670672362631,-2516.1942136959528,0.45900476399597862,1322,1427
1559,45103,3024.87192519256,-2617.5075472204412,0.45877526161398058,1322,1427
1560,45104,3063.4000273966458,-2598.535720592658,0.45854587398317359,1322,1427
1561,44928,2870.671864440857,-2441.9409854727778,0.4583166010461821,1560,1427
1562,45074,3047.856919490679,-2588.7644270840992,0.45808744274565899,1560,1427
1563,45024,2959.413295566475,-2489.4431444399711,0.45785839902428632,1560,1427
1564,45101,3105.809301041917,-2580.3848476569542,0.45762946982477409,1560,1427
1565,45066,3055.8210416213492,-2505.0852703822839,0.45740065508986177,1560,1427
1566,45038,3042.4399538235771,-2498.344490258989,0.45717195476231692,1560,1427
1567,45061,2978.462402355588,-2504.571178948082,0.45694336878493569,1560,1427
1568,45076,3059.553203174783,-2563.8589911363001,0.4567148971005433,1560,1427
1569,45109,3097.380687988411,-2558.3402741031509,0.45648653965199298,1560,1427
1570,44999,2917.001579214118,-2465.082806669926,0.45625829638216708,1560,1427
1571,45032,3020.3102451973582,-2462.5194592857338,0.45603016723397599,1560,1427
1572,45141,3061.1726404881902,-2559.6953985715581,0.45580215215035907,1560,1427
1573,45061,2981.6617224092388,-2582.5492471013749,0.4555742510742839,1560,1427
1574,45082,3095.176666112327,-2526.4745311722422,0.45534646394874678,1560,1427
1575,45045,3059.389182346436,-2518.208595632349,0.45511879071677241,1560,1427
1576,45037,3096.468836470588,-2461.5432116778029,0.45489123132141412,1560,1427
1577,45021,2992.3943839954431,-2460.318996839017,0.45466378570575339,1560,1427
1578,44942,2955.6175474216789,-2454.8211320231089,0.45443645381290049,1560,1427
1579,45020,2936.798265018132,-2472.6294582195969,0.45420923558599408,1560,1427
1580,45092,2988.8139205929551,-2542.841296675158,0.45398213096820123,1560,1427
1581,45081,3032.129015065881,-2599.6432017976908,0.4537551399027171,1560,1427
1582,45008,3049.9373252581381,-2418.9765230277249,0.45352826233276577,1560,1427
1583,45005,3002.6721110568969,-2492.5483435045981,0.45330149820159937,1560,1427
1584,45017,2998.4040836095292,-2499.195806551952,0.45307484745249871,1560,1427
1585,45088,3043.8001338351869,-2594.0659479098149,0.45284831002877241,1560,1427
1586,44991,2982.2310597060218,-2477.4509192662808,0.45262188587375812,1560,1427
1587,45070,2985.9343678366558,-2580.0631813742311,0.45239557493082122,1560,1427
1588,45070,3034.523801670392,-2506.9040779466559,0.45216937714335581,1560,1427
1589,45035,2972.8817084652242,-2455.3833950338922,0.45194329245478421,1560,1427
1590,45064,2996.398692784453,-2544.774172004556,0.45171732080855681,1560,1427
1591,45121,3122.3208755939459,-2620.589423629805,0.45149146214815261,1560,1427
1592,45059,3003.1903117791599,-2508.0013876457178,0.45126571641707852,1560,1427
1593,45074,3054.1823712757218,-2512.754585394965,0.45104008355886999,1560,1427
1594,45042,3022.068890191958,-2546.6850657104978,0.45081456351709059,1560,1427
1595,45091,2984.817394083283,-2562.5071324153059,0.45058915623533208,1560,1427
1596,45061,3058.512218178043,-2574.5218019613908,0.45036386165721443,1560,1427
1597,45071,3060.149759441329,-2622.4319886704061,0.45013867972638583,1560,1427
1598,45039,3021.365743903053,-2540.0146956983058,0.44991361038652272,1560,1427
1599,45039,3006.2810048154538,-2559.9927002850868,0.44968865358132942,1560,1427
1600,45129,3039.7391488316389,-2513.21659453952,0.44946380925453883,1560,1427
1601,45094,3032.1612034379268,-2545.456761918007,0.44923907734991148,1560,1427
1602,45046,2999.6387810412261,-2541.650150841112,0.44901445781123661,1560,1427
1603,45026,2981.855090290579,-2525.1387238713569,0.44878995058233101,1560,1427
1604,45059,2997.886054418429,-2498.851832052585,0.44856555560703992,1560,1427
1605,44983,2973.3646702134188,-2391.4276217825409,0.44834127282923641,1560,1427
1606,45036,2990.629710693614,-2534.2156887652568,0.44811710219282169,1560,1427
1607,44999,2902.8731129829348,-2481.7882971870608,0.44789304364172539,1560,1427
1608,44982,2982.3281641393351,-2429.0952116079588,0.44766909711990449,1560,1427
1609,45082,3031.4979913877041,-2508.09949490194,0.44744526257134459,1560,1427
1610,45058,3013.2677026244951,-2585.8227761318271,0.44722153994005892,1560,1427
1611,45069,3029.158150802642,-2552.1836491742151,0.4469979291700889,1560,1427
1612,45080,3074.0829736333808,-2600.0780161981852,0.44677443020550389,1560,1427
1613,45036,3012.1956919525019,-2508.9440993689259,0.44655104299040121,1560,1427
1614,45034,2964.4775134079041,-2517.593622623604,0.44632776746890601,1560,1427
1615,45044,2978.726993583768,-2518.6134083252859,0.44610460358517151,1560,1427
1616,45062,3071.389604751153,-2518.1541985695321,0.44588155128337897,1560,1427
1617,45114,3088.9706828829799,-2602.472900361307,0.44565861050773731,1560,1427
1618,45004,3009.8302906053982,-2476.1849792755052,0.44543578120248339,1560,1427
1619,45027,3008.718298634562,-2468.1418186001788,0.44521306331188221,1560,1427
1620,45041,2965.508542700898,-2598.7478982624061,0.44499045678022631,1560,1427
1621,45046,3027.2572252143068,-2434.7846792129239,0.44476796155183618,1560,1427
1622,45054,2949.0721854754652,-2557.9006334882752,0.44454557757106028,1560,1427
1623,45059,3058.8959608695018,-2501.8778476103571,0.44432330478227477,1560,1427
1624,44996,2946.0760944224298,-2469.5754273408088,0.44410114312988369,1560,1427
1625,45016,3003.1470015499381,-2542.6355309362589,0.44387909255831881,1560,1427
1626,44976,2919.3864702200008,-2525.3318884626451,0.44365715301203962,1560,1427
1627,45087,3051.6111762839769,-2536.5279908118068,0.44343532443553357,1560,1427
1628,45028,3042.8662970304531,-2467.9191790518062,0.44321360677331589,1560,1427
1629,45039,3018.1409370762208,-2552.7043465253141,0.44299199996992927,1560,1427
1630,45025,2979.5910986465979,-2522.664517786628,0.44277050396994427,1560,1427
1631,44987,2946.4356478593099,-2497.0290015689452,0.44254911871795938,1560,1427
1632,45050,3097.7207807839168,-2542.3777902023498,0.44232784415860038,1560,1427
1633,45057,2967.7361898033769,-2595.5094514430698,0.44210668023652122,1560,1427
1634,45108,3152.9805959962769,-2578.9278505443322,0.44188562689640293,1560,1427
1635,45022,2888.2282162424849,-2477.327040202701,0.44166468408295467,1560,1427
1636,45088,3064.3731987111569,-2580.4138843050368,0.44144385174091327,1560,1427
1637,45048,3043.4465033394431,-2646.9877350472639,0.44122312981504291,1560,1427
1638,45043,3057.114807461754,-2471.3855616624492,0.44100251825013542,1560,1427
1639,45139,3035.6955575250199,-2632.7844861463909,0.44078201699101027,1560,1427
1640,45030,2990.009038719234,-2508.4314708033539,0.44056162598251492,1560,1427
1641,45095,3022.8686861032611,-2530.71352016012,0.44034134516952361,1560,1427
1642,45103,3092.489968762698,-2601.3234507423358,0.44012117449693888,1560,1427
1643,45098,3113.1756463311808,-2514.5356126587671,0.43990111390969039,1560,1427
1644,45071,3029.2010830513468,-2604.7560409464809,0.4396811633527356,1560,1427
1645,45094,3084.120621154746,-2560.43932085304,0.43946132277105932,1560,1427
1646,45097,3075.040048417603,-2525.6186301453172,0.43924159210967367,1560,1427
1647,45056,2955.424069997493,-2625.0226532093511,0.43902197131361892,1560,1427
1648,45018,2967.535346415797,-2578.9340006756302,0.43880246032796211,1560,1427
1649,45082,3031.859199048034,-2531.0926163419649,0.43858305909779821,1560,1427
1650,45065,3038.531264512329,-2575.2239921988471,0.4383637675682493,1560,1427
1651,45079,3042.7464169002442,-2538.233085659333,0.43814458568446518,1560,1427
1652,45120,2997.220368983591,-2625.4507577990762,0.437925513391623,1560,1427
1653,45109,3067.812525158387,-2650.523440603889,0.43770655063492719,1560,1427
1654,45094,3026.6824133543009,-2580.728161056616,0.43748769735960968,1560,1427
1655,45048,3026.6922019467552,-2510.298347481043,0.43726895351092998,1560,1427
1656,45003,3021.7526387110861,-2465.0766252790499,0.43705031903417452,1560,1427
1657,45058,3054.8344051278868,-2494.232836072928,0.43683179387465748,1560,1427
1658,45067,3027.6659211557148,-2542.909988751665,0.43661337797772021,1560,1427
1659,45003,3037.4939757037091,-2554.4086899134209,0.43639507128873128,1560,1427
1660,45100,3113.7179678225361,-2568.2407059551019,0.436176873753087,1560,1427
1661,45058,2930.3493150208051,-2614.512044932128,0.43595878531621052,1560,1427
1662,45038,2986.6602306689192,-2484.9015893012961,0.43574080592355241,1560,1427
1663,45088,3077.3505032012072,-2512.3537570955141,0.43552293552059063,1560,1427
1664,45105,3151.4791506476349,-2669.766979071404,0.43530517405283042,1560,1427
1665,45022,2995.3231330736562,-2588.9383636616708,0.43508752146580398,1560,1427
1666,45022,2969.7181546948709,-2522.0257935611871,0.43486997770507108,1560,1427
1667,45028,3074.3504628198948,-2443.1093960235139,0.43465254271621862,1560,1427
1668,45109,3058.9533622591998,-2597.4102651478561,0.43443521644486061,1560,1427
1669,45031,2973.9450977066808,-2435.3574367962001,0.43421799883663809,1560,1427
1670,45105,3037.4856204780008,-2582.461243533779,0.43400088983721979,1560,1427
1671,45031,2973.480396969394,-2559.0247348646471,0.43378388939230128,1560,1427
1672,45010,2964.1598105769358,-2472.3951649339028,0.43356699744760507,1560,1427
1673,45010,2971.805608820448,-2504.0225817625351,0.43335021394888129,1560,1427
1674,45009,3054.327820040814,-2469.1673321138919,0.43313353884190692,1560,1427
1675,45093,3080.824344060316,-2660.4132037782529,0.43291697207248597,1560,1427
1676,45073,3062.0188086916692,-2575.7437439107839,0.43270051358644968,1560,1427
1677,45051,3023.7448745927641,-2570.7157721347962,0.43248416332965661,1560,1427
1678,45051,2998.7276400059991,-2540.5225854271339,0.43226792124799168,1560,1427
1679,45057,2957.9012855888291,-2517.6965497252768,0.43205178728736782,1560,1427
1680,45059,3015.122769983398,-2542.248632709413,0.43183576139372409,1560,1427
1681,45066,2935.4079546133571,-2584.3242943460391,0.43161984351302718,1560,1427
1682,45031,2995.1596021285009,-2600.4033355733418,0.43140403359127072,1560,1427
1683,45072,2992.994238554546,-2539.5430267467132,0.43118833157447511,1560,1427
1684,44992,3012.3574721045688,-2433.9382482599881,0.43097273740868791,1560,1427
1685,45036,2945.1965891160989,-2500.4144019622499,0.43075725103998358,1560,1427
1686,45101,3103.2886332466292,-2553.002135633245,0.43054187241446362,1560,1427
1687,45046,3000.2044866217411,-2437.7167908407409,0.43032660147825641,1560,1427
1688,45091,3015.708807737848,-2612.0522162713378,0.43011143817751729,1560,1427
1689,44979,2951.806720312698,-2500.747574299477,0.42989638245842848,1560,1427
1690,45064,2992.2938873396411,-2573.2690868352829,0.42968143426719929,1560,1427
1691,45035,2989.5895433495339,-2598.7728096938999,0.42946659355006578,1560,1427
1692,45049,3006.4302689600472,-2597.320002911249,0.42925186025329082,1560,1427
1693,45042,2988.427999751219,-2489.2883977968459,0.42903723432316421,1560,1427
1694,45004,3002.802158597221,-2531.180782339246,0.42882271570600261,1560,1427
1695,45035,2984.579854112319,-2473.5645185652538,0.42860830434814962,1560,1427
1696,44981,3020.3248217542832,-2539.6430109732491,0.42839400019597562,1560,1427
1697,45045,2937.6544090930661,-2604.2337329377128,0.42817980319587762,1560,1427
1698,45092,3014.5456658505232,-2486.3212966825122,0.42796571329427968,1560,1427
1699,45064,3056.0525863081921,-2505.1606220632011,0.42775173043763248,1560,1427
1700,45071,2920.9770138858971,-2599.6340897867831,0.42753785457241372,1560,1427
1701,45049,2988.7634194006032,-2488.943220343152,0.42732408564512753,1560,1427
1702,45039,2935.9425240391911,-2550.046806786067,0.427110423602305,1560,1427
1703,45019,2966.2334682997439,-2523.285833813567,0.42689686839050389,1560,1427
1704,45039,3063.7509070282831,-2566.8560755708481,0.42668341995630871,1560,1427
1705,45059,2991.629211203543,-2491.2069364309382,0.42647007824633049,1560,1427
1706,45087,3048.0310108203312,-2593.6540684485121,0.42625684320720741,1560,1427
1707,45067,3105.7608326844788,-2555.4471339022762,0.42604371478560382,1560,1427
1708,44998,2997.4193828232078,-2447.038270343468,0.42583069292821102,1560,1427
1709,45086,2993.6632861586022,-2555.2813697994461,0.42561777758174701,1560,1427
1710,45016,2945.3775634525159,-2514.7999287259322,0.42540496869295608,1560,1427
1711,45057,2990.475918247655,-2578.7662079624019,0.42519226620860973,1560,1427
1712,45041,2991.550547837538,-2545.594709234007,0.42497967007550541,1560,1427
1713,45033,3002.5074320422418,-2514.670298971168,0.42476718024046772,1560,1427
1714,45138,3182.9870330462718,-2642.6404959494489,0.42455479665034751,1560,1427
1715,45123,3029.8452262279452,-2609.4814800592439,0.42434251925202232,1560,1427
1716,45027,2949.419002321948,-2630.7108206208541,0.42413034799239641,1560,1427
1717,45044,3032.9883612562421,-2564.7504370342622,0.42391828281840022,1560,1427
1718,45068,3085.7062152584058,-2549.6913597208968,0.42370632367699101,1560,1427
1719,45066,3078.5217026888158,-2576.765161739439,0.42349447051515249,1560,1427
1720,45069,3073.233068071303,-2536.7736661515519,0.42328272327989491,1560,1427
1721,45038,3031.3126395487311,-2497.6721331373469,0.42307108191825499,1560,1427
1722,45050,2979.9695657646489,-2553.8866504769881,0.42285954637729589,1560,1427
1723,45035,2961.1613731119801,-2483.4623290526192,0.42264811660410728,1560,1427
1724,44943,2985.979978564651,-2438.5679540576612,0.42243679254580518,1560,1427
1725,45012,2983.0996861215358,-2550.482347464957,0.42222557414953238,1560,1427
1726,45059,3033.0788860888051,-2527.6716621706728,0.42201446136245763,1560,1427
1727,45086,3084.5748071393309,-2521.9758250686609,0.42180345413177639,1560,1427
1728,45106,3009.7009155877431,-2590.448067216385,0.42159255240471061,1560,1427
1729,45023,2990.737957010113,-2515.2739406241071,0.42138175612850831,1560,1427
1730,45023,3001.4505372359231,-2491.165681278716,0.42117106525044401,1560,1427
1731,45033,2999.2595337334101,-2555.4691078794049,0.4209604797178188,1560,1427
1732,45064,2942.226745950908,-2582.4490196009792,0.42074999947795988,1560,1427
1733,45073,3000.290856279385,-2605.256940644309,0.42053962447822102,1560,1427
1734,45011,2961.7698011917269,-2445.8948106774819,0.42032935466598192,1560,1427
1735,45039,2950.5668864266249,-2576.6828114586569,0.42011918998864889,1560,1427
1736,45084,3021.3836668780891,-2551.7091723293929,0.41990913039365457,1560,1427
1737,45039,2948.2910161749301,-2574.128389040101,0.41969917582845778,1560,1427
1738,44985,2933.693214804829,-2482.692161742395,0.41948932624054358,1560,1427
1739,45094,3012.774471284748,-2607.2038278543082,0.41927958157742329,1560,1427
1740,45033,3077.047287034311,-2484.076099229047,0.41906994178663459,1560,1427
1741,45041,2954.4843859939961,-2495.6588729291698,0.41886040681574133,1560,1427
1742,45057,3065.7840187238849,-2509.0924427608152,0.41865097661233353,1560,1427
1743,45058,3018.9328404853968,-2509.8209240459928,0.41844165112402731,1560,1427
1744,45014,2932.2259624262419,-2523.2354912600649,0.4182324302984653,1560,1427
1745,44982,2927.879409769313,-2443.4640265352809,0.41802331408331611,1560,1427
1746,45028,2987.7506178069998,-2558.4743605625158,0.41781430242627449,1560,1427
1747,45018,2974.1303858991459,-2446.7396728100298,0.41760539527506141,1560,1427
1748,45094,3022.7546759197689,-2632.9617579314581,0.41739659257742379,1560,1427
1749,45007,2953.7238361301938,-2486.49545216465,0.41718789428113517,1560,1427
1750,45077,3020.8590880052702,-2640.4346887294359,0.41697930033399461,1560,1427
1751,45037,2934.468615182715,-2545.9139579958028,0.41677081068382771,1560,1427
1752,44978,2983.3909657644572,-2485.7497352668561,0.41656242527848569,1560,1427
1753,45052,2976.9466109811569,-2518.4427980825949,0.41635414406584648,1560,1427
1754,45005,2970.1893139868462,-2570.381692678322,0.41614596699381362,1560,1427
1755,45021,2929.5599858503128,-2549.6074235052129,0.41593789401031672,1560,1427
1756,45054,3032.0901053429379,-2586.3660970938158,0.41572992506331158,1560,1427
1757,45060,3000.274355602276,-2527.336877239848,0.41552206010078002,1560,1427
1758,45099,3049.8312565647211,-2448.5082411822982,0.41531429907072959,1560,1427
1759,44998,3008.5630038009872,-2578.453755359611,0.41510664192119417,1560,1427
1760,45028,2962.7164494634621,-2511.4586091091928,0.41489908860023372,1560,1427
1761,45043,2968.8413624751338,-2457.6390287894869,0.41469163905593359,1560,1427
1762,45019,2964.3243571669541,-2484.0356859720032,0.41448429323640562,1560,1427
1763,44992,2928.9817878410881,-2468.385176332019,0.41427705108978752,1560,1427
1764,45036,3053.066238949079,-2464.2150052643142,0.41406991256424258,1560,1427
1765,45000,2945.9040415667619,-2552.5400690454412,0.41386287760796048,1560,1427
1766,45073,2988.7348121500631,-2520.9585811900538,0.41365594616915652,1560,1427
1767,45024,2932.9163502490428,-2504.7943513831642,0.41344911819607189,1560,1427
1768,45132,3013.6169024119849,-2622.2106080346698,0.4132423936369739,1560,1427
1769,45035,2944.7803047827242,-2573.8756170217139,0.41303577244015538,1560,1427
1770,45066,3001.002636283783,-2429.9591633141972,0.41282925455393538,1560,1427
1771,45020,3009.744276231841,-2449.121195698533,0.41262283992665838,1560,1427
1772,45042,2985.6217125726039,-2513.5932932497681,0.41241652850669508,1560,1427
1773,45042,2987.247037284199,-2526.2523286019932,0.41221032024244181,1560,1427
1774,45051,3014.7844704349031,-2483.9204535339218,0.4120042150823206,1560,1427
1775,45058,3032.213430337737,-2623.4051087112689,0.41179821297477948,1560,1427
1776,44992,2957.4161065540911,-2456.4756217880372,0.41159231386829209,1560,1427
1777,45093,3015.844592315605,-2612.7841869532149,0.41138651771135798,1560,1427
1778,45050,3008.6956603378112,-2498.8574966176961,0.41118082445250231,1560,1427
1779,45003,3007.0430643038021,-2539.0302029176751,0.41097523404027608,1560,1427
1780,45041,3001.0002401085658,-2593.281933877548,0.41076974642325598,1560,1427
1781,45089,3044.6356450771632,-2621.834494724797,0.41056436155004439,1560,1427
1782,44995,2951.2057882893941,-2441.9306845610172,0.41035907936926941,1560,1427
1783,45081,3001.341004146077,-2636.5521944225579,0.41015389982958478,1560,1427
1784,44956,2868.0938315987619,-2429.191117203758,0.40994882287966999,1560,1783
1785,45088,2906.2273988849679,-2487.717405518913,0.4097438484682302,1560,1783
1786,45054,2979.4328137262301,-2617.7164661352808,0.40953897654399612,1560,1783
1787,45078,3114.1846996032459,-2566.5807731733248,0.40933420705572421,1560,1783
1788,45090,2981.6082810106682,-2528.555982174656,0.40912953995219631,1560,1783
1789,44947,2866.4439070228691,-2378.609028671885,0.40892497518222021,1560,1788
1790,45053,3028.182484422111,-2559.9767546524872,0.40872051269462911,1560,1788
1791,45128,3088.2357511933192,-2609.1488785052752,0.40851615243828182,1560,1788
1792,45097,3097.2266085121068,-2599.195441492805,0.40831189436206272,1560,1788
1793,45033,2966.174662787485,-2430.3947769974311,0.40810773841488168,1560,1788
1794,44982,2952.1268053715762,-2431.0571979783899,0.40790368454567433,1560,1788
1795,44992,3007.0103067781479,-2511.1389456588558,0.40769973270340149,1560,1788
1796,45054,2963.2218546977492,-2502.9977265872171,0.40749588283704979,1560,1788
1797,44997,3007.2150777519091,-2442.9026188659441,0.40729213489563137,1560,1788
1798,45008,2951.964331732971,-2468.5737715401451,0.4070884888281836,1560,1788
1799,45032,2932.9852423416978,-2432.7874082640519,0.40688494458376961,1560,1788
1800,45018,2964.369450386132,-2496.7754297219931,0.40668150211147769,1560,1788
1801,45041,2985.599197914381,-2537.8447624051591,0.40647816136042197,1560,1788
1802,45064,2992.509155909896,-2529.6417810915082,0.40627492227974182,1560,1788
1803,45001,2945.391532963627,-2421.309241628333,0.4060717848186019,1560,1788
1804,45015,2971.9501902499819,-2489.6424520528681,0.40586874892619262,1560,1788
1805,45056,3000.7030268177691,-2571.860847690567,0.40566581455172962,1560,1788
1806,45051,2965.239582292782,-2560.7757512643252,0.40546298164445371,1560,1788
1807,45042,3014.1431934563152,-2568.1208834990011,0.40526025015363148,1560,1788
1808,45070,3031.3145211645601,-2554.9029562176338,0.40505762002855472,1560,1788
1809,45009,2986.32963127006,-2456.1305957727459,0.40485509121854041,1560,1788
1810,45021,2956.1281199547839,-2496.1969309333822,0.40465266367293118,1560,1788
1811,45043,3083.847211670869,-2600.3296350709488,0.40445033734109481,1560,1788
1812,44996,2953.3883030725679,-2464.4032902074232,0.40424811217242418,1560,1788
1813,45075,2988.4787855531099,-2577.0867627411649,0.40404598811633802,1560,1788
1814,44991,2965.365226376895,-2499.6578457681821,0.40384396512227988,1560,1788
1815,44978,2883.949187415129,-2437.1539623973558,0.40364204313971869,1560,1788
1816,45139,2997.0912708446658,-2621.938242764802,0.40344022211814889,1560,1788
1817,45017,2941.6534257571088,-2546.491703146427,0.40323850200708983,1560,1788
1818,44996,3007.0298657100602,-2487.3041593810158,0.40303688275608629,1560,1788
1819,45031,2941.9307044755042,-2570.5146448327132,0.40283536431470829,1560,1788
1820,45027,2873.8664803868091,-2429.8030953451012,0.40263394663255098,1560,1788
1821,45013,2925.3072034037559,-2467.6460166280158,0.40243262965923471,1560,1788
1822,45021,2997.5160331382772,-2547.8204305125769,0.4022314133444051,1560,1788
1823,44961,3022.0287896136128,-2427.7922014295818,0.4020302976377329,1560,1788
1824,45015,3016.9137808088749,-2478.4789963358012,0.40182928248891409,1560,1788
1825,45033,2999.4596019905161,-2477.5308178617611,0.40162836784766959,1560,1788
1826,45069,3085.6534363514502,-2554.9511975369519,0.40142755366374577,1560,1788
1827,45052,3031.6776841954188,-2595.8241482988592,0.40122683988691399,1560,1788
1828,45016,2988.8729683799652,-2492.1598226844071,0.40102622646697061,1560,1788
1829,45040,2994.6892505081892,-2535.47863250416,0.40082571335373712,1560,1788
1830,44976,2949.2811983132528,-2473.2697787568009,0.4006253004970603,1560,1788
1831,44984,2978.5886620728111,-2492.1876280217789,0.4004249878468118,1560,1788
1832,45051,2956.888160621389,-2484.1306237444128,0.40022477535288842,1560,1788
1833,45014,2951.6025297900628,-2476.6814834734892,0.400024662965212,1560,1788
1834,45025,2969.150875738022,-2522.303852161177,0.39982465063372941,1560,1788
1835,45014,3000.453819720462,-2504.0262928351199,0.39962473830841261,1560,1788
1836,44997,2975.4378845360961,-2466.3341680331141,0.39942492593925838,1560,1788
1837,45007,2995.7429385404698,-2450.187858328477,0.39922521347628881,1560,1788
1838,45024,3094.551710117591,-2472.4877427403098,0.39902560086955058,1560,1788
1839,44997,3008.8002435374319,-2548.4768337647479,0.3988260880691159,1560,1788
1840,45058,2982.2683936094418,-2546.007001987316,0.39862667502508142,1560,1788
1841,45002,2920.8531974907851,-2481.1256833220232,0.39842736168756893,1560,1788
1842,45087,2965.4103998081951,-2612.0150095567219,0.39822814800672512,1560,1788
1843,44977,2944.8054970023049,-2371.6380950164771,0.39802903393272182,1560,1788
1844,44978,2929.4215420342339,-2506.3612515720611,0.39783001941575541,1560,1788
1845,45062,2949.42801665772,-2537.412440392925,0.39763110440604749,1560,1788
1846,45024,2940.562089375383,-2465.4759029962602,0.39743228885384452,1560,1788
1847,45079,3031.360202587231,-2484.9075940363241,0.39723357270941761,1560,1788
1848,45033,2985.208140731113,-2535.5260796073821,0.39703495592306293,1560,1788
1849,45020,3005.002200624695,-2508.62059652479,0.39683643844510141,1560,1788
1850,44998,2889.6588831752169,-2511.838849964151,0.39663802022587891,1560,1788
1851,45066,3020.5698390432171,-2598.6546794654059,0.39643970121576599,1560,1788
1852,45041,2950.2060642636302,-2499.624795021612,0.39624148136515808,1560,1788
1853,45039,2950.30065590103,-2561.5013372536359,0.39604336062447559,1560,1788
1854,45041,2940.3753543764979,-2558.1645061947502,0.39584533894416329,1560,1788
1855,45030,3056.93509261894,-2537.738349782825,0.3956474162746913,1560,1788
1856,45018,2970.545775227994,-2494.1905979824742,0.39544959256655399,1560,1788
1857,44994,2885.796175662626,-2525.858977636457,0.39525186777027072,1560,1788
1858,44931,2874.844631360636,-2418.51300246653,0.3950542418363856,1560,1788
1859,45071,3007.719272738766,-2533.1546746630438,0.39485671471546741,1560,1788
1860,45038,2986.768244139319,-2530.1891587080358,0.39465928635810971,1560,1788
1861,45052,3064.9699240915179,-2595.8040705856538,0.39446195671493067,1560,1788
1862,44987,2911.0419616997988,-2528.1960026207648,0.39426472573657317,1560,1788
1863,45007,2902.7906834012019,-2495.301483424189,0.39406759337370489,1560,1788
1864,45085,2981.1363461640758,-2598.368256348554,0.39387055957701811,1560,1788
1865,44980,2979.2825089069238,-2422.0150927769978,0.39367362429722957,1560,1788
1866,45032,3004.2732695492832,-2425.22517546173,0.39347678748508103,1560,1788
1867,45040,2924.7492736688841,-2481.185497167085,0.39328004909133851,1560,1788
1868,45014,2947.2785321257788,-2513.3639277752559,0.39308340906679279,1560,1788
1869,45015,2958.598579255276,-2478.9182131539801,0.39288686736225947,1560,1788
1870,45018,2957.57751285417,-2456.2693510541922,0.39269042392857839,1560,1788
1871,45028,3013.015603857687,-2465.2742163964399,0.39249407871661413,1560,1788
1872,45026,3019.871619086065,-2474.3781743976579,0.39229783167725579,1560,1788
1873,45018,2899.6215080376169,-2473.6174824969571,0.39210168276141733,1560,1788
1874,45035,2922.741786312728,-2521.101482664742,0.39190563192003658,1560,1788
1875,45029,3027.5163648934681,-2560.028081518903,0.39170967910407661,1560,1788
1876,44976,2879.8413952599772,-2491.2597143459079,0.39151382426452452,1560,1788
1877,45005,2938.2615646037839,-2440.371774793603,0.39131806735239227,1560,1788
1878,45038,2983.8074205313301,-2499.175108047159,0.39112240831871609,1560,1788
1879,45005,2894.4538168642371,-2532.2004606002661,0.39092684711455677,1560,1788
1880,45098,3058.3001490793708,-2614.8605175642329,0.39073138369099952,1560,1788
1881,45058,3022.7544788174682,-2464.2730362880088,0.39053601799915411,1560,1788
1882,45043,3013.1315222919302,-2474.549320547706,0.3903407499901545,1560,1788
1883,45067,3019.490896153985,-2503.1433384961979,0.39014557961515939,1560,1788
1884,45015,2911.0129366358192,-2534.3761813018768,0.38995050682535187,1560,1788
1885,45036,2929.757440205768,-2530.0188547963412,0.38975553157193921,1560,1788
1886,45049,2961.7148456976811,-2561.4086230338539,0.38956065380615318,1560,1788
1887,45032,2915.8988751735228,-2529.1007217466631,0.38936587347925022,1560,1788
1888,45065,2948.3623237930919,-2574.081097588567,0.38917119054251059,1560,1788
1889,45055,2984.5746831018432,-2552.42663020491,0.38897660494723929,1560,1788
1890,45033,2928.296473621916,-2524.7831062104901,0.38878211664476581,1560,1788
1891,45011,3009.6221953270392,-2569.7146838795129,0.38858772558644339,1560,1788
1892,45015,2974.4902487213658,-2439.1833163569859,0.38839343172365021,1560,1788
1893,45061,3052.383100954994,-2495.55153228889,0.38819923500778841,1560,1788
1894,45053,2970.4556038003152,-2504.028856288809,0.38800513539028447,1560,1788
1895,45077,3018.0163851119569,-2566.983429014072,0.38781113282258939,1560,1788
1896,44996,2939.1426085740759,-2544.7241110456871,0.38761722725617809,1560,1788
1897,44993,2954.427777919484,-2492.49249905738,0.38742341864254998,1560,1788
1898,45020,2939.7916143826851,-2575.6810770823522,0.38722970693322878,1560,1788
1899,45005,2967.4036088310572,-2503.6735651520939,0.3870360920797622,1560,1788
1900,44994,2910.7580855181668,-2501.986500763639,0.38684257403372241,1560,1788
1901,45067,2957.7116004429431,-2532.1754809080062,0.38664915274670553,1560,1788
1902,45020,2985.702352327869,-2468.0749441143198,0.38645582817033219,1560,1788
1903,45048,2916.0141677121328,-2538.451294770045,0.38626260025624698,1560,1788
1904,45051,2991.528022230591,-2508.7542909480449,0.38606946895611888,1560,1788
1905,44996,2981.8380150932712,-2498.5461970013298,0.38587643422164092,1560,1788
1906,45043,3116.9166124757062,-2529.665374965015,0.38568349600453011,1560,1788
1907,45005,2988.930829115583,-2525.544831052568,0.38549065425652779,1560,1788
1908,45025,3015.7496018069551,-2585.2239508713551,0.38529790892939958,1560,1788
1909,45013,2977.9236619468052,-2485.7799580945989,0.38510525997493489,1560,1788
1910,44979,2946.9759090883649,-2446.9049493500761,0.38491270734494742,1560,1788
1911,45040,2894.8210545447878,-2650.569505439149,0.38472025099127499,1560,1788
1912,44999,2925.0923367687692,-2539.7681393463172,0.38452789086577938,1560,1788
1913,45125,3018.642440167991,-2622.3546383760449,0.38433562692034651,1560,1788
1914,45114,3093.0460741807169,-2503.5314159464729,0.38414345910688641,1560,1788
1915,45000,2975.7766085744001,-2438.6288863547611,0.38395138737733292,1560,1788
1916,45110,2986.912836147038,-2568.0142900971332,0.38375941168364419,1560,1788
1917,45041,2952.1674762453358,-2553.2281889840501,0.38356753197780252,1560,1788
1918,44986,2971.3942730315648,-2357.469906365925,0.38337574821181358,1560,1788
1919,44982,2881.3077002993318,-2489.6322835681181,0.38318406033770769,1560,1788
1920,45049,3060.4593217653769,-2519.1482552257862,0.38299246830753891,1560,1788
1921,45043,2961.7379122683742,-2538.7805674091669,0.38280097207338509,1560,1788
1922,45005,3039.9691079486929,-2493.044931960851,0.38260957158734837,1560,1788
1923,45042,3003.4058052546652,-2578.0255521639938,0.38241826680155477,1560,1788
1924,45040,3026.2843665510591,-2515.5854966027709,0.38222705766815401,1560,1788
1925,45015,3001.6740734090158,-2545.4884350206012,0.38203594413932002,1560,1788
1926,45076,2969.1623006102068,-2579.0079868686448,0.3818449261672503,1560,1788
1927,45044,2965.5589845259929,-2509.6656291454401,0.38165400370416669,1560,1788
1928,45023,3027.791159858768,-2551.7165684031438,0.38146317670231461,1560,1788
1929,44998,2937.8782052046308,-2561.496424836103,0.38127244511396352,1560,1788
1930,45039,2994.2400856503459,-2514.7696958745378,0.38108180889140653,1560,1788
1931,45031,2969.955810173075,-2515.6117737520699,0.38089126798696082,1560,1788
1932,45054,3032.525114654939,-2557.403746929228,0.38070082235296743,1560,1788
1933,45025,3045.2833492646678,-2508.386797088222,0.38051047194179088,1560,1788
1934,45098,3072.906888762775,-2532.6068159148908,0.38032021670582,1560,1788
1935,45018,2977.1898917253852,-2537.1044107633952,0.38013005659746713,1560,1788
1936,45019,2925.2074919928841,-2548.80369952094,0.37993999156916841,1560,1788
1937,45084,3046.56556325681,-2535.8626224998711,0.37975002157338378,1560,1788
1938,45127,3074.2260196363409,-2578.63087259756,0.37956014656259718,1560,1788
1939,45067,3025.9866741263531,-2525.368557600209,0.37937036648931588,1560,1788
1940,45065,3040.5192673166762,-2497.6530107218182,0.37918068130607119,1560,1788
1941,45045,2991.4466417683129,-2554.476533951562,0.37899109096541822,1560,1788
1942,45000,3025.3057234246949,-2530.271132948893,0.37880159541993552,1560,1788
1943,45094,3041.3348074524602,-2588.2637914777938,0.37861219462222562,1560,1788
1944,45008,2915.7411206821448,-2514.4348402262858,0.37842288852491451,1560,1788
1945,44973,2900.5708826952909,-2476.7349839298522,0.37823367708065198,1560,1788
1946,45084,2930.7188697918332,-2537.5728161083111,0.37804456024211169,1560,1788
1947,45054,2941.699774157873,-2548.405896980918,0.37785553796199067,1560,1788
1948,44961,2990.9771785101079,-2423.6718872188958,0.37766661019300968,1560,1788
1949,45049,2937.106110901394,-2556.1240962845818,0.37747777688791317,1560,1788
1950,45019,2928.362312791648,-2573.5399206167308,0.37728903799946928,1560,1788
1951,45077,2995.8855941104389,-2607.3344468445312,0.37710039348046959,1560,1788
1952,45020,3009.2711644328419,-2504.896842365099,0.3769118432837294,1560,1788
1953,45049,2919.0552625367081,-2566.229000363674,0.37672338736208749,1560,1788
1954,45071,3057.204942834464,-2477.862714575223,0.37653502566840652,1560,1788
1955,45098,3040.7569827247971,-2496.9564699906291,0.37634675815557228,1560,1788
1956,44999,2931.1021204081749,-2491.582120529391,0.37615858477649461,1560,1788
1957,44970,2979.5943190264888,-2501.404163079595,0.37597050548410632,1560,1788
1958,45056,2988.6761890328112,-2403.5340545546028,0.37578252023136433,1560,1788
1959,44993,2988.9427920508651,-2469.8805466123849,0.37559462897124862,1560,1788
1960,44992,2980.1139822853179,-2426.2840484839699,0.37540683165676297,1560,1788
1961,44986,2969.1747754722492,-2471.3023688651369,0.37521912824093467,1560,1788
1962,45024,2853.4682811558951,-2531.0553750694148,0.37503151867681422,1560,1961
1963,45046,2964.6324832695991,-2519.1574889345138,0.37484400291747583,1560,1961
1964,44987,2905.8771594368031,-2487.853361693918,0.37465658091601711,1560,1961
1965,45015,2952.8260445316291,-2544.584484168352,0.37446925262555908,1560,1961
1966,44996,2973.5131187735929,-2550.9926364252078,0.37428201799924637,1560,1961
1967,45039,2943.362886755132,-2498.5453479062012,0.37409487699024679,1560,1961
1968,45019,3024.0027300209231,-2570.7218209634839,0.37390782955175172,1560,1961
1969,45043,2996.6527742318858,-2511.0797541710522,0.37372087563697581,1560,1961
1970,45014,2935.9813178505729,-2533.7515828433689,0.37353401519915741,1560,1961
1971,45032,2944.4453851581511,-2472.9349422252071,0.37334724819155779,1560,1961
1972,45027,2889.618639599852,-2514.7767463939949,0.37316057456746199,1560,1961
1973,44990,2983.9702459480081,-2439.784835332588,0.37297399428017841,1560,1961
1974,45063,2978.2482835029882,-2533.3847537101669,0.37278750728303828,1560,1961
1975,44984,2972.3254310867251,-2492.4651471107668,0.37260111352939679,1560,1961
1976,45024,2974.240724286698,-2460.5991084050938,0.37241481297263213,1560,1961
1977,44947,2960.0969007282611,-2464.8116283256791,0.37222860556614579,1560,1961
1978,45081,3160.5877305129529,-2476.1903856438471,0.37204249126336281,1560,1961
1979,45066,2976.0133057964649,-2469.5818779143142,0.37185647001773109,1560,1961
1980,45048,3004.4062551448719,-2480.6386868794611,0.3716705417827223,1560,1961
1981,45021,2949.6414894634918,-2523.3380130193118,0.37148470651183102,1560,1961
1982,44967,2921.2688099981069,-2476.5501669936471,0.37129896415857511,1560,1961
1983,45008,2960.8905160566328,-2466.3264095979539,0.37111331467649578,1560,1961
1984,45046,2987.0430833217588,-2529.7360469785781,0.37092775801915762,1560,1961
1985,45044,2949.5308110354922,-2506.3004751043259,0.37074229414014798,1560,1961
1986,45075,3007.8223187484041,-2473.2666072970901,0.37055692299307791,1560,1961
1987,45034,3011.3454071124029,-2593.6949879991112,0.37037164453158139,1560,1961
1988,45026,2955.5021852703062,-2613.4361031083208,0.3701864587093156,1560,1961
1989,45048,3043.58145733109,-2475.318048404094,0.37000136547996099,1560,1961
1990,44985,2952.5714256218298,-2513.0158614629381,0.36981636479722102,1560,1961
1991,45000,3003.6635392762778,-2562.4925631142019,0.36963145661482238,1560,1961
1992,45039,3028.1033419125738,-2579.0135911368029,0.36944664088651508,1560,1961
1993,45119,3017.9778731743231,-2581.149124371163,0.36926191756607191,1560,1961
1994,45056,2964.6400813307432,-2502.8456990198351,0.36907728660728878,1560,1961
1995,45050,3023.4306294142211,-2537.988638857084,0.36889274796398519,1560,1961
1996,45016,2986.1160950192229,-2480.772497046451,0.36870830159000317,1560,1961
1997,44970,2906.034339230564,-2472.31671144743,0.36852394743920819,1560,1961
1998,45053,2974.6760686469411,-2586.5592805536699,0.36833968546548868,1560,1961
1999,45059,3013.3832668159062,-2475.7038529621141,0.36815551562275589,1560,1961
2000,45007,2948.9392035492629,-2571.137423833251,0.36797143786494457,1560,1961
2001,45077,3038.2160578456028,-2506.2266037591899,0.36778745214601211,1560,1961
2002,45055,2950.0105628540091,-2546.845143729769,0.36760355841993908,1560,1961
2003,45048,3029.843340486816,-2488.3043183996242,0.36741975664072918,1560,1961
2004,44982,2939.2960492339712,-2494.282819537937,0.36723604676240879,1560,1961
2005,45003,2955.348091997681,-2509.2583091633451,0.36705242873902771,1560,1961
2006,45020,2977.681435129206,-2476.2176651358832,0.36686890252465809,1560,1961
2007,45027,2978.2476501203541,-2501.5990500761409,0.36668546807339591,1560,1961
2008,45009,2982.9111280703719,-2538.8558053247698,0.36650212533935922,1560,1961
2009,45042,2978.6896712075531,-2542.3295598815312,0.36631887427668952,1560,1961
2010,45029,2996.3542483946771,-2523.4961661236039,0.36613571483955121,1560,1961
2011,45020,2951.3346130457012,-2459.6121846979559,0.36595264698213142,1560,1961
2012,45002,2929.3836145123032,-2459.38997173291,0.36576967065864041,1560,1961
2013,45077,2898.1508255734689,-2515.2689601665552,0.36558678582331111,1560,1961
2014,44973,2883.1213577412182,-2491.3040141630208,0.36540399243039939,1560,1961
2015,45030,2991.6758275551151,-2426.7294173576488,0.36522129043418422,1560,1961
2016,44968,2895.4163079258142,-2405.4604768440399,0.36503867978896709,1560,1961
2017,44989,2913.354797221808,-2489.1506252167828,0.36485616044907271,1560,1961
2018,44965,2914.6913367658608,-2456.1063016056778,0.3646737323688482,1560,1961
2019,45043,3039.547368094024,-2536.7357196156208,0.3644913955026638,1560,1961
2020,45024,2946.9589921238148,-2525.9463532494478,0.36430914980491252,1560,1961
2021,45003,2901.709341278241,-2526.9881666413448,0.36412699523001002,1560,1961
2022,45022,2968.9899402218962,-2475.3008479803352,0.36394493173239512,1560,1961
2023,45014,2886.580422508569,-2475.5108857667942,0.36376295926652891,1560,1961
2024,45027,2957.7697225624611,-2554.1968720800119,0.36358107778689569,1560,1961
2025,44966,2850.8565265073262,-2414.678770779542,0.36339928724800219,1560,2024
2026,45012,3038.379951436274,-2449.3654266734679,0.36321758760437828,1560,2024
2027,44947,2907.2490862769469,-2457.3949692627139,0.36303597881057609,1560,2024
2028,44981,3007.8235951972888,-2416.6977316249572,0.36285446082117079,1560,2024
2029,44990,2961.7580133314868,-2392.0128925665122,0.36267303359076031,1560,2024
2030,45058,3011.929267093069,-2554.322983312557,0.36249169707396489,1560,2024
2031,45022,2938.3512639600158,-2573.468293917686,0.36231045122542788,1560,2024
2032,44967,2887.5897302110229,-2529.5733622356961,0.36212929599981519,1560,2024
2033,45081,2957.8010145330768,-2589.2466223677229,0.36194823135181542,1560,2024
2034,45006,2924.497621212739,-2513.4004927711421,0.36176725723613951,1560,2024
2035,45038,2975.0607334412098,-2648.5594480932341,0.36158637360752138,1560,2024
2036,45015,2995.219933423004,-2558.4349090148462,0.36140558042071758,1560,2024
2037,44990,2984.5798895186781,-2400.0591080500021,0.36122487763050731,1560,2024
2038,45017,2914.5319520405692,-2504.152953825092,0.36104426519169208,1560,2024
2039,45023,2961.69161193218,-2518.692232392325,0.36086374305909619,1560,2024
2040,45016,2928.4554060127261,-2503.402680121646,0.36068331118756669,1560,2024
2041,45024,2931.0161811341982,-2504.8352742890929,0.36050296953197292,1560,2024
2042,45061,2983.4308499231311,-2564.7523040534829,0.36032271804720689,1560,2024
2043,45021,2951.2168462222839,-2562.8034851262009,0.36014255668818329,1560,2024
2044,44954,2852.816803619372,-2432.0161461833618,0.35996248540983927,1560,2024
2045,45038,3040.0786430246972,-2540.788384322736,0.35978250416713442,1560,2024
2046,45049,3055.9240105450299,-2478.3283625275799,0.3596026129150508,1560,2024
2047,45043,2988.9135516502602,-2544.497881780937,0.3594228116085933,1560,2024
2048,44985,2881.0703690670061,-2558.8473798481709,0.35924310020278899,1560,2024
2049,44980,2870.2056884413601,-2524.7455861557141,0.35906347865268767,1560,2024
2050,45071,2987.665247729507,-2495.2460143960002,0.35888394691336128,1560,2024
2051,45092,3038.213664834997,-2589.6267163217149,0.35870450493990469,1560,2024
2052,44975,3048.9318260155578,-2436.2027261202529,0.35852515268743468,1560,2024
2053,45090,2988.0646539500331,-2519.7344289448679,0.35834589011109103,1560,2024
2054,44977,2992.7801562497639,-2416.456187712155,0.35816671716603549,1560,2024
2055,45043,3020.4813407167771,-2515.7227790001748,0.35798763380745252,1560,2024
2056,45019,3018.580892802242,-2481.480559129564,0.35780863999054868,1560,2024
2057,45057,2953.7616082954701,-2536.4258666817159,0.35762973567055351,1560,2024
2058,44993,2938.3527016387352,-2483.1143276286762,0.35745092080271818,1560,2024
2059,45028,2983.4007193195389,-2532.9149257660979,0.35727219534231691,1560,2024
2060,44977,2900.013851204772,-2543.5008139067008,0.35709355924464581,1560,2024
2061,45009,3027.4547098430571,-2529.514545116157,0.35691501246502338,1560,2024
2062,45046,2976.212461898383,-2491.5140596452538,0.35673655495879097,1560,2024
2063,45014,2971.2275423167512,-2427.5493254518092,0.35655818668131162,1560,2024
2064,45010,2952.6667103249119,-2464.9858478099259,0.356379907587971,1560,2024
2065,45047,2917.1019116879988,-2528.9801760197251,0.35620171763417702,1560,2024
2066,44989,3008.146956546856,-2398.8394182703069,0.35602361677535987,1560,2024
2067,45001,2991.669557485352,-2478.8371036793578,0.35584560496697232,1560,2024
2068,44979,2936.737800334949,-2487.264492635506,0.3556676821644888,1560,2024
2069,45039,2946.3552867296598,-2491.5373898118191,0.35548984832340658,1560,2024
2070,45002,2966.202962129958,-2419.6165512769958,0.35531210339924491,1560,2024
2071,44999,2928.714761670491,-2493.4692534780102,0.35513444734754529,1560,2024
2072,45106,3091.7204089952602,-2615.7282289971772,0.35495688012387161,1560,2024
2073,44966,2908.81681555257,-2461.7080681955722,0.35477940168380961,1560,2024
2074,45037,2948.7625655188858,-2525.0851059164379,0.3546020119829677,1560,2024
2075,45014,3023.396547591512,-2524.175926642421,0.35442471097697631,1560,2024
2076,45024,3010.997585649895,-2465.0383818034538,0.3542474986214878,1560,2024
2077,44985,2859.9665409540221,-2478.2848420196851,0.35407037487217707,1560,2024
2078,44962,2926.1832143964948,-2575.2545974270238,0.35389333968474102,1560,2024
2079,44953,2941.3704859931781,-2451.2078420734579,0.35371639301489871,1560,2024
2080,45003,2966.947603018119,-2446.1628392139742,0.35353953481839118,1560,2024
2081,44958,2917.938035482855,-2421.1958760120428,0.35336276505098208,1560,2024
2082,44910,2852.0319403666322,-2399.6164005611909,0.35318608366845661,2081,2024
2083,45078,2979.8974019461189,-2472.644095686851,0.3530094906266224,2081,2024
2084,44973,2894.8140691599219,-2449.6749422469629,0.35283298588130912,2081,2024
2085,45005,2911.454415468063,-2473.0071754567298,0.35265656938836848,2081,2024
2086,45004,2903.6428999628661,-2527.511444179032,0.35248024110367432,2081,2024
2087,45020,2965.3680277461958,-2462.933540790948,0.35230400098312248,2081,2024
2088,45098,3003.5391364786019,-2588.2877855939928,0.35212784898263089,2081,2024
2089,45043,2921.0524803346229,-2497.7583201862758,0.35195178505813962,2081,2024
2090,44967,2861.5628071174369,-2410.6083174671949,0.35177580916561058,2081,2024
2091,45051,2924.022331995649,-2591.8421387248882,0.35159992126102779,2081,2024
2092,44969,2942.3856402709289,-2504.8003267261279,0.3514241213003973,2081,2024
2093,45021,3018.3717915123948,-2500.0457367031031,0.35124840923974709,2081,2024
2094,45051,3089.7469720974591,-2529.6046759128599,0.35107278503512718,2081,2024
2095,45009,2920.3987476446978,-2590.9314502770599,0.35089724864260968,2081,2024
2096,45014,2905.4693528560069,-2524.8532515796469,0.3507218000182884,2081,2024
2097,45004,3010.4910457853239,-2473.098347269548,0.35054643911827932,2081,2024
2098,45042,3040.5834628794701,-2486.2491636956611,0.35037116589872008,2081,2024
2099,44952,2897.2867849851009,-2466.973189775681,0.35019598031577082,2081,2024
2100,45018,2925.404285326953,-2490.2024298290212,0.35002088232561301,2081,2024
2101,45035,2924.6203478428702,-2482.2611086398479,0.34984587188445021,2081,2024
2102,45062,2940.910162299831,-2624.5975911661908,0.34967094894850798,2081,2024
2103,45033,3010.202705720335,-2486.0077301403189,0.34949611347403381,2081,2024
2104,44988,2896.9936552245908,-2439.863169310328,0.34932136541729669,2081,2024
2105,45012,2862.8851773543138,-2526.391613841628,0.34914670473458809,2081,2024
2106,45041,3076.302922641431,-2571.0505890381128,0.34897213138222088,2081,2024
2107,44977,2901.6381479838892,-2511.9949763432228,0.34879764531652979,2081,2024
2108,45031,3013.1828881048841,-2567.8419771143331,0.34862324649387161,2081,2024
2109,45041,3005.3921850176871,-2523.7030732431972,0.34844893487062462,2081,2024
2110,45010,2999.3756357049019,-2477.696383174376,0.3482747104031893,2081,2024
2111,45018,2908.5460942754748,-2519.1436399801728,0.34810057304798769,2081,2024
2112,45008,2923.227151730081,-2461.3254095480852,0.3479265227614638,2081,2024
2113,45045,2963.638612919377,-2607.0765946848692,0.3477525595000831,2081,2024
2114,45045,3035.1601633865748,-2539.6531237953168,0.34757868322033308,2081,2024
2115,45010,2940.3795743337132,-2516.1054558639898,0.34740489387872292,2081,2024
2116,44983,2922.965020185472,-2454.2832644884138,0.3472311914317836,2081,2024
2117,45061,3002.5440418864441,-2604.0484891868509,0.34705757583606772,2081,2024
2118,44957,2997.2946254515082,-2442.792027912265,0.34688404704814968,2081,2024
2119,45048,2944.005616845533,-2498.9866170635009,0.34671060502462558,2081,2024
2120,45018,2965.8983035186961,-2459.0655088413992,0.34653724972211342,2081,2024
2121,45017,3052.8354937372328,-2435.1229195756732,0.3463639810972523,2081,2024
2122,45006,3014.8460185854151,-2495.865371167497,0.34619079910670369,2081,2024
2123,44998,2952.6073333945951,-2448.4179270844552,0.34601770370715029,2081,2024
2124,45039,3010.7120060421739,-2504.160140488118,0.34584469485529679,2081,2024
2125,44986,2964.428093031951,-2538.277843927428,0.34567177250786918,2081,2024
2126,45040,2957.639400820728,-2531.5388629271929,0.34549893662161518,2081,2024
2127,44952,2899.5989865110159,-2460.2181098664678,0.34532618715330438,2081,2024
2128,45037,2944.4007725497199,-2586.6941030503899,0.34515352405972782,2081,2024
2129,45051,3003.5199358504142,-2525.4407832700958,0.34498094729769802,2081,2024
2130,45070,3016.0826691157049,-2604.846116768801,0.34480845682404909,2081,2024
2131,44993,2956.7750494308498,-2451.911061113256,0.34463605259563712,2081,2024
2132,45022,2954.2784989404581,-2455.853098120403,0.34446373456933932,2081,2024
2133,44991,2915.5455417338449,-2468.449534104353,0.34429150270205472,2081,2024
2134,45056,2929.787871512252,-2546.419161419572,0.34411935695070373,2081,2024
2135,45036,2962.1207754302982,-2477.8924704313931,0.34394729727222828,2081,2024
2136,45044,2959.8748376338772,-2555.3403870247862,0.34377532362359231,2081,2024
2137,45018,2953.8326451094299,-2453.5893222910472,0.3436034359617805,2081,2024
2138,45040,2900.9624226794731,-2537.1030287659669,0.34343163424379958,2081,2024
2139,45089,3024.4396615973819,-2661.4565438027298,0.34325991842667769,2081,2024
2140,44976,2940.9078291915048,-2468.473660215594,0.34308828846746442,2081,2024
2141,45054,3010.6461271732992,-2504.3575035544468,0.34291674432323072,2081,2024
2142,44971,2994.9141519683162,-2420.4124629359849,0.34274528595106912,2081,2024
2143,45000,2952.5830041864319,-2507.9649285980981,0.34257391330809361,2081,2024
2144,45004,2970.3799186393371,-2429.4163055492409,0.34240262635143959,2081,2024
2145,44987,2956.5093211520611,-2457.344434268477,0.34223142503826393,2081,2024
2146,44989,2910.79687339572,-2503.8080722793502,0.34206030932574483,2081,2024
2147,44960,2838.7226510086061,-2474.484118956856,0.34188927917108192,2081,2146
2148,44970,2897.0608780756388,-2437.440005349385,0.34171833453149641,2081,2146
2149,45033,2891.55656172516,-2492.7593734031129,0.34154747536423069,2081,2146
2150,45027,2917.85567132916,-2427.6641988918082,0.3413767016265486,2081,2146
2151,45035,3057.3011087968148,-2608.838724194407,0.34120601327573541,2081,2146
2152,44983,2936.5066706734692,-2548.5622706912559,0.34103541026909751,2081,2146
2153,45009,2950.7615975973249,-2537.129379004477,0.34086489256396302,2081,2146
2154,45067,2968.9012950216829,-2571.905523496112,0.34069446011768101,2081,2146
2155,45008,2991.295419610542,-2515.122332182716,0.34052411288762219,2081,2146
2156,44998,2985.8751886338869,-2456.3179146664288,0.34035385083117842,2081,2146
2157,45003,2986.2692880721638,-2474.4506875249072,0.34018367390576287,2081,2146
2158,45031,2847.8574939036339,-2484.6484757702319,0.34001358206880999,2081,2146
2159,44999,2907.9357308269441,-2477.7758968386661,0.33984357527777559,2081,2146
2160,45002,3035.3020924871839,-2542.2885561728381,0.33967365349013667,2081,2146
2161,45060,2953.1709895721351,-2502.041472279971,0.33950381666339169,2081,2146
2162,45022,2938.6004585860019,-2498.389435675309,0.33933406475506001,2081,2146
2163,45003,2880.9343525121858,-2513.6792903680148,0.33916439772268248,2081,2146
2164,44970,2875.7389181166909,-2396.021379367653,0.33899481552382121,2081,2146
2165,45002,2931.4411167562848,-2508.3042439466599,0.33882531811605932,2081,2146
2166,44975,2895.3873555640671,-2493.957130970155,0.33865590545700119,2081,2146
2167,45033,2950.731244665551,-2552.181112560088,0.33848657750427269,2081,2146
2168,45036,2918.104790326955,-2540.9717350540291,0.33831733421552063,2081,2146
2169,45014,3006.2654620287772,-2457.3889185762509,0.33814817554841292,2081,2146
2170,44989,3014.8676636240189,-2497.0571459439202,0.3379791014606387,2081,2146
2171,44935,2898.1247683866532,-2409.0768160895632,0.33781011190990839,2081,2146
2172,44995,2844.8011548829718,-2524.7411341969491,0.33764120685395338,2081,2146
2173,45027,3016.7041667897611,-2507.3463178065949,0.3374723862505265,2081,2146
2174,45021,2924.181329151962,-2521.0624773059421,0.33730365005740132,2081,2146
2175,44996,2925.2809565824732,-2457.7616699093469,0.33713499823237258,2081,2146
2176,44985,2935.7657156846408,-2481.8642271407612,0.33696643073325638,2081,2146
2177,45010,2958.635883577731,-2517.7073545449462,0.33679794751788977,2081,2146
2178,45003,2920.8788425301382,-2493.331565390044,0.33662954854413091,2081,2146
2179,44964,2872.743541379396,-2464.7390990034291,0.33646123376985893,2081,2146
2180,45066,2960.5025108741452,-2526.599045488309,0.33629300315297389,2081,2146
2181,45073,2991.2066592353722,-2638.7354941294329,0.33612485665139752,2081,2146
2182,45005,2989.307868144514,-2534.3153385635442,0.33595679422307179,2081,2146
2183,45003,2975.599800888232,-2469.6197548907789,0.33578881582596032,2081,2146
2184,45020,2946.8809761814059,-2571.1312111058892,0.33562092141804728,2081,2146
2185,44974,2935.3279634476012,-2512.696751433542,0.33545311095733832,2081,2146
2186,44967,2892.944415667811,-2522.0617038931309,0.33528538440185962,2081,2146
2187,45020,2957.257330240906,-2595.1565759871901,0.33511774170965869,2081,2146
2188,45056,3021.0696150551398,-2529.9053188670609,0.3349501828388039,2081,2146
2189,45040,2943.2436437480869,-2473.5386882322559,0.3347827077473845,2081,2146
2190,45011,2978.558626204514,-2534.1863628902402,0.33461531639351078,2081,2146
2191,45051,2983.160427832127,-2515.9273884865661,0.33444800873531411,2081,2146
2192,45013,2936.9576694635239,-2426.2835335786908,0.33428078473094652,2081,2146
2193,45036,2908.4604765714412,-2481.393995620188,0.33411364433858098,2081,2146
2194,44990,2930.763303186337,-2462.8269088459169,0.33394658751641182,2081,2146
2195,45036,2973.5712326676189,-2478.0305117242792,0.33377961422265362,2081,2146
2196,45015,2926.8445145820292,-2523.9439283105689,0.33361272441554218,2081,2146
2197,45001,3047.4076675090541,-2446.1013424785151,0.33344591805333451,2081,2146
2198,45020,2985.367206579348,-2503.6601343437719,0.33327919509430792,2081,2146
2199,44985,2921.9137173192448,-2438.9022885459558,0.33311255549676072,2081,2146
2200,44999,2914.970374697124,-2462.299437185713,0.33294599921901241,2081,2146
2201,45032,2906.9616263447069,-2493.7910515865869,0.33277952621940288,2081,2146
2202,45000,2902.5660722902021,-2462.8548697276419,0.3326131364562932,2081,2146
2203,44977,2927.3575563934419,-2470.5167221484012,0.33244682988806512,2081,2146
2204,45057,2936.6412297267761,-2456.92316297056,0.33228060647312108,2081,2146
2205,44939,2860.4176392871282,-2498.2619642239588,0.33211446616988449,2081,2146
2206,45065,2981.0023936671391,-2502.9567904250039,0.33194840893679961,2081,2146
2207,44999,3027.8055640579018,-2422.967603217427,0.33178243473233121,2081,2146
2208,45075,3038.651429453545,-2530.8366741196578,0.33161654351496511,2081,2146
2209,45065,2932.784356133548,-2573.0182907960489,0.33145073524320762,2081,2146
2210,45009,2960.5610913999799,-2470.7304800204438,0.33128500987558601,2081,2146
2211,45045,3004.92082398907,-2512.2725884665701,0.33111936737064818,2081,2146
2212,45023,2931.776563342552,-2553.550647993683,0.33095380768696292,2081,2146
2213,45000,2975.8250198044798,-2453.4887218716749,0.33078833078311948,2081,2146
2214,45026,2971.6364071989969,-2498.1748363337579,0.33062293661772801,2081,2146
2215,45000,2918.5220966054198,-2513.4249294309539,0.33045762514941912,2081,2146
2216,44985,2860.4653401483401,-2398.6945406324448,0.33029239633684437,2081,2146
2217,44976,2976.6965944347462,-2490.1654209021399,0.330127250138676,2081,2146
2218,45008,2944.0961808403472,-2543.0597759236421,0.3299621865136067,2081,2146
2219,45059,2961.0863782677939,-2545.286285285571,0.3297972054203499,2081,2146
2220,45047,3015.269040317974,-2582.8301086255428,0.32963230681763972,2081,2146
2221,45153,3113.1352356435768,-2737.4222963080001,0.32946749066423092,2081,2146
2222,44996,2897.2420007894189,-2507.7550196625011,0.32930275691889882,2081,2146
2223,45047,3009.9001941224378,-2530.0219726820128,0.32913810554043937,2081,2146
2224,45009,2944.8434419190799,-2414.204083258157,0.32897353648766919,2081,2146
2225,44938,2907.5694110078798,-2492.5246578243041,0.32880904971942537,2081,2146
2226,45001,2896.8887362649971,-2513.8083413376421,0.32864464519456571,2081,2146
2227,45060,3025.103628469567,-2493.788289201691,0.32848032287196838,2081,2146
2228,45034,2959.0779065016131,-2519.5057810229391,0.32831608271053242,2081,2146
2229,45017,2943.4541919807821,-2493.733960090869,0.3281519246691772,2081,2146
2230,45027,2876.8029392532899,-2487.3796806781638,0.32798784870684261,2081,2146
2231,45109,2995.3750744276922,-2568.69989522787,0.32782385478248921,2081,2146
2232,45028,2884.4010447385799,-2527.2156865287579,0.32765994285509797,2081,2146
2233,45024,2944.418340869403,-2414.271357242098,0.32749611288367042,2081,2146
2234,44979,2897.6984828613931,-2430.7376954033448,0.32733236482722861,2081,2146
2235,44910,2861.5709846744639,-2421.6554265768,0.32716869864481501,2081,2146
2236,45053,3003.5628337314329,-2533.6075704330951,0.32700511429549262,2081,2146
2237,45009,2931.8819645206809,-2499.1452288177661,0.32684161173834492,2081,2146
2238,45061,3011.0900396157799,-2565.4617258546141,0.32667819093247569,2081,2146
2239,44994,2900.757535845084,-2468.8918924196141,0.32651485183700951,2081,2146
2240,45021,3037.813123747258,-2460.2265592112062,0.32635159441109102,2081,2146
2241,45017,2968.8901314275281,-2571.3746615361301,0.32618841861388542,2081,2146
2242,45012,2938.034643622665,-2544.477802315796,0.32602532440457849,2081,2146
2243,45009,2979.1995178799161,-2458.4686104661259,0.32586231174237618,2081,2146
2244,44986,2905.8395671139201,-2487.6751451065588,0.32569938058650499,2081,2146
2245,44967,2864.1914543934208,-2449.3604801588031,0.32553653089621182,2081,2146
2246,44970,2903.3382877663939,-2422.0249828647679,0.32537376263076367,2081,2146
2247,45021,2936.0131942802809,-2534.7660091164062,0.32521107574944841,2081,2146
2248,44957,2942.0011725210829,-2462.601243440607,0.32504847021157363,2081,2146
2249,45014,2955.6212563140489,-2519.6070096763128,0.32488594597646792,2081,2146
2250,44944,2949.1968156873399,-2460.5834714877178,0.32472350300347957,2081,2146
2251,45065,3035.3600593726651,-2589.0365489498558,0.32456114125197788,2081,2146
2252,45020,2896.6419470877649,-2461.7046283951422,0.32439886068135187,2081,2146
2253,44996,2965.9845500752649,-2486.312917078214,0.32423666125101119,2081,2146
2254,45036,3021.4260630890899,-2534.152749157447,0.32407454292038579,2081,2146
2255,45071,2964.8232447093501,-2594.6367776990919,0.3239125056489256,2081,2146
2256,45030,2926.5196825267958,-2501.9310827102531,0.32375054939610121,2081,2146
2257,44965,2915.2689140032171,-2477.17239170824,0.32358867412140307,2081,2146
2258,45041,2911.1353060050292,-2617.3811584119931,0.32342687978434242,2081,2146
2259,44958,2873.8922674482878,-2433.9880671984929,0.32326516634445029,2081,2146
2260,44998,2877.9946839855152,-2446.7401958631431,0.32310353376127809,2081,2146
2261,44938,2871.8582619332019,-2473.5892905485139,0.3229419819943975,2081,2146
2262,45059,2990.5736294913308,-2479.8244880770708,0.32278051100340033,2081,2146
2263,45032,3021.9419041657329,-2496.6626180160629,0.32261912074789872,2081,2146
2264,44974,2861.566991797019,-2490.4834679032242,0.32245781118752481,2081,2146
2265,45019,2917.399121582142,-2560.991434821166,0.32229658228193098,2081,2146
2266,45027,2986.7290335137318,-2580.0632074698001,0.32213543399079009,2081,2146
2267,45085,2980.7259638366718,-2530.370771338723,0.32197436627379472,2081,2146
2268,45023,2983.876208323672,-2559.5027303614079,0.32181337909065783,2081,2146
2269,45042,2989.0001504259062,-2524.0582268351559,0.3216524724011125,2081,2146
2270,45070,2961.545844965834,-2560.7249236461089,0.32149164616491188,2081,2146
2271,45022,2965.5715654896858,-2495.3043489646839,0.32133090034182948,2081,2146
2272,45015,2979.9656888848858,-2520.560711714279,0.32117023489165858,2081,2146
2273,44998,2964.4498045024638,-2434.1017875940688,0.32100964977421281,2081,2146
2274,45071,3027.7826981071971,-2585.4555095998539,0.32084914494932559,2081,2146
2275,45018,2953.9888799592859,-2546.6728772102911,0.32068872037685098,2081,2146
2276,44971,2945.4880905717682,-2475.0293618517021,0.32052837601666262,2081,2146
2277,45030,2967.5101288164042,-2555.726827791389,0.32036811182865432,2081,2146
2278,45046,3044.5542433494002,-2523.9353263643779,0.32020792777273988,2081,2146
2279,45027,2964.1315927105061,-2537.332768956664,0.3200478238088536,2081,2146
2280,45019,2953.1496419343271,-2500.1174125360471,0.31988779989694921,2081,2146
2281,45061,2871.956189646889,-2569.4663153211591,0.31972785599700082,2081,2146
2282,44982,2942.9551267239049,-2432.7799722008258,0.31956799206900233,2081,2146
2283,44982,2979.5684344990741,-2472.0102578180708,0.31940820807296783,2081,2146
2284,45014,2930.1912030557469,-2512.1936013965269,0.31924850396893129,2081,2146
2285,45034,3007.2738543567698,-2553.4555496504649,0.31908887971694683,2081,2146
2286,44968,2982.7327181086198,-2461.1462971620631,0.31892933527708839,2081,2146
2287,44971,2911.2208690574539,-2467.3953590492279,0.31876987060944978,2081,2146
2288,45051,2978.669771326131,-2542.4582617212318,0.31861048567414513,2081,2146
2289,45024,2934.9060146516722,-2519.1175910916659,0.31845118043130799,2081,2146
2290,45015,2986.5235782298032,-2495.7748671668992,0.31829195484109241,2081,2146
2291,45057,3001.886998138516,-2542.326877002668,0.3181328088636719,2081,2146
2292,45058,2971.4191649311579,-2574.700677919916,0.31797374245924009,2081,2146
2293,44964,2894.9169934920628,-2513.5315062326058,0.31781475558801048,2081,2146
2294,45012,2951.9107424455051,-2468.0803775702052,0.31765584821021647,2081,2146
2295,45042,2925.1913911646989,-2566.5111466527678,0.31749702028611138,2081,2146
2296,44969,2845.6463685833742,-2501.2548167261712,0.31733827177596841,2081,2146
2297,44974,2869.750209287497,-2531.353551146572,0.31717960264008038,2081,2146
2298,44996,2964.3337313021411,-2406.2183070489418,0.31702101283876039,2081,2146
2299,44995,2902.6365588183298,-2491.7722774113608,0.31686250233234098,2081,2146
2300,45003,2868.4793540600408,-2485.7966037359151,0.31670407108117488,2081,2146
2301,45014,2984.4553814762849,-2513.3059893650689,0.31654571904563428,2081,2146
2302,45003,2902.3789539535301,-2563.3068639991911,0.31638744618611148,2081,2146
2303,44995,2928.7154677105318,-2461.813096759236,0.31622925246301847,2081,2146
2304,44990,2947.7285515294461,-2511.121816786228,0.31607113783678698,2081,2146
2305,44932,2924.9185607412342,-2386.0468501239729,0.31591310226786862,2081,2146
2306,45072,2977.7807975873661,-2636.388515380519,0.31575514571673469,2081,2146
2307,44962,2898.023282605332,-2378.115609252091,0.31559726814387629,2081,2146
2308,45036,2936.9388009728841,-2509.8136935316479,0.31543946950980439,2081,2146
2309,45005,2886.6746772827551,-2415.0910397597149,0.31528174977504952,2081,2146
2310,44965,2957.866266411253,-2476.3846315052101,0.31512410890016201,2081,2146
2311,44967,2911.115710178412,-2401.1877792504588,0.31496654684571201,2081,2146
2312,44960,2869.4908065964942,-2501.770560473748,0.31480906357228911,2081,2146
2313,45003,2906.080954210292,-2507.7928056010192,0.31465165904050302,2081,2146
2314,44990,2886.3220762038068,-2520.5538394951982,0.31449433321098269,2081,2146
2315,44969,2945.1079452944309,-2439.2710703679409,0.31433708604437732,2081,2146
2316,44992,2936.1333762290201,-2512.1443054603351,0.3141799175013551,2081,2146
2317,45004,2914.411423251941,-2522.2237551220351,0.31402282754260452,2081,2146
2318,45013,2967.33470283008,-2447.3033012575411,0.31386581612883319,2081,2146
2319,45072,3003.9956494131879,-2486.4943231733318,0.31370888322076879,2081,2146
2320,45041,2970.0603465717409,-2580.360838313657,0.31355202877915839,2081,2146
2321,44998,2958.6436803381989,-2513.6757747183901,0.31339525276476887,2081,2146
2322,44977,2901.22377809608,-2482.5228683367891,0.3132385551383865,2081,2146
2323,45055,3113.8624700542141,-2488.6478123030452,0.31308193586081728,2081,2146
2324,45009,3027.887091392704,-2541.368068232764,0.31292539489288701,2081,2146
2325,45004,2863.6608663421289,-2532.7723217616699,0.31276893219544061,2081,2146
2326,45024,2865.3448656985538,-2397.2700182867488,0.31261254772934283,2081,2146
2327,45046,2996.3608548075372,-2521.127188214838,0.31245624145547818,2081,2146
2328,44979,2920.451912224054,-2408.7723832875981,0.31230001333475038,2081,2146
2329,45081,3019.8869272943698,-2547.674374903424,0.31214386332808308,2081,2146
2330,45013,3002.438640138007,-2471.022118057384,0.31198779139641908,2081,2146
2331,45024,2945.05514224028,-2461.0665209752428,0.31183179750072088,2081,2146
2332,44992,3001.6028193391762,-2453.4614444227782,0.31167588160197052,2081,2146
2333,45064,2953.1829551571859,-2542.0732818268139,0.31152004366116948,2081,2146
2334,44954,2943.6655275030162,-2388.3235870793092,0.31136428363933899,2081,2146
2335,44972,2925.5311810963731,-2414.5324483624781,0.31120860149751928,2081,2146
2336,45006,2888.3917928525389,-2541.9968009466511,0.3110529971967706,2081,2146
2337,45032,2909.2811535487681,-2519.8393972606241,0.31089747069817231,2081,2146
2338,45084,2983.3990145851171,-2663.9017537996938,0.31074202196282319,2081,2146
2339,44994,2938.8376710819689,-2462.386342195322,0.31058665095184179,2081,2146
2340,44985,2954.6013333681071,-2457.1553610943879,0.31043135762636592,2081,2146
2341,44973,2872.6336698495829,-2508.0652497482338,0.31027614194755271,2081,2146
2342,44994,2945.404960258204,-2566.810503671551,0.31012100387657893,2081,2146
2343,45045,2833.8694089840451,-2558.3467372582759,0.30996594337464067,2081,2342
2344,44996,2975.068407084681,-2485.634575333439,0.30981096040295342,2081,2342
2345,45046,3012.5908266863439,-2553.73232572493,0.30965605492275189,2081,2342
2346,44974,2869.4713151775491,-2497.1590144696588,0.30950122689529053,2081,2342
2347,44999,2909.28862365447,-2567.9859960343051,0.30934647628184292,2081,2342
2348,45058,2978.389807190988,-2508.125588912113,0.30919180304370197,2081,2342
2349,45012,3011.2528939721442,-2492.4982167447001,0.30903720714218019,2081,2342
2350,44983,2980.8507578523959,-2511.917787714267,0.30888268853860912,2081,2342
2351,45055,2981.1963235147869,-2511.3335833679371,0.30872824719433978,2081,2342
2352,44995,2946.4764697125302,-2482.2537807812032,0.30857388307074268,2081,2342
2353,45075,2999.5216642530058,-2606.0690277284871,0.30841959612920727,2081,2342
2354,44949,2882.005169876682,-2389.355536946523,0.30826538633114281,2081,2342
2355,44993,2934.0387078385452,-2454.0971593679951,0.3081112536379772,2081,2342
2356,44966,2870.0012465902469,-2463.7493113854748,0.30795719801115817,2081,2342
2357,44949,2920.755556919728,-2417.8818997381081,0.30780321941215272,2081,2342
2358,45046,2917.5723012770491,-2485.3961024981281,0.30764931780244659,2081,2342
2359,45021,2891.598328652814,-2489.3566328924589,0.30749549314354541,2081,2342
2360,45016,2948.7348542276068,-2498.068847816483,0.30734174539697368,2081,2342
2361,45002,2926.634563048462,-2476.0764401312949,0.30718807452427521,2081,2342
2362,45009,2951.668152184568,-2444.1350335916659,0.3070344804870131,2081,2342
2363,45030,3002.2378645474,-2476.842256996043,0.30688096324676961,2081,2342
2364,45008,2908.3574768369381,-2511.0750152392761,0.30672752276514631,2081,2342
2365,45078,2992.8576746369849,-2532.2347368212731,0.30657415900376372,2081,2342
2366,45106,3051.0720443562132,-2651.6922121539892,0.30642087192426187,2081,2342
2367,45011,3047.2196622039,-2483.444312573703,0.30626766148829981,2081,2342
2368,44981,2912.040199406109,-2496.946097382408,0.30611452765755559,2081,2342
2369,45031,2963.8956650875812,-2506.5003420366352,0.3059614703937269,2081,2342
2370,44932,2881.1242282513281,-2435.067657549348,0.30580848965853002,2081,2342
2371,44993,2937.1486607036841,-2418.317178503316,0.3056555854137008,2081,2342
2372,44996,2978.6940657100149,-2469.874040116973,0.30550275762099399,2081,2342
2373,45066,3046.494314855745,-2626.8820503321981,0.3053500062421835,2081,2342
2374,44966,2920.454683737185,-2411.402995335422,0.30519733123906251,2081,2342
2375,45001,2956.4744531859442,-2474.5673173167279,0.30504473257344289,2081,2342
2376,44979,2882.5789096494418,-2501.0691085815151,0.30489221020715618,2081,2342
2377,44996,2934.8850028524848,-2480.709612125162,0.30473976410205272,2081,2342
2378,44987,2874.7860318666949,-2511.5216308319291,0.30458739422000158,2081,2342
2379,44987,2952.6363299713512,-2492.1237544989808,0.30443510052289158,2081,2342
2380,44964,2921.683895705029,-2515.3334430671762,0.30428288297263018,2081,2342
2381,45066,3011.6632809397461,-2483.0772866213729,0.30413074153114389,2081,2342
2382,44995,2939.512031299048,-2444.1401963752051,0.30397867616037838,2081,2342
2383,44989,2958.5649525482299,-2519.441261709379,0.30382668682229819,2081,2342
2384,44935,2896.7952257403072,-2375.2136902780662,0.30367477347888711,2081,2342
2385,45047,3023.5480185167812,-2537.609599899657,0.30352293609214759,2081,2342
2386,45024,2880.1500754658568,-2499.158883143296,0.30337117462410162,2081,2342
2387,45093,3048.430447073606,-2600.98896935631,0.30321948903678952,2081,2342
2388,44991,2936.367285373658,-2506.5811807335708,0.30306787929227108,2081,2342
2389,45006,2981.626106971853,-2564.934067915322,0.30291634535262502,2081,2342
2390,44990,2877.4829583148198,-2486.104874097945,0.30276488717994871,2081,2342
2391,45018,2958.675796662636,-2478.527424535373,0.30261350473635867,2081,2342
2392,45020,2879.7925871628158,-2475.8778143772879,0.30246219798399049,2081,2342
2393,45000,2940.522581123184,-2523.580053548264,0.30231096688499859,2081,2342
2394,44988,2908.6724118353782,-2416.8486543180911,0.30215981140155612,2081,2342
2395,45037,2873.563338969213,-2523.8472415898418,0.30200873149585539,2081,2342
2396,45013,2969.490296017188,-2526.1077115551238,0.3018577271301075,2081,2342
2397,45043,2916.2753013990791,-2474.9135713519299,0.30170679826654251,2081,2342
2398,44972,2955.2187924006148,-2462.1638095566932,0.30155594486740922,2081,2342
2399,44934,2936.502626732894,-2472.113619227116,0.30140516689497548,2081,2342
2400,45028,3032.481913754812,-2488.4655761064751,0.30125446431152808,2081,2342
2401,44988,2892.769812843062,-2512.637004911388,0.30110383707937233,2081,2342
2402,44939,2861.9158595941321,-2395.5614650105331,0.30095328516083258,2081,2342
2403,44976,2858.6500812835948,-2478.6852336635061,0.30080280851825231,2081,2342
2404,45026,2988.5843194300328,-2469.9590298976718,0.30065240711399321,2081,2342
2405,44961,2922.3524968955121,-2481.0548188140629,0.30050208091043618,2081,2342
2406,44981,2908.0603914497819,-2468.7694061953048,0.30035182986998099,2081,2342
2407,44968,2889.2660521700118,-2456.1428956010959,0.300201653955046,2081,2342
2408,45045,2976.460409660021,-2461.7360528809559,0.30005155312806853,2081,2342
2409,44971,2894.3423800516962,-2512.6008824843921,0.29990152735150438,2081,2342
2410,45050,2983.9048728210992,-2445.97668806515,0.29975157658782869,2081,2342
2411,44966,2948.2857435751439,-2435.1668287335019,0.2996017007995348,2081,2342
2412,45037,2952.3198299931569,-2578.770268487724,0.29945189994913513,2081,2342
2413,44999,2879.469999223094,-2525.597012004127,0.29930217399916048,2081,2342
2414,45045,3032.8716498423942,-2575.081521323883,0.29915252291216099,2081,2342
2415,45010,2962.5083863077998,-2443.3563406519802,0.29900294665070493,2081,2342
2416,45045,2979.7862455532982,-2534.9025918902398,0.29885344517737961,2081,2342
2417,45002,2993.7420742838831,-2454.5204351485322,0.29870401845479089,2081,2342
2418,44980,2996.2646939124811,-2462.146745423323,0.29855466644556361,2081,2342
2419,45011,2932.5875943999608,-2501.8274031194351,0.29840538911234082,2081,2342
2420,44971,2915.2649795492061,-2477.9114109335719,0.29825618641778462,2081,2342
2421,45036,2971.886239860743,-2590.169049398311,0.29810705832457568,2081,2342
2422,44993,2924.965140839372,-2501.607410589751,0.29795800479541351,2081,2342
2423,44987,2903.5261449566819,-2517.4408227288368,0.29780902579301582,2081,2342
2424,45005,2938.3892108571358,-2452.6166879976722,0.29766012128011932,2081,2342
2425,44981,2876.294154248988,-2499.8611438440598,0.29751129121947922,2081,2342
2426,44982,2845.1864245250699,-2437.326465522352,0.29736253557386949,2081,2342
2427,44988,2999.1889340641092,-2435.7791711612049,0.29721385430608249,2081,2342
2428,45084,3042.682974115181,-2519.5733061168139,0.29706524737892948,2081,2342
2429,45017,2973.039502911945,-2588.7765939553201,0.29691671475524012,2081,2342
2430,45034,3052.1874311462698,-2527.2084411839651,0.29676825639786247,2081,2342
2431,44989,2925.6561247964119,-2481.2831765827932,0.29661987226966358,2081,2342
2432,44980,2943.1527689971949,-2530.6821738429039,0.29647156233352878,2081,2342
2433,45064,2980.6412789071751,-2496.126124616314,0.29632332655236199,2081,2342
2434,44960,2917.2069751942681,-2452.8227618289102,0.29617516488908591,2081,2342
2435,45020,3000.7414406713142,-2575.637233448449,0.29602707730664141,2081,2342
2436,44997,2951.5924652842218,-2517.8678389015381,0.29587906376798812,2081,2342
2437,45000,2906.016094652131,-2495.2256917850968,0.29573112423610409,2081,2342
2438,44993,2895.6556075569601,-2502.8201421088179,0.29558325867398599,2081,2342
2439,45004,2918.9204366942981,-2439.8839804698591,0.29543546704464912,2081,2342
2440,45066,3035.6622250784098,-2532.670238228895,0.29528774931112678,2081,2342
2441,45063,3025.2096068625278,-2592.5940268704521,0.29514010543647118,2081,2342
2442,44984,2960.6718227968722,-2515.1190507807341,0.29499253538375297,2081,2342
2443,44998,2974.6945035557942,-2491.949957991636,0.29484503911606119,2081,2342
2444,44973,2986.300438108558,-2431.7259366548101,0.29469761659650318,2081,2342
2445,44986,2968.9245514660538,-2467.0542534562201,0.29455026778820492,2081,2342
2446,45016,2994.3722261900348,-2503.2393170057162,0.29440299265431091,2081,2342
2447,45040,2951.9493882980182,-2511.74538187797,0.29425579115798373,2081,2342
2448,44934,2900.4987810161729,-2409.7250076258538,0.29410866326240481,2081,2342
2449,45054,2923.5537231446151,-2566.618369433264,0.29396160893077361,2081,2342
2450,45060,2999.44158519954,-2614.5344173626449,0.29381462812630821,2081,2342
2451,45021,2898.2273885642649,-2526.1441593049581,0.29366772081224513,2081,2342
2452,45024,2948.0649888666089,-2568.6538154827372,0.29352088695183898,2081,2342
2453,45013,2956.5433317184679,-2504.6033820136172,0.29337412650836309,2081,2342
2454,44984,2921.0527337928502,-2448.9345389319728,0.29322743944510887,2081,2342
2455,45038,2960.6370142745659,-2497.6026918741181,0.29308082572538641,2081,2342
2456,45073,2928.9947824077858,-2515.6395878773019,0.29293428531252369,2081,2342
2457,45025,2919.9647754260818,-2478.605153565245,0.29278781816986749,2081,2342
2458,45022,2969.48935647385,-2553.5865049971048,0.29264142426078249,2081,2342
2459,45052,2939.8700252370172,-2543.4142441933868,0.29249510354865221,2081,2342
2460,45062,2968.7273732709391,-2506.652807319897,0.29234885599687782,2081,2342
2461,44965,2903.84033501565,-2427.452171618856,0.29220268156887941,2081,2342
2462,45005,2877.903382795037,-2496.598219830888,0.292056580228095,2081,2342
2463,45037,2894.9422663562359,-2537.2943429884108,0.29191055193798099,2081,2342
2464,44965,2992.4937459432322,-2459.6150219530432,0.29176459666201199,2081,2342
2465,44993,2848.874458283904,-2497.5946533115412,0.29161871436368098,2081,2342
2466,45021,2935.5436757183788,-2454.0513590426481,0.29147290500649908,2081,2342
2467,44997,2961.10159934576,-2430.337317976509,0.29132716855399587,2081,2342
2468,45007,2933.3128244720151,-2578.6760471290359,0.29118150496971901,2081,2342
2469,45036,2983.3831183451439,-2515.6195588360101,0.29103591421723413,2081,2342
2470,44987,2916.3428316010531,-2552.0861969244502,0.29089039626012553,2081,2342
2471,45010,2985.5776280478722,-2473.5530935397942,0.29074495106199549,2081,2342
2472,45001,2964.7789984866849,-2487.2916382316798,0.29059957858646451,2081,2342
2473,45009,2909.8566052522569,-2431.9067178332948,0.29045427879717128,2081,2342
2474,44975,2961.8707625088582,-2481.8827140865601,0.29030905165777271,2081,2342
2475,45021,3002.4965867602791,-2475.429895821731,0.29016389713194379,2081,2342
2476,44966,2906.6320199643478,-2510.7489497784509,0.29001881518337791,2081,2342
2477,44981,2922.9301217509719,-2481.501003789997,0.28987380577578631,2081,2342
2478,44910,2914.9352232146462,-2447.262585884137,0.28972886887289839,2081,2342
2479,45025,3012.4447372397831,-2496.3054812506289,0.28958400443846188,2081,2342
2480,45009,2936.2983570868168,-2525.7126218097078,0.28943921243624271,2081,2342
2481,44959,2947.6260399971738,-2490.0368488538779,0.28929449283002462,2081,2342
2482,45026,3014.0004199291002,-2526.6555578605462,0.28914984558360962,2081,2342
2483,45037,2964.8281950516939,-2504.3103855919931,0.28900527066081783,2081,2342
2484,45035,2886.3802114735922,-2560.9111811185139,0.28886076802548738,2081,2342
2485,44974,2920.162310046579,-2458.735029323756,0.2887163376414747,2081,2342
2486,45005,2943.9976933691578,-2543.1507296123109,0.28857197947265389,2081,2342
2487,44945,2860.7966680483778,-2469.0663914584238,0.28842769348291758,2081,2342
2488,44999,3017.2551385574911,-2388.3023573001351,0.28828347963617618,2081,2342
2489,45019,2915.8438195719541,-2512.0667255851399,0.28813933789635809,2081,2342
2490,45032,2958.2880123053219,-2532.1101866368372,0.28799526822741001,2081,2342
2491,45004,2935.2228020869529,-2510.7083773435388,0.28785127059329618,2081,2342
2492,45040,2987.611795607485,-2508.9785082667609,0.2877073449579996,2081,2342
2493,45010,2896.7179550866449,-2471.096167815766,0.28756349128552061,2081,2342
2494,44972,2883.2250097248138,-2475.6942637216471,0.28741970953987789,2081,2342
2495,45049,2943.4893713328938,-2591.0336097298682,0.28727599968510797,2081,2342
2496,44958,2873.4900630868792,-2415.576294640714,0.28713236168526551,2081,2342
2497,44932,2914.898580998788,-2410.4670095853839,0.28698879550442291,2081,2342
2498,45011,2907.9721666490941,-2497.2062265722552,0.28684530110667072,2081,2342
2499,45023,2913.2934805244149,-2483.1605174225379,0.28670187845611728,2081,2342
2500,44936,2851.802008992915,-2464.278342223532,0.28655852751688932,2081,2342
2501,44993,2903.3820741363752,-2473.4996353395868,0.28641524825313092,2081,2342
2502,45090,2952.8934411451851,-2583.0521939023188,0.2862720406290043,2081,2342
2503,45032,2971.9135650604248,-2618.448544733717,0.28612890460868978,2081,2342
2504,44999,3002.6280035680952,-2505.1404884790859,0.28598584015638551,2081,2342
2505,44997,2879.1778244718512,-2572.0413900612389,0.28584284723630732,2081,2342
2506,44970,2934.3676639822861,-2476.603985231051,0.28569992581268921,2081,2342
2507,45073,2925.806287910083,-2484.489556561341,0.28555707584978279,2081,2342
2508,45041,2925.2285975835639,-2517.3147057824499,0.28541429731185802,2081,2342
2509,44986,3009.3274950746841,-2486.030850967381,0.28527159016320203,2081,2342
2510,45056,2979.6244613306831,-2449.5374610625281,0.28512895436812052,2081,2342
2511,45019,2936.4522196562179,-2602.9913755933139,0.28498638989093639,2081,2342
2512,45017,2958.9535711939538,-2549.2418207468199,0.28484389669599097,2081,2342
2513,44991,2934.5771625662378,-2480.7554049203022,0.28470147474764301,2081,2342
2514,45008,2961.3937462031849,-2531.066455886712,0.28455912401026923,2081,2342
2515,45021,2935.56581774595,-2473.6357700066201,0.28441684444826409,2081,2342
2516,45001,2974.4534085204041,-2462.6397725105048,0.28427463602603997,2081,2342
2517,45104,3043.070746354083,-2560.1647031906391,0.28413249870802698,2081,2342
2518,44935,2928.3436995655911,-2398.7016446667499,0.283990432458673,2081,2342
2519,45030,2921.4286434336018,-2457.0216181971459,0.28384843724244369,2081,2342
2520,45002,2980.9564757845901,-2500.5087869361741,0.28370651302382249,2081,2342
2521,45017,2908.6891492235281,-2490.167544447082,0.2835646597673106,2081,2342
2522,45025,2866.985196205967,-2570.8070751361288,0.28342287743742689,2081,2342
2523,45014,2916.3090168930289,-2441.4881872727742,0.28328116599870817,2081,2342
2524,45067,2932.212355057472,-2573.6672443010571,0.28313952541570891,2081,2342
2525,45054,3042.0483532709,-2589.8238491318061,0.28299795565300112,2081,2342
2526,45040,2962.0786327732121,-2541.9659290977688,0.28285645667517462,2081,2342
2527,44985,2917.23334135086,-2457.7557889194391,0.28271502844683699,2081,2342
2528,45033,2893.9350560495391,-2547.9155248729362,0.2825736709326136,2081,2342
2529,45010,2916.641729524923,-2538.33373862094,0.28243238409714733,2081,2342
2530,44960,2967.4035909964091,-2400.8064402830369,0.28229116790509878,2081,2342
2531,45027,2901.5411046883091,-2505.8193804705302,0.28215002232114628,2081,2342
2532,45068,2962.6702565157289,-2554.6235582206718,0.28200894730998571,2081,2342
2533,45051,2932.2522425088268,-2560.8121927755369,0.28186794283633071,2081,2342
2534,44958,2901.7005383922201,-2431.069550910373,0.28172700886491259,2081,2342
2535,45010,3025.4573149041421,-2388.8380817971888,0.28158614536048021,2081,2342
2536,45012,2930.3421769406118,-2466.920194337778,0.28144535228779988,2081,2342
2537,45025,2941.3715050549658,-2561.3958018122798,0.28130462961165598,2081,2342
2538,44961,2923.3113404705341,-2453.8880561279011,0.28116397729685022,2081,2342
2539,45001,2946.7558170211892,-2471.4706144808079,0.28102339530820181,2081,2342
2540,44990,2913.2899399399771,-2439.011459344908,0.2808828836105477,2081,2342
2541,44994,2954.9083338838259,-2507.4881658242321,0.28074244216874239,2081,2342
2542,44956,2884.0156542720079,-2487.0341500086761,0.2806020709476581,2081,2342
2543,44956,2849.5738797388422,-2407.0886476737078,0.2804617699121843,2081,2342
2544,45002,2927.262996398118,-2492.6007295566319,0.28032153902722817,2081,2342
2545,44987,2923.1971403905718,-2479.5009484157508,0.28018137825771461,2081,2342
2546,45076,3002.817575343563,-2608.9114749758251,0.28004128756858582,2081,2342
2547,45011,2960.2690552583258,-2474.6965780518171,0.2799012669248015,2081,2342
2548,44918,2844.7771048414661,-2467.9649467301092,0.2797613162913391,2081,2342
2549,44930,2873.2739873242899,-2400.0631740910908,0.27962143563319353,2081,2342
2550,45064,3009.6988758593038,-2549.893025751498,0.27948162491537692,2081,2342
2551,45023,2984.4466167044102,-2534.629421703803,0.27934188410291921,2081,2342
2552,44991,2920.9339460592641,-2503.0441844592742,0.2792022131608678,2081,2342
2553,45054,2996.122157168666,-2476.7739126975089,0.2790626120542874,2081,2342
2554,44941,2863.9305099196331,-2466.2075258361101,0.27892308074826028,2081,2342
2555,45053,3054.9928425088578,-2525.569650118126,0.27878361920788608,2081,2342
2556,44920,2882.6961529991208,-2357.2242373846502,0.27864422739828221,2081,2342
2557,45014,2938.1757777553598,-2500.6236423229038,0.2785049052845831,2081,2342
2558,44952,2886.7612055980758,-2459.5962424501872,0.27836565283194081,2081,2342
2559,45004,2923.970607064372,-2455.3034333315932,0.27822647000552492,2081,2342
2560,45039,3030.965311523958,-2551.614005720442,0.2780873567705221,2081,2342
2561,44976,2883.6665958611061,-2403.6370370187342,0.27794831309213691,2081,2342
2562,44974,2959.027946688112,-2447.0384120321578,0.27780933893559079,2081,2342
2563,44972,2892.740607667899,-2474.4191684487109,0.27767043426612298,2081,2342
2564,45038,2985.9518392916111,-2483.365802472998,0.27753159904899,2081,2342
2565,45083,3043.318988860447,-2605.8010367324341,0.27739283324946551,2081,2342
2566,44979,2890.4482306269001,-2512.8162658295769,0.27725413683284078,2081,2342
2567,44970,2905.5554269943391,-2491.5033459637839,0.27711550976442439,2081,2342
2568,44956,2906.610189986091,-2420.159857531391,0.2769769520095422,2081,2342
2569,44982,2912.2414089570971,-2522.9166493536191,0.27683846353353742,2081,2342
2570,44997,2968.6107740240332,-2499.4777951089368,0.27670004430177059,2081,2342
2571,44997,2968.3001439857021,-2406.4795344065292,0.2765616942796198,2081,2342
2572,44974,2917.0878131576692,-2427.857163582084,0.27642341343248,2081,2342
2573,45112,3048.0510870265348,-2638.0761855934988,0.27628520172576382,2081,2342
2574,45030,2907.417785786718,-2446.9094004256008,0.2761470591249009,2081,2342
2575,45025,2941.3118944301209,-2525.1718747163509,0.27600898559533849,2081,2342
2576,44973,2856.0319743465179,-2461.4384689504182,0.27587098110254082,2081,2342
2577,44970,2865.326263073764,-2440.3060999421718,0.27573304561198958,2081,2342
2578,45010,2976.2185446248682,-2484.003013455922,0.27559517908918357,2081,2342
2579,44988,2893.8772731162062,-2448.1162918799532,0.275457381499639,2081,2342
2580,44986,2902.75580803617,-2489.3047535131618,0.2753196528088892,2081,2342
2581,44964,2966.0687420620879,-2427.78396188439,0.27518199298248469,2081,2342
2582,44937,2852.435281843912,-2424.2081265488569,0.2750444019859935,2081,2342
2583,44967,2893.7576577535292,-2477.4613404792649,0.2749068797850005,2081,2342
2584,45008,2880.4585364989211,-2552.281166694489,0.27476942634510798,2081,2342
2585,44953,2913.112260715257,-2443.232172516703,0.2746320416319355,2081,2342
2586,44989,2915.4601240758138,-2452.8680900643262,0.27449472561111948,2081,2342
2587,45049,2983.1194282479728,-2488.9944195683502,0.27435747824831402,2081,2342
2588,45032,2986.8573629220909,-2521.1308409767512,0.2742202995091898,2081,2342
2589,45072,3081.1510584774801,-2545.8484044795532,0.27408318935943521,2081,2342
2590,45008,2934.7661536223659,-2502.199327548924,0.27394614776475551,2081,2342
2591,45002,2937.568733426333,-2532.0786732293368,0.27380917469087312,2081,2342
2592,44990,2869.6052529961812,-2480.0692691094532,0.27367227010352768,2081,2342
2593,45013,2891.109595172928,-2515.4034091769108,0.27353543396847602,2081,2342
2594,44946,2873.533587508864,-2433.1491861952218,0.27339866625149167,2081,2342
2595,45013,2913.8344789227149,-2537.6645223341529,0.27326196691836602,2081,2342
2596,44928,2855.2164776504769,-2410.63553234135,0.27312533593490679,2081,2342
2597,45029,2986.0737510272088,-2545.3403057281771,0.27298877326693938,2081,2342
2598,44979,2974.8949938879809,-2410.6093896564948,0.27285227888030589,2081,2342
2599,44995,2900.0392124264959,-2459.8722738855931,0.27271585274086579,2081,2342
2600,44969,2899.5236219214521,-2493.8878126060431,0.27257949481449539,2081,2342
2601,44964,2880.8590377336141,-2445.249037756193,0.27244320506708808,2081,2342
2602,45054,2948.6320121357112,-2434.2582394764599,0.27230698346455462,2081,2342
2603,45001,2927.400623883902,-2505.8015392185598,0.27217082997282238,2081,2342
2604,44984,2911.672256798704,-2485.3434282526719,0.27203474455783599,2081,2342
2605,44942,2934.3816393202728,-2397.6734157574592,0.27189872718555708,2081,2342
2606,45023,2968.1833646067098,-2508.1994070696401,0.27176277782196429,2081,2342
2607,44980,2942.217983013777,-2478.8526789867929,0.27162689643305332,2081,2342
2608,44989,2924.0153110406791,-2448.1888010235261,0.27149108298483682,2081,2342
2609,44968,2905.8950602541759,-2512.0297692474392,0.27135533744334439,2081,2342
2610,44998,2924.3549293934329,-2477.8865312559628,0.27121965977462281,2081,2342
2611,45028,2935.889351760417,-2541.5412008191238,0.27108404994473551,2081,2342
2612,45001,2928.7490624513571,-2450.576915526532,0.2709485079197631,2081,2342
2613,44976,2907.1986288383059,-2444.5058597526549,0.27081303366580323,2081,2342
2614,45045,2972.0883649890529,-2568.0449201042529,0.27067762714897031,2081,2342
2615,44999,2909.6412215249652,-2496.3751308664391,0.27054228833539579,2081,2342
2616,44968,2898.6491451007678,-2477.0133880147091,0.27040701719122823,2081,2342
2617,45013,2968.1275565511628,-2545.5581369129059,0.27027181368263259,2081,2342
2618,44943,2852.994022552763,-2408.4028281762862,0.27013667777579131,2081,2342
2619,44967,2917.4968650000942,-2468.222784788672,0.27000160943690338,2081,2342
2620,45002,2932.7317145929001,-2482.7763039823899,0.26986660863218498,2081,2342
2621,44952,2855.476628710333,-2469.9809938829339,0.2697316753278689,2081,2342
2622,44964,2973.7026646518102,-2420.537438375256,0.26959680949020498,2081,2342
2623,44976,2903.9501878968981,-2465.1987918374371,0.26946201108545992,2081,2342
2624,45006,2947.5949160684322,-2495.7215655018131,0.26932728007991719,2081,2342
2625,44982,2897.4984639579052,-2524.3566226409048,0.26919261643987719,2081,2342
2626,45004,2912.4933913493851,-2589.2529717698221,0.26905802013165731,2081,2342
2627,45029,2924.8927783137169,-2480.7600033342392,0.26892349112159147,2081,2342
2628,45050,2893.5695218169399,-2522.5835419152618,0.26878902937603072,2081,2342
2629,44969,2912.248975159986,-2472.229837748298,0.26865463486134272,2081,2342
2630,44980,2937.195174858683,-2446.6446262854402,0.26852030754391198,2081,2342
2631,45031,2956.277284134027,-2448.5932649029451,0.2683860473901401,2081,2342
2632,45052,2926.5617561143358,-2481.3013741912509,0.26825185436644511,2081,2342
2633,44985,2938.0359413562792,-2449.9117326195401,0.26811772843926179,2081,2342
2634,44922,2882.3131956695302,-2491.29574588674,0.26798366957504222,2081,2342
2635,45027,2956.5453595610552,-2490.7886003821709,0.2678496777402547,2081,2342
2636,45062,2953.4118354222442,-2571.1860243671581,0.26771575290138461,2081,2342
2637,45014,2933.0053936568829,-2413.8464792348841,0.2675818950249339,2081,2342
2638,44958,2897.2460944222289,-2427.0226899466311,0.26744810407742142,2081,2342
2639,45012,2913.3122189576961,-2439.240233724101,0.26731438002538271,2081,2342
2640,45010,2968.898359187086,-2501.729216655353,0.26718072283536998,2081,2342
2641,44979,2927.4829703077098,-2462.9619448066669,0.26704713247395229,2081,2342
2642,45037,2928.2827601952281,-2546.6864032643039,0.26691360890771543,2081,2342
2643,45003,3010.2191786154208,-2529.1078743704602,0.2667801521032615,2081,2342
2644,45028,2920.2587020065448,-2530.1274540973759,0.26664676202720988,2081,2342
2645,45006,2954.834779280779,-2481.4705945697328,0.26651343864619631,2081,2342
2646,45044,2990.4774994321278,-2510.9399057260489,0.26638018192687318,2081,2342
2647,45003,3006.0836906594209,-2477.986610002481,0.26624699183590977,2081,2342
2648,44993,2991.4552195138522,-2490.80315507463,0.2661138683399919,2081,2342
2649,44937,2871.0740567091352,-2425.2224180573498,0.26598081140582192,2081,2342
2650,44988,2966.233966895848,-2463.2040300185222,0.265847821000119,2081,2342
2651,45011,2906.9114621773838,-2491.9684686755459,0.26571489708961887,2081,2342
2652,44949,2922.1078138194321,-2375.133202873285,0.26558203964107407,2081,2342
2653,44964,2906.0283972388938,-2483.9980913237782,0.26544924862125358,2081,2342
2654,45043,2946.794629026479,-2549.4943990429551,0.265316523996943,2081,2342
2655,44991,2922.9246269212622,-2486.3642290611419,0.26518386573494462,2081,2342
2656,44925,2921.97444860527,-2424.6695391765938,0.2650512738020771,2081,2342
2657,44958,2943.6676681244958,-2425.4308193653769,0.26491874816517608,2081,2342
2658,45043,2973.4341210529592,-2591.753303053219,0.2647862887910935,2081,2342
2659,45058,2968.2253980062092,-2537.902676686052,0.26465389564669789,2081,2342
2660,45032,2861.1742071085419,-2482.318768109089,0.26452156869887461,2081,2342
2661,45012,2879.3270071231491,-2518.3560790082688,0.2643893079145252,2081,2342
2662,45051,2933.0738200484411,-2481.7365106790339,0.26425711326056789,2081,2342
2663,44973,2883.031048511893,-2480.3243025893689,0.26412498470393769,2081,2342
2664,45039,2913.3069906893111,-2509.3688272712261,0.26399292221158571,2081,2342
2665,44951,2964.7373630394591,-2449.0613846043561,0.26386092575047992,2081,2342
2666,44993,2918.8115695444849,-2421.2786820873271,0.26372899528760468,2081,2342
2667,44944,2826.4096537174692,-2474.1539915973872,0.26359713078996089,2081,2666
2668,44993,2930.3959503020242,-2480.0554462434802,0.26346533222456592,2081,2666
2669,45042,2979.3548060715239,-2463.476854489596,0.26333359955845359,2081,2666
2670,45022,2910.7014699663132,-2548.6341217388699,0.26320193275867437,2081,2666
2671,44961,2844.3236045476651,-2452.51105694644,0.26307033179229511,2081,2666
2672,44924,2864.2677263826799,-2438.226072315817,0.26293879662639902,2081,2666
2673,44995,2929.4265522607802,-2527.1160029511029,0.26280732722808581,2081,2666
2674,44954,2899.367356460521,-2510.414985032382,0.26267592356447172,2081,2666
2675,44985,2944.14809813177,-2494.8430069710621,0.26254458560268951,2081,2666
2676,44967,2848.7722951029932,-2398.1436216374341,0.26241331330988821,2081,2666
2677,45003,2885.6359118919172,-2521.0392536977788,0.2622821066532332,2081,2666
2678,44977,2881.52076070255,-2402.1358484257548,0.26215096559990658,2081,2666
2679,44984,2905.5116041067049,-2478.7569169118801,0.26201989011710658,2081,2666
2680,44985,2921.059555411035,-2431.5747478490962,0.26188888017204809,2081,2666
2681,45002,2924.57588985041,-2543.3784549655988,0.2617579357319621,2081,2666
2682,44989,2949.575560312745,-2447.5814034449909,0.26162705676409609,2081,2666
2683,45000,2886.7071789554702,-2469.5988883426749,0.26149624323571408,2081,2666
2684,44961,2897.4820250555008,-2464.070826432725,0.26136549511409629,2081,2666
2685,45001,2991.8392376994238,-2455.315003967482,0.26123481236653928,2081,2666
2686,45032,2960.0160255384872,-2521.6312528935059,0.26110419496035597,2081,2666
2687,45026,2889.5762668471089,-2484.8651510406112,0.26097364286287589,2081,2666
2688,44998,2924.496834982855,-2519.3260474629328,0.26084315604144448,2081,2666
2689,45013,2919.428713018031,-2566.3380818979431,0.26071273446342369,2081,2666
2690,44999,2875.1318237361061,-2477.7748764654971,0.26058237809619211,2081,2666
2691,44969,2893.7174098125301,-2453.407127542956,0.260452086907144,2081,2666
2692,45014,2944.2477153300229,-2480.9191317172558,0.26032186086369041,2081,2666
2693,45016,2974.9513792311718,-2510.8820110748552,0.26019169993325858,2081,2666
2694,45055,3005.1584196024969,-2663.7389804124941,0.26006160408329199,2081,2666
2695,44991,2968.012385401863,-2466.672584311752,0.25993157328125033,2081,2666
2696,45022,2946.410370507976,-2457.6370453111581,0.25980160749460968,2081,2666
2697,45051,3005.621921824491,-2528.4661399547522,0.25967170669086242,2081,2666
2698,45056,2978.932198142541,-2514.5417396056082,0.25954187083751701,2081,2666
2699,45008,3026.9461706772049,-2467.3137044791561,0.25941209990209818,2081,2666
2700,44945,2833.6226519947231,-2488.7451413043868,0.25928239385214719,2081,2666
2701,44938,2863.4391451225938,-2503.2599404294888,0.25915275265522109,2081,2666
2702,44957,2862.8590224028412,-2436.9909570664358,0.25902317627889349,2081,2666
2703,44992,2886.9521625052639,-2482.6764024656009,0.25889366469075409,2081,2666
2704,44953,2868.184474563182,-2459.4985115205559,0.25876421785840881,2081,2666
2705,44993,2935.3378438758359,-2574.4167211507261,0.25863483574947949,2081,2666
2706,45000,2875.4324199265752,-2452.160758418961,0.25850551833160479,2081,2666
2707,44942,2850.2233452302539,-2429.1218491074542,0.25837626557243898,2081,2666
2708,45009,2897.9842640745069,-2470.4074172518031,0.25824707743965281,2081,2666
2709,45007,2900.6526953041021,-2503.6860023951949,0.25811795390093301,2081,2666
2710,44962,2904.1224548869081,-2398.5824445765888,0.25798889492398253,2081,2666
2711,45016,2988.3099627207248,-2493.2015144208181,0.25785990047652058,2081,2666
2712,45001,2860.7831365476241,-2416.3148785629342,0.25773097052628241,2081,2666
2713,44967,2895.3791964263269,-2415.2349979220039,0.25760210504101921,2081,2666
2714,44992,2907.063492426259,-2467.4575848467812,0.25747330398849871,2081,2666
2715,45012,2930.9945300781792,-2443.040046418474,0.25734456733650451,2081,2666
2716,44979,2898.2515542509718,-2448.9571609292279,0.25721589505283621,2081,2666
2717,45041,2987.2383545671751,-2593.0625212897089,0.25708728710530981,2081,2666
2718,44996,2878.8570791149259,-2552.967142846453,0.25695874346175718,2081,2666
2719,44971,2890.3627764875851,-2554.023590566198,0.25683026409002629,2081,2666
2720,44987,2826.4020470240798,-2441.3593298735568,0.25670184895798132,2081,2719
2721,45060,2956.463095983067,-2587.9651344136691,0.25657349803350232,2081,2719
2722,45035,2978.7722951697178,-2620.6593444922,0.25644521128448561,2081,2719
2723,44982,2877.2708114111579,-2471.3609858834629,0.25631698867884339,2081,2719
2724,44966,2841.6313192766038,-2461.2186444650461,0.256188830184504,2081,2719
2725,44949,2863.8759910004828,-2402.2510153464382,0.25606073576941168,2081,2719
2726,44993,2924.9595574580471,-2431.6928702390478,0.25593270540152713,2081,2719
2727,44987,2866.6414067492092,-2455.2519891851562,0.25580473904882628,2081,2719
2728,45028,2917.4820965799108,-2489.800622734223,0.25567683667930191,2081,2719
2729,45065,2937.4175040925611,-2482.406772956409,0.25554899826096228,2081,2719
2730,44973,2903.3767739573091,-2518.0507546233612,0.25542122376183179,2081,2719
2731,45003,2895.6780344627059,-2458.9977840170809,0.25529351314995091,2081,2719
2732,44956,2900.0625744783179,-2448.826355803626,0.25516586639337602,2081,2719
2733,44957,2893.1492812275978,-2432.9550593482782,0.25503828346017932,2081,2719
2734,45056,2954.369089867942,-2580.690451445736,0.25491076431844922,2081,2719
2735,44997,2866.7698385765129,-2504.676220377361,0.25478330893628998,2081,2719
2736,44959,2882.8561463611049,-2392.2184997472659,0.25465591728182191,2081,2719
2737,44994,2900.50978874056,-2392.0805664838281,0.25452858932318101,2081,2719
2738,45058,3024.3856813365242,-2582.7570739481548,0.25440132502851942,2081,2719
2739,45040,2942.1263960169322,-2530.4913313003321,0.25427412436600511,2081,2719
2740,45060,2929.4911192138661,-2545.9683277412601,0.25414698730382212,2081,2719
2741,45015,2914.2002060961431,-2540.6571699230631,0.25401991381017031,2081,2719
2742,45002,2895.7137116002359,-2524.042882470208,0.25389290385326518,2081,2719
2743,44993,2981.5190799384359,-2448.0500961435009,0.25376595740133862,2081,2719
2744,44996,2937.4000281581839,-2487.6097041524249,0.25363907442263789,2081,2719
2745,44953,2900.602215301496,-2420.9727104343719,0.25351225488542661,2081,2719
2746,45000,2906.9637420962608,-2527.5258599186941,0.25338549875798388,2081,2719
2747,44948,2930.6059600704239,-2440.3864463697569,0.2532588060086049,2081,2719
2748,44965,2986.4224263253782,-2419.4917534991232,0.25313217660560061,2081,2719
2749,45029,2910.3187684318682,-2496.176383325188,0.25300561051729781,2081,2719
2750,44945,2843.8973510827409,-2423.0617485471839,0.2528791077120392,2081,2719
2751,44979,2914.9557025662898,-2539.2807715330582,0.2527526681581832,2081,2719
2752,44988,2965.0744603608691,-2512.7662390495402,0.25262629182410412,2081,2719
2753,44961,2856.1200717157221,-2314.9253164379202,0.25249997867819213,2081,2719
2754,45000,2910.3255380652809,-2464.9234011259268,0.25237372868885299,2081,2719
2755,44926,2854.038600471486,-2426.634122518044,0.25224754182450859,2081,2719
2756,45018,2948.9437929450519,-2504.7992974798822,0.25212141805359628,2081,2719
2757,44995,2908.387016721847,-2473.9293070144358,0.25199535734456963,2081,2719
2758,44934,2894.819660553575,-2422.6552379578961,0.2518693596658973,2081,2719
2759,45017,2919.8523792933611,-2526.6354532092068,0.25174342498606428,2081,2719
2760,44957,2982.3903450878629,-2421.661569593814,0.25161755327357133,2081,2719
2761,44957,2928.727874042565,-2427.6041090048238,0.25149174449693462,2081,2719
2762,44973,2932.021711497483,-2448.134671454457,0.25136599862468612,2081,2719
2763,45006,2850.6510174304972,-2526.1002568309132,0.2512403156253738,2081,2719
2764,44994,2953.77461156352,-2483.9010023675369,0.2511146954675611,2081,2719
2765,45032,2992.1176309461689,-2558.5544349677398,0.25098913811982732,2081,2719
2766,44984,2897.4909935098131,-2445.538832463129,0.2508636435507674,2081,2719
2767,44989,2960.7664546854521,-2451.281391984086,0.25073821172899202,2081,2719
2768,44964,2926.447844859872,-2388.1857435529409,0.25061284262312761,2081,2719
2769,44966,2897.4012220017771,-2464.0430976486759,0.25048753620181602,2081,2719
2770,45048,2978.0739260309369,-2506.867949987854,0.25036229243371511,2081,2719
2771,44948,2857.0317745450911,-2479.9328543133111,0.25023711128749832,2081,2719
2772,44979,2915.8469389396469,-2507.5490384027121,0.25011199273185453,2081,2719
2773,44993,2915.3923051769998,-2416.4593338522791,0.24998693673548861,2081,2719
2774,44972,2942.4631141168588,-2461.4993008429901,0.24986194326712091,2081,2719
2775,45005,2897.5786490019768,-2557.0406053790721,0.24973701229548731,2081,2719
2776,44986,2932.1695630130748,-2461.4495273835332,0.2496121437893396,2081,2719
2777,44957,2877.7613324686872,-2486.855288479986,0.24948733771744491,2081,2719
2778,45024,2934.3862084900602,-2581.5379747892662,0.24936259404858621,2081,2719
2779,44999,2885.4432447564882,-2508.1255384270021,0.24923791275156201,2081,2719
2780,45055,3003.411827337944,-2597.5013764686259,0.24911329379518621,2081,2719
2781,45020,2953.0375592209029,-2514.024229125223,0.24898873714828859,2081,2719
2782,45031,2939.3561625646739,-2508.8770246705681,0.2488642427797145,2081,2719
2783,44958,2879.135685659141,-2422.4959455821349,0.24873981065832459,2081,2719
2784,44965,2875.305193591199,-2423.0056595584329,0.24861544075299549,2081,2719
2785,44998,2921.8208634662128,-2443.044793859759,0.24849113303261899,2081,2719
2786,44996,2917.8718830798098,-2515.2863711108121,0.24836688746610269,2081,2719
2787,44979,2952.4915555464509,-2418.7167135062082,0.24824270402236959,2081,2719
2788,44959,2840.8971637270679,-2509.6784210557289,0.2481185826703585,2081,2719
2789,45000,3007.32257458712,-2455.4386770643182,0.24799452337902331,2081,2719
2790,44936,2853.304349440541,-2484.8925566665498,0.24787052611733379,2081,2719
2791,45014,2900.6551972525649,-2414.943381251519,0.24774659085427519,2081,2719
2792,44944,2893.850367535425,-2490.564729525363,0.24762271755884799,2081,2719
2793,44979,2882.2547222400458,-2503.0541445391891,0.24749890620006859,2081,2719
2794,45013,2902.3210465178631,-2512.5201506053031,0.24737515674696861,2081,2719
2795,44996,2863.2627309141112,-2556.7061090400121,0.24725146916859519,2081,2719
2796,45007,2930.2743467701562,-2562.348782871095,0.2471278434340109,2081,2719
2797,44966,2859.4266675192239,-2453.333595737683,0.2470042795122939,2081,2719
2798,45048,2941.040594014652,-2532.774149782008,0.2468807773725378,2081,2719
2799,44996,2885.8750068707959,-2511.3404343201678,0.24675733698385149,2081,2719
2800,44989,2947.241409043871,-2508.390882627933,0.24663395831535961,2081,2719
2801,44983,2840.9196629871572,-2451.912813067338,0.24651064133620201,2081,2719
2802,44968,2889.3947226508021,-2432.446471712125,0.24638738601553389,2081,2719
2803,45060,2971.075274786213,-2486.0858585642891,0.24626419232252611,2081,2719
2804,45046,3012.5030153600978,-2590.8029003653928,0.24614106022636489,2081,2719
2805,44949,2908.7856350502589,-2416.910119349227,0.24601798969625169,2081,2719
2806,44977,2868.704782910007,-2427.9414131015278,0.24589498070140359,2081,2719
2807,44972,2937.8224985218931,-2450.0743837803661,0.2457720332110529,2081,2719
2808,44965,2992.3689215625268,-2452.3645323280971,0.24564914719444739,2081,2719
2809,45024,2947.4790609789111,-2521.3793369372129,0.2455263226208502,2081,2719
2810,44994,2946.0782113339401,-2471.915871256937,0.24540355945953979,2081,2719
2811,44967,2908.015138778821,-2427.5282611812931,0.24528085767981,2081,2719
2812,45030,2961.4469477545049,-2433.9003187112999,0.24515821725097009,2081,2719
2813,45008,2926.9356923706841,-2459.4574565921471,0.24503563814234461,2081,2719
2814,44952,2895.9019844149898,-2489.1219696386102,0.2449131203232735,2081,2719
2815,44949,2938.8153551119572,-2405.004334288873,0.24479066376311179,2081,2719
2816,44959,2918.9251730094452,-2447.4440303174192,0.2446682684312303,2081,2719
2817,44978,2921.2928371172679,-2467.0101824982039,0.24454593429701471,2081,2719
2818,45015,2891.875624597455,-2478.861712472512,0.2444236613298662,2081,2719
2819,44948,2897.6960660540931,-2433.6498041754212,0.2443014494992013,2081,2719
2820,44974,2917.20078966655,-2490.766512094232,0.24417929877445169,2081,2719
2821,45059,2963.063225165492,-2569.528805711363,0.24405720912506451,2081,2719
2822,44911,2817.6162366770109,-2472.7452661657071,0.243935180520502,2081,2821
2823,44963,2895.5547377549369,-2518.5566567026281,0.24381321293024169,2081,2821
2824,45007,2902.2390799516438,-2536.027864997111,0.24369130632377661,2081,2821
2825,44937,2830.1737612761008,-2455.1719847759759,0.2435694606706148,2081,2821
2826,45014,2949.0507977390798,-2551.9824131362479,0.2434476759402795,2081,2821
2827,45020,2889.594680415566,-2479.553379810628,0.24332595210230931,2081,2821
2828,44983,2932.1329105494578,-2528.0365875193388,0.24320428912625819,2081,2821
2829,45022,2995.1555222534089,-2499.3455578273611,0.24308268698169511,2081,2821
2830,44956,2849.440729977211,-2479.764970662919,0.24296114563820431,2081,2821
2831,44982,2899.804871852341,-2440.143832473676,0.24283966506538521,2081,2821
2832,45010,2926.435440727013,-2503.0925351527908,0.24271824523285249,2081,2821
2833,45039,2976.997220930677,-2481.1997313671368,0.24259688611023611,2081,2821
2834,45020,2958.300185218146,-2488.1033327453788,0.242475587667181,2081,2821
2835,44987,2935.5774902715661,-2457.9297630220399,0.24235434987334739,2081,2821
2836,45042,3009.778047422059,-2581.702475505002,0.2422331726984108,2081,2821
2837,44978,2922.2527971072118,-2544.1621245074971,0.2421120561120616,2081,2821
2838,44950,2911.6492639435842,-2437.508940672958,0.24199100008400559,2081,2821
2839,44992,2890.9496283263011,-2497.1778548866869,0.2418700045839636,2081,2821
2840,44978,2916.8465256383561,-2491.926070722202,0.24174906958167161,2081,2821
2841,44942,2866.300049591292,-2405.9378244944369,0.24162819504688079,2081,2821
2842,44986,2885.5314115812239,-2422.8954621081839,0.24150738094935739,2081,2821
2843,44979,2887.3400812849859,-2414.4165936507638,0.24138662725888271,2081,2821
2844,44947,2865.8693682791982,-2479.233653663433,0.24126593394525331,2081,2821
2845,44940,2915.548236509555,-2437.1653132323172,0.2411453009782806,2081,2821
2846,45014,2942.2881927828998,-2493.6209330006141,0.24102472832779151,2081,2821
2847,45050,3008.033276490899,-2516.5804698084462,0.2409042159636276,2081,2821
2848,44933,2867.017725411039,-2392.6479327885882,0.24078376385564579,2081,2821
2849,44936,2879.6720170039339,-2428.793274807917,0.24066337197371801,2081,2821
2850,45004,2931.4047459298808,-2471.2737664444908,0.24054304028773121,2081,2821
2851,44979,2899.6076402503982,-2434.4666836597462,0.24042276876758731,2081,2821
2852,45000,2853.3577053579561,-2491.6767894298532,0.2403025573832035,2081,2821
2853,44960,2925.5766018197542,-2551.655997640255,0.24018240610451189,2081,2821
2854,45001,2889.7649390431161,-2478.9648714053951,0.24006231490145971,2081,2821
2855,44962,2920.9821248567259,-2460.396191648028,0.239942283744009,2081,2821
2856,44994,2909.8006501021919,-2484.658731142074,0.23982231260213699,2081,2821
2857,45031,2981.4964149124412,-2505.8197787106142,0.23970240144583599,2081,2821
2858,44972,2918.327036389056,-2498.5719479852819,0.23958255024511299,2081,2821
2859,44956,2858.792648468338,-2505.736034431462,0.2394627589699905,2081,2821
2860,45020,2894.325524925126,-2541.730201503944,0.23934302759050549,2081,2821
2861,45000,2948.0939953975999,-2519.5037560616552,0.2392233560767103,2081,2821
2862,45015,2919.166468396123,-2440.5649100848318,0.23910374439867191,2081,2821
2863,44962,2864.3138240388512,-2426.056733532288,0.2389841925264726,2081,2821
2864,45016,2937.9343175309018,-2482.0693212956339,0.23886470043020941,2081,2821
2865,44996,3004.4184784640861,-2465.161850201046,0.2387452680799943,2081,2821
2866,44985,2990.1086846246699,-2465.519892843588,0.23862589544595431,2081,2821
2867,44920,2835.5545560949099,-2469.6108028370631,0.23850658249823131,2081,2821
2868,45030,2887.4360011937679,-2528.9034467395459,0.23838732920698219,2081,2821
2869,45034,2984.5835816041049,-2522.2768343483349,0.2382681355423788,2081,2821
2870,44944,2868.1689668432632,-2455.108701375892,0.2381490014746076,2081,2821
2871,45007,2942.0036464463492,-2486.3881955443921,0.23802992697387029,2081,2821
2872,44992,2869.587144711807,-2511.9636454780921,0.23791091201038339,2081,2821
2873,44986,2935.4007888827941,-2476.5293040408001,0.23779195655437821,2081,2821
2874,45002,2905.9591819332732,-2507.0273676786978,0.23767306057610099,2081,2821
2875,45006,2912.2188597355898,-2410.2690927017702,0.237554224045813,2081,2821
2876,44970,2882.634736996396,-2475.6309430878191,0.2374354469337901,2081,2821
2877,45024,2965.5841223359571,-2465.1695589654009,0.23731672921032321,2081,2821
2878,44942,2822.302386615223,-2444.619495677302,0.23719807084571801,2081,2821
2879,45000,2930.7889137891798,-2473.847489551034,0.23707947181029521,2081,2821
2880,45005,2959.173735156055,-2465.6780384909048,0.23696093207439001,2081,2821
2881,45004,3010.416822412365,-2480.6913635820852,0.23684245160835279,2081,2821
2882,45003,2944.6216550558661,-2496.6435032890058,0.23672403038254869,2081,2821
2883,44983,2870.3151988509171,-2400.8030120640019,0.23660566836735741,2081,2821
2884,44964,2901.3252907210972,-2411.7854423709532,0.23648736553317379,2081,2821
2885,44963,2883.057971426641,-2454.688470398045,0.2363691218504072,2081,2821
2886,45000,2898.1145381999272,-2423.459228653388,0.23625093728948199,2081,2821
2887,45007,2961.20596868338,-2441.8937800563358,0.23613281182083731,2081,2821
2888,44988,2905.2093730636461,-2515.6938147535911,0.2360147454149269,2081,2821
2889,45051,2987.7171935251858,-2619.244666868296,0.23589673804221939,2081,2821
2890,44974,2949.296949775598,-2486.955531917577,0.23577878967319829,2081,2821
2891,44937,2843.4145063097289,-2455.074674271325,0.2356609002783617,2081,2821
2892,45010,2961.003298720741,-2492.543798473589,0.2355430698282226,2081,2821
2893,44982,2919.5610715450612,-2470.9576497609009,0.23542529829330849,2081,2821
2894,44978,2929.5594407195222,-2481.774605365566,0.23530758564416179,2081,2821
2895,45017,2996.5972241711788,-2483.9194249124671,0.23518993185133971,2081,2821
2896,45006,2927.7176843529651,-2426.886971231917,0.2350723368854141,2081,2821
2897,44971,2977.5286024838902,-2448.3954673715161,0.23495480071697139,2081,2821
2898,44976,2956.334252361401,-2475.7376673285548,0.23483732331661289,2081,2821
2899,44983,2913.6199059853211,-2440.6892541658908,0.2347199046549546,2081,2821
2900,44956,2906.28783253041,-2474.8845423864359,0.23460254470262709,2081,2821
2901,44904,2827.926797065797,-2389.163559040589,0.23448524343027591,2900,2821
2902,44982,2927.279462429306,-2490.2179911694898,0.23436800080856071,2900,2821
2903,44964,2980.6505657633379,-2416.6021284574658,0.23425081680815649,2900,2821
2904,44968,2846.8133053218321,-2512.316970875037,0.2341336913997524,2900,2821
2905,44978,2883.6153106578372,-2407.7148262697328,0.2340166245540525,2900,2821
2906,44946,2879.63534705557,-2437.5259706972438,0.23389961624177549,2900,2821
2907,45029,2909.045443628042,-2591.5382858928328,0.23378266643365461,2900,2821
2908,44976,2909.1823945888291,-2458.994181130196,0.23366577510043779,2900,2821
2909,45035,2961.642003022901,-2531.595746060787,0.23354894221288761,2900,2821
2910,44995,2928.8221565765671,-2467.7316680868621,0.23343216774178119,2900,2821
2911,44940,2854.371419494249,-2466.6425706546588,0.23331545165791029,2900,2821
2912,44987,2888.06934414651,-2494.0559099438701,0.2331987939320814,2900,2821
2913,45034,3009.397402776081,-2543.853302082257,0.23308219453511531,2900,2821
2914,45020,2906.8052597785472,-2540.6546664438579,0.23296565343784781,2900,2821
2915,45007,2901.356113354293,-2509.9080521022011,0.23284917061112889,2900,2821
2916,44984,2883.0028503314302,-2470.6413494194958,0.23273274602582331,2900,2821
2917,44966,2872.4065394336221,-2402.4775394280409,0.2326163796528104,2900,2821
2918,45032,2933.237434064687,-2506.752902834829,0.23250007146298399,2900,2821
2919,44951,2907.9724493488052,-2389.99459918906,0.2323838214272525,2900,2821
2920,44994,2859.4939717623511,-2525.243401736047,0.2322676295165389,2900,2821
2921,45056,2925.3230528166032,-2550.7434992600761,0.2321514957017807,2900,2821
2922,44957,2922.4960281449921,-2453.5473910079941,0.23203541995392979,2900,2821
2923,44943,2892.864522723708,-2496.891184090256,0.2319194022439528,2900,2821
2924,44983,2923.1851896177291,-2516.693135807996,0.23180344254283089,2900,2821
2925,44961,2828.230706545095,-2407.4961936807922,0.23168754082155951,2900,2821
2926,44977,2920.6698495006181,-2488.56245005452,0.23157169705114869,2900,2821
2927,45017,2913.4084401610139,-2530.4323751284769,0.2314559112026231,2900,2821
2928,44951,2850.19430181804,-2452.109425761389,0.2313401832470218,2900,2821
2929,44932,2882.812510697549,-2434.429417723486,0.2312245131553983,2900,2821
2930,45041,2936.6945948096791,-2559.516365095843,0.23110890089882061,2900,2821
2931,45003,2874.3926081420241,-2460.4742604627081,0.23099334644837119,2900,2821
2932,45012,2878.5885937942071,-2533.0605225795289,0.23087784977514711,2900,2821
2933,44983,2887.3264845985859,-2455.4930079575879,0.2307624108502595,2900,2821
2934,44976,2942.2156033552301,-2467.6436704377002,0.23064702964483441,2900,2821
2935,45043,2954.370606117699,-2561.6040911535251,0.230531706130012,2900,2821
2936,45007,2909.991744330559,-2488.4104652149908,0.23041644027694699,2900,2821
2937,44964,2859.8031302886839,-2481.4443703198281,0.23030123205680861,2900,2821
2938,44929,2867.0744590982108,-2434.785061826592,0.23018608144078009,2900,2821
2939,44927,2877.63199324385,-2416.5345623740759,0.23007098840005979,2900,2821
2940,44991,2962.802134533636,-2493.968079101227,0.22995595290585971,2900,2821
2941,44968,2838.1185048729599,-2519.4691386808918,0.2298409749294068,2900,2821
2942,44999,2930.0131423732741,-2522.8207789050798,0.22972605444194211,2900,2821
2943,45002,2994.34786022861,-2496.0376264426968,0.22961119141472119,2900,2821
2944,45004,2885.9634109163412,-2455.3549150087661,0.2294963858190138,2900,2821
2945,45013,2904.9452155878921,-2490.9145389626119,0.22938163762610431,2900,2821
2946,44996,2972.810288012186,-2489.4384397623262,0.22926694680729129,2900,2821
2947,45041,2962.9522694187522,-2529.2957030246971,0.22915231333388769,2900,2821
2948,45030,2929.2784246934139,-2533.5653550421671,0.2290377371772207,2900,2821
2949,44933,2870.9993479227278,-2353.7875937456361,0.2289232183086321,2900,2821
2950,44998,2943.3471662078268,-2445.5191432578731,0.22880875669947781,2900,2821
2951,44958,2890.7591746833868,-2468.0110745635679,0.22869435232112811,2900,2821
2952,44941,2881.1630538720278,-2517.5627408014861,0.2285800051449676,2900,2821
2953,44972,2849.513129481225,-2426.542456386675,0.22846571514239511,2900,2821
2954,44937,2859.1254686877151,-2458.3670611790849,0.22835148228482391,2900,2821
2955,45000,2998.3850808755892,-2479.2199022676282,0.22823730654368149,2900,2821
2956,45021,2928.9108221035322,-2528.7518602121768,0.2281231878904097,2900,2821
2957,44947,2884.074574645198,-2465.3150918574338,0.2280091262964645,2900,2821
2958,45004,2937.8964014511121,-2431.119093161135,0.2278951217333163,2900,2821
2959,44992,2882.9768804221608,-2385.487649181297,0.2277811741724497,2900,2821
2960,45033,2926.111950711002,-2547.3881972891008,0.22766728358536351,2900,2821
2961,44962,2924.9399921423401,-2452.8066444348769,0.2275534499435708,2900,2821
2962,44969,2815.3919741669988,-2465.7769549558711,0.22743967321859901,2900,2961
2963,44979,2913.8000917344662,-2464.026775228519,0.22732595338198969,2900,2961
2964,44968,2828.1218445174618,-2423.7065112078431,0.22721229040529869,2900,2961
2965,44992,2945.2182841507288,-2501.2025719899798,0.22709868426009611,2900,2961
2966,45018,2926.5450495179221,-2565.9997200802518,0.22698513491796601,2900,2961
2967,44984,2865.9541306200522,-2456.4805459556442,0.22687164235050711,2900,2961
2968,44972,2904.798216611402,-2408.488828211397,0.22675820652933179,2900,2961
2969,45081,3056.937338304183,-2560.1414276285109,0.2266448274260672,2900,2961
2970,45033,2910.4387597450468,-2492.4434666970228,0.2265315050123542,2900,2961
2971,44940,2883.2441693179599,-2427.912262462728,0.226418239259848,2900,2961
2972,44930,2925.8116381259479,-2471.5134504496591,0.22630503014021811,2900,2961
2973,44940,2864.6206572753149,-2452.6143455592578,0.226191877625148,2900,2961
2974,45013,2994.6378035058392,-2479.808539735795,0.22607878168633541,2900,2961
2975,45049,2885.1092406051989,-2505.1014068946029,0.22596574229549229,2900,2961
2976,45026,2889.290316811584,-2454.1423274266131,0.2258527594243446,2900,2961
2977,44957,2922.7539729060509,-2436.3412850188902,0.22573983304463241,2900,2961
2978,44951,2955.6670376452271,-2426.4769769512859,0.22562696312811009,2900,2961
2979,45000,2902.8842649716712,-2518.7696914496769,0.22551414964654609,2900,2961
2980,44972,2930.027191694327,-2407.4347370403848,0.22540139257172279,2900,2961
2981,44989,2863.1505469494818,-2425.11440569352,0.22528869187543701,2900,2961
2982,44940,2882.0700121423001,-2462.9431649861281,0.22517604752949921,2900,2961
2983,44947,2875.0295447601152,-2446.0313498904438,0.2250634595057345,2900,2961
2984,45008,2936.1944628979859,-2519.04583324226,0.22495092777598161,2900,2961
2985,44967,2851.7456402039002,-2418.5681694092768,0.22483845231209371,2900,2961
2986,45008,2881.3827806704221,-2497.666070862605,0.22472603308593761,2900,2961
2987,44971,2907.032759583456,-2502.2676453852259,0.22461367006939459,2900,2961
2988,44916,2926.1036499336142,-2468.7282698399931,0.22450136323436001,2900,2961
2989,44954,2864.404352196419,-2461.5990846764612,0.2243891125527428,2900,2961
2990,44991,2894.7621433418371,-2463.3237972106458,0.2242769179964664,2900,2961
2991,44961,2915.7749472655751,-2468.7662734465598,0.22416477953746819,2900,2961
2992,44958,2902.3002961500079,-2493.227337342707,0.22405269714769949,2900,2961
2993,45002,2938.669916472129,-2495.6923189997951,0.22394067079912569,2900,2961
2994,44991,2873.6108023898792,-2444.5152147545209,0.2238287004637261,2900,2961
2995,44955,2865.729143685026,-2481.4045884045672,0.22371678611349419,2900,2961
2996,44913,2861.8645129647998,-2388.4132581535828,0.2236049277204375,2900,2961
2997,44997,2912.003282619291,-2444.4800226973589,0.2234931252565773,2900,2961
2998,45032,2917.372871829798,-2516.0943437628061,0.223381378693949,2900,2961
2999,44971,2876.7213851688011,-2476.1710892405381,0.22326968800460209,2900,2961
3000,44990,2888.6723355349818,-2465.3475736214741,0.22315805316059981,2900,2961
