episode,makespan,std_dev_workload,avg_reward,epsilon,best_makespan_so_far,best_std_dev_so_far
1,44989,3206.3967489842312,-2684.133876671518,1,0,0
2,44932,3157.1818810539539,-2794.391941242056,0.999,1,1
3,45026,3276.127395831606,-2862.712568863461,0.99800100000000003,1,1
4,45097,3365.9563654943731,-2854.788872753843,0.997002999,1,1
5,45020,3262.3919339659419,-2651.1218111859271,0.99600599600100004,1,1
6,45078,3296.0592394292839,-2824.5246738945079,0.99500999000499901,1,1
7,44985,3237.9512870119088,-2613.8053081229982,0.994014980014994,1,1
8,45093,3338.6789584251119,-2636.205005954776,0.99302096503497905,1,1
9,45021,3323.393551154033,-2661.6154009444381,0.9920279440699441,1,1
10,45126,3314.0444936234749,-2788.094455417418,0.99103591612587416,1,1
11,45071,3437.94574498576,-2792.0150322153049,0.99004488020974823,1,1
12,45037,3278.687955750705,-2821.0344566273939,0.98905483532953853,1,1
13,44982,3265.958507649173,-2681.1936639066548,0.98806578049420901,1,1
14,45140,3409.081939029445,-2717.138719014712,0.98707771471371475,1,1
15,45081,3421.0049344360818,-2778.7075357644821,0.98609063699900101,1,1
16,45023,3238.1482464702422,-2808.690607231696,0.98510454636200206,1,1
17,45071,3321.817291755171,-2618.5931525499209,0.98411944181564004,1,1
18,44983,3206.7677846991651,-2707.0798235978,0.98313532237382439,1,1
19,44997,3306.8883781154741,-2648.8238750337841,0.98215218705145058,1,1
20,44990,3200.3598944489172,-2755.0058945634551,0.98117003486439913,1,1
21,45056,3359.3083416028721,-2681.9358878249191,0.98018886482953471,1,1
22,44952,3238.620766716529,-2625.4759374899631,0.97920867596470518,1,1
23,45044,3346.9305594488269,-2741.8199651268792,0.9782294672887405,1,1
24,44960,3160.9213999436311,-2844.5671164138889,0.97725123782145173,1,1
25,44962,3161.6035919984201,-2667.0911900371611,0.97627398658363029,1,1
26,44934,3205.2834131523282,-2683.9742062134642,0.97529771259704667,1,1
27,45000,3195.5396108319901,-2878.1390911670119,0.97432241488444959,1,1
28,44908,3150.783375327369,-2728.2737258695629,0.97334809246956511,27,27
29,44978,3241.357586793159,-2675.9644812221441,0.97237474437709559,27,27
30,44945,3252.0410816613962,-2746.673755407935,0.97140236963271853,27,27
31,45082,3275.044446253828,-2654.074965474108,0.97043096726308586,27,27
32,44940,3214.374617222657,-2736.9765160021821,0.96946053629582274,27,27
33,45153,3400.930392757075,-2659.252983955485,0.96849107575952686,27,27
34,45059,3281.602064560047,-2791.4970011369278,0.96752258468376728,27,27
35,45031,3272.1959480654509,-2724.466120382765,0.96655506209908348,27,27
36,45032,3238.3757070328979,-2662.5441441122648,0.9655885070369844,27,27
37,45053,3311.8284303463979,-2823.0164310238702,0.96462291852994742,27,27
38,45042,3357.46581493127,-2792.144538517678,0.96365829561141747,27,27
39,45031,3235.51220873598,-2730.3999069384372,0.96269463731580607,27,27
40,45033,3225.0064706208391,-2827.4858327557522,0.96173194267849027,27,27
41,45024,3322.8507376364951,-2867.295724200158,0.96077021073581181,27,27
42,45029,3232.5664385240329,-2647.233886387874,0.959809440525076,27,27
43,45141,3465.6073600623272,-2700.2917611386429,0.9588496310845509,27,27
44,45088,3271.597581555382,-2914.8204355442931,0.9578907814534664,27,27
45,45037,3253.666457007042,-2707.8270296071878,0.95693289067201293,27,27
46,45071,3286.8101718241569,-2750.848915130462,0.95597595778134092,27,27
47,44970,3138.0159726481079,-2827.838190379161,0.95501998182355963,27,46
48,45033,3309.5483424060549,-2782.1313728726691,0.95406496184173606,27,46
49,45016,3252.294853678537,-2827.705670498869,0.95311089687989436,27,46
50,44970,3203.3713402574372,-2761.223800461466,0.95215778598301448,27,46
51,45009,3274.6075626402071,-2771.0507015742928,0.95120562819703147,27,46
52,44994,3211.2894586715688,-2662.8596274215752,0.95025442256883441,27,46
53,45104,3421.0032458123892,-2747.5611733693531,0.94930416814626561,27,46
54,45039,3233.838295558262,-2716.2533679168268,0.9483548639781193,27,46
55,45011,3181.5237318281538,-2790.2381165201709,0.94740650911414115,27,46
56,45023,3184.5965798514781,-2810.713643324606,0.94645910260502697,27,46
57,44985,3144.962641022913,-2777.3319578219489,0.94551264350242192,27,46
58,44976,3145.1107168237431,-2656.261805016874,0.94456713085891952,27,46
59,45023,3231.8592272129149,-2680.11960018025,0.94362256372806064,27,46
60,45073,3244.4669415016701,-2819.4068184768912,0.9426789411643326,27,46
61,44955,3178.8955074388341,-2819.8126524215531,0.94173626222316831,27,46
62,45026,3325.677628986341,-2821.9441590253441,0.94079452596094515,27,46
63,45062,3343.635936162736,-2821.030146936148,0.93985373143498419,27,46
64,44987,3158.9652360478408,-2798.2058764316248,0.93891387770354917,27,46
65,45051,3258.766062153732,-2735.9279282231519,0.93797496382584566,27,46
66,44991,3287.9716821621851,-2597.265901807863,0.9370369888620198,27,46
67,45053,3292.1388359152538,-2594.2399764784791,0.93609995187315775,27,46
68,44990,3204.9738325356811,-2762.4348981824978,0.93516385192128459,27,46
69,45079,3334.928564494629,-2808.885037894574,0.93422868806936332,27,46
70,45062,3327.7256750511629,-2893.7112647307122,0.93329445938129396,27,46
71,44982,3299.206173955577,-2830.5286840548579,0.93236116492191268,27,46
72,44990,3189.3105888495038,-2826.0739900541862,0.93142880375699078,27,46
73,44978,3230.1391770744881,-2686.132243488134,0.93049737495323381,27,46
74,45075,3230.0059174027301,-2766.5414256118302,0.9295668775782806,27,46
75,45047,3367.3483324438789,-2824.411690456674,0.92863731070070232,27,46
76,45057,3364.668974349046,-2782.025193180109,0.92770867339000163,27,46
77,45095,3346.717325969601,-2826.8574574074842,0.92678096471661164,27,46
78,45141,3401.0240764944879,-2778.4266412766219,0.92585418375189499,27,46
79,45006,3340.669960697971,-2766.5464541568322,0.92492832956814308,27,46
80,45041,3274.8953974382039,-2702.200739008038,0.92400340123857494,27,46
81,45100,3294.2734445033921,-2750.037497014921,0.92307939783733639,27,46
82,45123,3325.605034680721,-2917.4865654487648,0.92215631843949908,27,46
83,44992,3170.4586300689871,-2804.0288165968768,0.92123416212105957,27,46
84,45111,3343.6312140949808,-2856.8394391712782,0.92031292795893849,27,46
85,44941,3197.2380057561272,-2754.411447701294,0.91939261503097958,27,46
86,45012,3304.515471128575,-2804.0297018880401,0.91847322241594864,27,46
87,45059,3285.384150410011,-2796.02862870018,0.91755474919353275,27,46
88,45062,3255.0864083286451,-2912.3096257932089,0.91663719444433922,27,46
89,45057,3244.4944282704291,-2842.5100740815869,0.91572055724989487,27,46
90,45018,3266.6757452638371,-2849.885427711949,0.91480483669264501,27,46
91,45059,3346.394430268484,-2737.5694456794708,0.91389003185595241,27,46
92,45105,3414.9842534859981,-2902.3038299043528,0.91297614182409648,27,46
93,45098,3249.9552366026601,-2784.0322907648838,0.91206316568227241,27,46
94,44991,3194.394708837387,-2748.338460103234,0.91115110251659015,27,46
95,45062,3282.9323678156661,-2730.0322058975498,0.91023995141407354,27,46
96,45015,3278.9694554872731,-2802.5026638887839,0.90932971146265951,27,46
97,45088,3392.301179074695,-2817.784903160813,0.90842038175119688,27,46
98,45042,3172.4035586028449,-2707.3801326617868,0.90751196136944567,27,46
99,45049,3319.9579280593798,-2727.3468401339542,0.90660444940807627,27,46
100,44946,3201.2381032108178,-2770.4575087118628,0.90569784495866823,27,46
101,45057,3249.2481191136299,-2885.9371069600661,0.90479214711370959,27,46
102,45090,3327.108727638361,-2858.0666171329121,0.90388735496659589,27,46
103,44973,3224.0420978509478,-2829.7883730629119,0.90298346761162929,27,46
104,45017,3220.9419170598612,-2780.0796686425301,0.90208048414401765,27,46
105,45045,3336.657193080358,-2861.9646392050258,0.90117840365987367,27,46
106,45064,3364.476250872322,-2763.680662798989,0.90027722525621379,27,46
107,44986,3283.130093654021,-2757.121148160214,0.89937694803095758,27,46
108,44953,3201.9443854250499,-2700.5685478370528,0.89847757108292658,27,46
109,44996,3305.7062611418569,-2817.2451429618159,0.89757909351184362,27,46
110,45009,3241.4630089775828,-2940.530481758728,0.89668151441833177,27,46
111,45022,3264.3775788124808,-2828.7167531522832,0.89578483290391342,27,46
112,45092,3315.106165219584,-2722.2201563961721,0.89488904807100955,27,46
113,44996,3137.929246538607,-2796.5851791137488,0.89399415902293855,27,112
114,45024,3219.7978326659299,-2756.993231252789,0.89310016486391564,27,112
115,45085,3318.147648661607,-2892.8725869436512,0.89220706469905176,27,112
116,45036,3271.3781570000069,-2726.6776640815228,0.8913148576343527,27,112
117,45022,3225.295556262854,-2856.3884709815202,0.89042354277671831,27,112
118,45083,3361.9387236177431,-2712.9833558179721,0.88953311923394163,27,112
119,45024,3292.631747946607,-2790.3904494197368,0.88864358611470773,27,112
120,45224,3363.2562153958588,-2887.3439072860988,0.88775494252859299,27,112
121,45015,3255.0115831764729,-2848.037053328871,0.88686718758606442,27,112
122,45013,3294.980823174013,-2697.1406960781378,0.8859803203984784,27,112
123,45078,3340.919110872826,-2762.310337417659,0.88509434007807997,27,112
124,45005,3244.0962186256588,-2755.4279542663212,0.88420924573800186,27,112
125,45078,3368.5992439169509,-2821.24720956392,0.8833250364922639,27,112
126,45044,3251.792790741255,-2796.8438334594211,0.88244171145577166,27,112
127,45053,3338.17586461779,-2764.5961301404959,0.88155926974431587,27,112
128,45015,3353.1048000905171,-2702.9316994858041,0.88067771047457155,27,112
129,44951,3176.354720922106,-2761.9514818571711,0.87979703276409693,27,112
130,44947,3149.8021058273339,-2754.0133420973839,0.87891723573133285,27,112
131,45047,3300.1171708270458,-2763.033297318339,0.87803831849560154,27,112
132,45033,3261.9931987829582,-2791.683198946901,0.8771602801771059,27,112
133,45146,3434.2932221889068,-2736.7930892879781,0.87628311989692875,27,112
134,45037,3278.9937662577581,-2729.594265201988,0.87540683677703179,27,112
135,45004,3252.712402590696,-2669.3310779738208,0.87453142994025479,27,112
136,45026,3242.167684665671,-2712.849790725917,0.87365689851031458,27,112
137,45046,3303.542651208415,-2712.5712361391802,0.87278324161180432,27,112
138,45029,3200.3124017559121,-2802.7381740203159,0.87191045837019254,27,112
139,45034,3275.761105416073,-2863.4541883984498,0.87103854791182234,27,112
140,45020,3342.9420257319889,-2699.6417323483452,0.87016750936391052,27,112
141,45070,3239.2139851991592,-2636.4483817802361,0.86929734185454666,27,112
142,44986,3274.9703514036451,-2641.475840436316,0.86842804451269207,27,112
143,45001,3205.6194894283399,-2729.825048488462,0.86755961646817936,27,112
144,45058,3311.6726287049469,-2777.5802389053738,0.86669205685171113,27,112
145,44950,3245.8553325756752,-2812.7791932172581,0.86582536479485939,27,112
146,45051,3216.66468254442,-2682.8445533903168,0.86495953943006454,27,112
147,44916,3103.4196065128299,-2679.1706421373278,0.86409457989063443,27,146
148,44951,3189.8446558763239,-2634.3580890747062,0.86323048531074376,27,146
149,44969,3158.394244984529,-2799.5217813863201,0.86236725482543297,27,146
150,45022,3262.0465853221231,-2635.0699158487791,0.8615048875706075,27,146
151,44998,3256.4428815290221,-2817.910988331746,0.86064338268303686,27,146
152,45014,3281.423903542709,-2721.9584609707972,0.85978273930035387,27,146
153,45135,3296.985788236796,-2763.5754349505082,0.85892295656105355,27,146
154,44975,3214.361656466403,-2784.5076618614098,0.85806403360449246,27,146
155,44974,3186.6124396861428,-2585.1748512224522,0.85720596957088802,27,146
156,45039,3307.2094004752448,-2755.7236355829841,0.85634876360131718,27,146
157,44967,3187.3614810708618,-2663.0675099076338,0.85549241483771588,27,146
158,44991,3204.9243621382798,-2753.003730562938,0.85463692242287814,27,146
159,44999,3183.7412238495731,-2709.1236577987279,0.85378228550045532,27,146
160,44911,3100.594908859011,-2617.0560980766768,0.85292850321495484,27,159
161,44980,3193.2593064214211,-2768.4366862054699,0.85207557471173989,27,159
162,44991,3293.518970017748,-2629.8671873410631,0.85122349913702811,27,159
163,45012,3319.0582464501008,-2797.1316195217901,0.85037227563789108,27,159
164,44976,3216.6241872623491,-2623.6759658948731,0.84952190336225319,27,159
165,45071,3251.5849510985749,-2692.2800324057712,0.8486723814588909,27,159
166,45057,3318.8268299009801,-2659.7381398776229,0.84782370907743199,27,159
167,45090,3324.4307927115042,-2663.726281017663,0.84697588536835455,27,159
168,44988,3187.383762495253,-2665.4935311657759,0.84612890948298625,27,159
169,44941,3180.0613240588041,-2889.0766322859981,0.84528278057350326,27,159
170,45072,3350.724098221453,-2783.2189003560252,0.84443749779292976,27,159
171,45020,3272.3262865490242,-2709.0973427743929,0.84359306029513681,27,159
172,44983,3210.4952528761951,-2712.4129564251339,0.84274946723484168,27,159
173,45096,3347.581177620551,-2827.6190170280652,0.84190671776760684,27,159
174,45044,3302.0680322462531,-2836.2940904161942,0.84106481104983921,27,159
175,45046,3304.1955642672951,-2653.5216650628558,0.84022374623878937,27,159
176,44987,3243.126626992374,-2776.0622545269421,0.83938352249255055,27,159
177,45055,3280.8094271186219,-2862.239378260957,0.83854413897005797,27,159
178,45014,3362.5018976212468,-2660.8655582142069,0.83770559483108786,27,159
179,44908,3155.0947310250799,-2762.7384736652712,0.83686788923625677,27,159
180,44994,3235.873897121141,-2715.1844932637659,0.83603102134702056,27,159
181,45001,3249.2206791075191,-2852.873726499859,0.83519499032567357,27,159
182,45154,3401.762356470229,-2815.6327252270398,0.83435979533534788,27,159
183,45025,3360.133241354486,-2714.8773819941021,0.83352543554001257,27,159
184,45009,3153.5643666307142,-2743.471688961336,0.83269191010447252,27,159
185,45068,3208.6950185470209,-2823.129917055363,0.83185921819436803,27,159
186,44911,3139.2254091907862,-2723.5286819424891,0.83102735897617364,27,159
187,44948,3184.745389079585,-2669.1683038207771,0.83019633161719741,27,159
188,45012,3322.193013832275,-2848.827346824246,0.82936613528558023,27,159
189,44897,3083.578659222308,-2613.3820430165129,0.82853676915029462,188,188
190,44995,3174.0118860280691,-2823.7663232201221,0.82770823238114433,188,188
191,45048,3292.2388473177029,-2826.802757173939,0.82688052414876323,188,188
192,45071,3354.637951188045,-2814.7647521663389,0.82605364362461442,188,188
193,45036,3273.6614539834641,-2764.312358617899,0.82522758998098977,188,188
194,44953,3182.2018387142248,-2801.8246694809318,0.82440236239100884,188,188
195,45018,3246.5082321889222,-2792.55883427451,0.82357796002861783,188,188
196,45035,3321.9605393795432,-2894.9354415077851,0.8227543820685892,188,188
197,45008,3317.2470128083701,-2775.5633782869641,0.82193162768652062,188,188
198,44947,3134.992648497252,-2659.9545261606472,0.8211096960588341,188,188
199,44988,3266.818277378326,-2822.4315121565078,0.82028858636277524,188,188
200,44994,3199.8440977092091,-2687.1042735796109,0.8194682977764125,188,188
201,45085,3391.1757681029271,-2857.239538614017,0.81864882947863604,188,188
202,44933,3186.442815184615,-2711.8377656817311,0.81783018064915736,188,188
203,45074,3376.233099117389,-2659.5897207946041,0.81701235046850818,188,188
204,44927,3213.9351370112249,-2660.117074305957,0.81619533811803968,188,188
205,44997,3278.907555528298,-2743.8217402285072,0.81537914277992163,188,188
206,45025,3265.6262190291359,-2733.523774497985,0.81456376363714167,188,188
207,44977,3145.791564973681,-2612.9942991965258,0.81374919987350458,188,188
208,44967,3177.344860907448,-2749.5292159191999,0.81293545067363104,188,188
209,44878,3093.3951209076222,-2677.8742644932331,0.81212251522295742,208,188
210,44948,3104.1523535245451,-2815.573445350135,0.81131039270773442,208,188
211,44987,3261.5478221464259,-2533.466983278262,0.81049908231502665,208,188
212,44978,3213.551324960501,-2718.7448594376679,0.80968858323271165,208,188
213,44934,3175.700154931405,-2642.3082376417169,0.80887889464947893,208,188
214,44956,3170.8541450364601,-2673.2853784867871,0.8080700157548294,208,188
215,45032,3345.6378143685351,-2676.52381599501,0.80726194573907462,208,188
216,45023,3166.83104247861,-2634.0796673981081,0.80645468379333551,208,188
217,45076,3384.576352296488,-2756.324889771432,0.80564822910954215,208,188
218,45028,3127.5589433854489,-2726.6580200361218,0.80484258088043259,208,188
219,45005,3243.4059926180289,-2644.9355728978239,0.80403773829955216,208,188
220,45130,3286.6713970629212,-2669.6391772512502,0.80323370056125265,208,188
221,45072,3354.2977670323562,-2710.2319099823039,0.80243046686069142,208,188
222,45036,3199.0367380891789,-2650.4287108612739,0.80162803639383073,208,188
223,44882,3116.034611598689,-2648.5955855551838,0.8008264083574369,208,188
224,44902,3093.4674975411131,-2572.0340503063758,0.80002558194907947,208,188
225,44937,3193.455743064741,-2760.94059290307,0.79922555636713044,208,188
226,44992,3252.8806418180761,-2651.2200008692739,0.79842633081076331,208,188
227,44959,3141.7603589961318,-2455.9428788305331,0.79762790447995258,208,188
228,44988,3143.229499738457,-2631.2910547810752,0.79683027657547267,208,188
229,45128,3250.2481611392559,-2658.3939979357069,0.79603344629889716,208,188
230,44961,3198.1727783197161,-2642.859357455488,0.7952374128525983,208,188
231,44973,3182.588695684311,-2571.1380144097311,0.79444217543974571,208,188
232,44927,3134.8281928223232,-2683.7553057832461,0.79364773326430593,208,188
233,44928,3150.449689515277,-2638.9851094296878,0.79285408553104164,208,188
234,44901,3117.2260200481569,-2758.245064917664,0.79206123144551055,208,188
235,45026,3151.450901469671,-2709.8018848032521,0.79126917021406507,208,188
236,45143,3330.8636322232819,-2603.3188040040131,0.79047790104385096,208,188
237,45042,3248.1368680042251,-2829.0078086968688,0.78968742314280715,208,188
238,45049,3261.6065993570319,-2610.1484241680259,0.78889773571966437,208,188
239,44903,3102.039946016022,-2860.5469776544569,0.78810883798394471,208,188
240,45066,3345.748289980731,-2831.729937606015,0.78732072914596074,208,188
241,44978,3220.267403508295,-2772.9833802290509,0.78653340841681474,208,188
242,44993,3214.337868626309,-2832.4455814550461,0.7857468750083979,208,188
243,44939,3159.0111838993348,-2771.590912218443,0.78496112813338947,208,188
244,45036,3269.9188677328498,-2671.6989142500238,0.78417616700525605,208,188
245,44961,3191.55051522339,-2807.70359214771,0.78339199083825084,208,188
246,44951,3107.073897267655,-2797.7715032781462,0.78260859884741263,208,188
247,45042,3344.1535659671522,-2706.9936479753878,0.78182599024856525,208,188
248,44941,3119.9235441774158,-2519.1840187620351,0.78104416425831669,208,188
249,45023,3299.7327081890039,-2704.7353212950911,0.7802631200940584,208,188
250,44920,3075.5230899015942,-2654.8090580215639,0.77948285697396436,208,249
251,44994,3242.9707379664578,-2700.49583745165,0.77870337411699042,208,249
252,44954,3204.9609035421022,-2570.7440267437451,0.77792467074287341,208,249
253,45046,3257.694748707479,-2727.6875416884309,0.77714674607213052,208,249
254,45153,3325.640481079115,-2771.8838309583539,0.77636959932605842,208,249
255,44970,3173.0108606209728,-2780.2019027958759,0.77559322972673239,208,249
256,44893,3084.1751836621179,-2649.5719007972948,0.77481763649700564,208,249
257,45012,3293.0244952178741,-2879.7004252257839,0.77404281886050863,208,249
258,44984,3232.7118014787161,-2774.55163361835,0.77326877604164812,208,249
259,44880,3063.5524027575502,-2736.7871115052312,0.77249550726560645,208,258
260,44995,3192.619541145069,-2646.032520173871,0.77172301175834079,208,258
261,44974,3144.6689627587189,-2755.596991891905,0.77095128874658247,208,258
262,45045,3281.624849599194,-2625.6798562444251,0.77018033745783587,208,258
263,45074,3255.2352552786192,-2650.6380778370099,0.76941015712037808,208,258
264,45077,3227.248618867101,-2729.4928547221111,0.76864074696325768,208,258
265,44896,3094.228481508932,-2772.8531983402108,0.76787210621629443,208,258
266,44953,3129.639283405184,-2702.5121471401499,0.76710423411007811,208,258
267,44935,3164.0208915897651,-2740.224731832483,0.76633712987596803,208,258
268,44995,3213.2793232030958,-2726.914216827462,0.76557079274609208,208,258
269,44981,3197.3540849166361,-2801.2806196343849,0.76480522195334599,208,258
270,44989,3206.0024993397792,-2705.1555641358932,0.76404041673139267,208,258
271,44909,3104.591901524786,-2778.7668780921222,0.76327637631466128,208,258
272,44986,3195.9458408493351,-2709.7253924722818,0.76251309993834659,208,258
273,44876,3085.987561061705,-2618.5824346496861,0.76175058683840824,272,258
274,44949,3119.8026285275,-2658.1068500360502,0.76098883625156988,272,258
275,44884,3046.6269045005811,-2634.115156922539,0.76022784741531835,272,274
276,44936,3162.4369043304382,-2804.5874931533358,0.75946761956790299,272,274
277,44934,3133.8513294715399,-2674.5366538758021,0.75870815194833507,272,274
278,44977,3245.295676220112,-2740.797193679236,0.75794944379638673,272,274
279,45006,3174.7380089819039,-2701.7260829718921,0.75719149435259037,272,274
280,44959,3142.1811191250058,-2537.8391767146509,0.75643430285823776,272,274
281,44910,3131.3085219583718,-2742.828663257445,0.75567786855537955,272,274
282,44881,3202.3457689316542,-2634.864603863075,0.7549221906868242,272,274
283,45042,3239.3721746553369,-2764.4438998057071,0.75416726849613736,272,274
284,44882,3026.3063115970781,-2557.8734159675669,0.75341310122764127,272,283
285,44902,3126.9500125386871,-2579.9357205094602,0.7526596881264136,272,283
286,44936,3139.584967683154,-2535.6385324617459,0.75190702843828716,272,283
287,45067,3285.4558929670752,-2699.401906908075,0.75115512140984886,272,283
288,44965,3095.9564458114269,-2621.443744842345,0.75040396628843897,272,283
289,45010,3250.7472139167689,-2658.603102368339,0.74965356232215052,272,283
290,45025,3263.247150250108,-2658.565407683283,0.74890390875982837,272,283
291,44860,3033.3279198061891,-2574.414084719082,0.74815500485106856,290,283
292,44991,3210.7803659406782,-2592.893425221268,0.74740684984621752,290,283
293,44853,3139.6884557654189,-2606.765189585079,0.74665944299637133,292,283
294,44961,3137.4738740242719,-2696.2704028717649,0.74591278355337498,292,283
295,44937,3074.9756504300872,-2567.2375492534461,0.74516687076982158,292,283
296,44983,3131.932519374343,-2646.160864465699,0.74442170389905171,292,283
297,44828,3039.155811528542,-2608.0417050265519,0.74367728219515261,296,283
298,44915,3088.1706993572288,-2581.0730316951031,0.74293360491295746,296,283
299,44858,3114.2439224734371,-2497.4335693024091,0.7421906713080445,296,283
300,44982,3179.8450401015461,-2644.337316028194,0.74144848063673641,296,283
301,44962,3156.4870979316861,-2676.4888638939751,0.74070703215609968,296,283
302,45124,3279.1382525925778,-2538.7026622332378,0.73996632512394356,296,283
303,45012,3272.1818229861469,-2571.1260291597828,0.73922635879881959,296,283
304,44871,3038.6566305998322,-2639.211686752481,0.73848713244002073,296,283
305,44904,3112.971534338873,-2577.3105308541371,0.73774864530758066,296,283
306,44876,3034.5190904060642,-2712.0244627178508,0.73701089666227304,296,283
307,44903,3103.4151187466018,-2588.61711319193,0.73627388576561081,296,283
308,44924,3144.0744826713621,-2589.2667049567608,0.73553761187984523,296,283
309,45006,3296.890453283002,-2683.5228074855522,0.7348020742679654,296,283
310,44990,3130.000431794459,-2667.422890880453,0.73406727219369738,296,283
311,44978,3235.7638880089871,-2560.259478299351,0.73333320492150367,296,283
312,44868,2983.149669834138,-2554.5097779449361,0.73259987171658214,296,311
313,44961,3147.9641495005508,-2617.7338596756808,0.73186727184486555,296,311
314,44996,3288.5726496129819,-2620.123063310552,0.73113540457302073,296,311
315,44878,3042.7747290316788,-2649.9351869948041,0.7304042691684477,296,311
316,44921,3096.5662528094949,-2613.5867491454201,0.72967386489927921,296,311
317,45003,3172.6864342357012,-2569.7969080227558,0.72894419103437991,296,311
318,44866,3071.7877971010871,-2625.0011515945462,0.72821524684334549,296,311
319,44979,3215.2265662695022,-2731.2761901589511,0.72748703159650219,296,311
320,44936,3159.3296058488618,-2702.6607326980338,0.72675954456490566,296,311
321,44981,3199.6407768766271,-2628.9435671887691,0.72603278502034074,296,311
322,44993,3264.3588372017289,-2745.1857072865432,0.72530675223532037,296,311
323,44984,3204.6196541950808,-2685.8332645413511,0.72458144548308501,296,311
324,44890,3128.067078989774,-2539.539318748878,0.72385686403760197,296,311
325,44898,3176.9706071978562,-2548.587691109592,0.72313300717356432,296,311
326,44959,3169.7384534495141,-2553.7263945264908,0.7224098741663908,296,311
327,44847,2994.762854349754,-2610.4774659820819,0.72168746429222441,296,311
328,44960,3167.997512670956,-2542.8863387927559,0.72096577682793217,296,311
329,45007,3268.9443662848162,-2617.5088007165709,0.72024481105110427,296,311
330,44831,3017.3856640291269,-2584.8599350599452,0.71952456624005312,296,311
331,44869,3010.9026735238531,-2501.9165019818379,0.71880504167381309,296,311
332,44983,3173.570116427682,-2584.161292932311,0.71808623663213933,296,311
333,44925,3206.0119946199979,-2706.0058007032658,0.71736815039550716,296,311
334,44918,3073.865987101377,-2580.02415333004,0.71665078224511169,296,311
335,44926,3122.0394581550868,-2632.0052097488988,0.71593413146286655,296,311
336,44875,3034.4871352136188,-2443.3028932783782,0.71521819733140368,296,311
337,45013,3104.0467880360411,-2617.630078013709,0.71450297913407224,296,311
338,44948,3136.713182958114,-2575.4473208333552,0.71378847615493812,296,311
339,44835,3015.2333500862978,-2595.7349494613181,0.71307468767878324,296,311
340,44964,3200.6082530935778,-2587.8110183568788,0.71236161299110445,296,311
341,44949,3158.5628116265661,-2718.8203907441311,0.7116492513781133,296,311
342,44954,3061.0228292473462,-2610.3633773769011,0.71093760212673518,296,311
343,44934,3131.677842466233,-2570.3567667909469,0.71022666452460848,296,311
344,45017,3243.440756271134,-2638.130162747223,0.70951643786008389,296,311
345,44861,3038.9609564507969,-2544.0921804187251,0.70880692142222379,296,311
346,45028,3182.5125027093391,-2709.440476979762,0.70809811450080151,296,311
347,44887,3060.694061132127,-2559.4489856304081,0.70739001638630072,296,311
348,44995,3292.637742116754,-2609.3021755749769,0.70668262636991441,296,311
349,44988,3201.190253200903,-2599.1567826669639,0.70597594374354444,296,311
350,44923,3151.6377212817961,-2511.1825236549021,0.70526996779980089,296,311
351,44949,3186.3453246925242,-2681.469948722603,0.70456469783200104,296,311
352,44947,3097.728095084804,-2670.0828175845731,0.70386013313416906,296,311
353,44995,3105.9967982024418,-2552.3261931781121,0.70315627300103489,296,311
354,44984,3121.3697260987219,-2721.5170522346589,0.7024531167280339,296,311
355,44881,3106.2292807339991,-2665.1087085475251,0.70175066361130589,296,311
356,45054,3176.1650401144871,-2620.08049855945,0.70104891294769456,296,311
357,44912,3100.788014844728,-2517.9748317349222,0.70034786403474691,296,311
358,44894,3074.1699393694339,-2681.0212355871922,0.69964751617071219,296,311
359,44931,3121.0286209171072,-2599.7223480060279,0.6989478686545415,296,311
360,44950,3126.867695193594,-2693.3265126685278,0.69824892078588696,296,311
361,44885,3065.7138958433861,-2633.7106974618332,0.69755067186510111,296,311
362,45020,3270.26801784399,-2625.845005784598,0.69685312119323606,296,311
363,45003,3127.2399672828051,-2563.7055973408519,0.69615626807204278,296,311
364,45008,3211.31528098437,-2578.9100403511338,0.69546011180397072,296,311
365,44950,3139.4949719470451,-2609.166829098398,0.69476465169216672,296,311
366,44869,3087.441247151577,-2425.7733725901862,0.69406988704047456,296,311
367,44964,3166.2872991698209,-2590.315751347217,0.6933758171534341,296,311
368,44923,3124.916775027436,-2524.0407965559598,0.69268244133628065,296,311
369,44955,3190.6638926780829,-2688.7580187332392,0.69198975889494441,296,311
370,44942,3094.0254634253001,-2448.1883462668038,0.69129776913604946,296,311
371,44906,3106.3298215273498,-2736.4601784225501,0.69060647136691344,296,311
372,44937,3138.2797381258629,-2473.5532557597121,0.68991586489554657,296,311
373,44951,3136.0926644295869,-2525.639656857968,0.68922594903065104,296,311
374,44974,3131.421419607655,-2708.1577592762342,0.68853672308162039,296,311
375,44918,3130.0531639415108,-2604.7639227641339,0.68784818635853873,296,311
376,44848,3054.8020597766099,-2506.3992972987548,0.68716033817218014,296,311
377,45008,3168.8433849899652,-2669.2920819696442,0.68647317783400796,296,311
378,45011,3188.0646670893839,-2762.484390984931,0.68578670465617397,296,311
379,44956,3166.7737490060399,-2584.024099633094,0.68510091795151784,296,311
380,44967,3042.9238368839901,-2573.2830778197822,0.68441581703356635,296,311
381,45056,3233.6518625937611,-2676.5442342384781,0.68373140121653275,296,311
382,44912,3149.6146366883422,-2589.513487539306,0.68304766981531617,296,311
383,44961,3161.6315148649401,-2637.7260612440409,0.68236462214550087,296,311
384,44875,3124.9612187589419,-2558.785102732621,0.68168225752335532,296,311
385,45047,3220.8409753737392,-2683.076480091127,0.68100057526583191,296,311
386,44906,3072.5542851372229,-2663.0109587134029,0.68031957469056603,296,311
387,44979,3095.935411307104,-2655.978499805924,0.67963925511587542,296,311
388,44943,3207.7842422949661,-2629.2907512038041,0.67895961586075959,296,311
389,44954,3109.646117976833,-2508.6459727226411,0.67828065624489886,296,311
390,44931,3120.667714127263,-2593.973921275599,0.67760237558865399,296,311
391,45023,3205.382818798817,-2560.4831497443452,0.67692477321306532,296,311
392,44971,3168.9892460111942,-2573.713290638334,0.67624784843985231,296,311
393,45017,3140.014490731312,-2756.4211908437542,0.67557160059141241,296,311
394,44968,3142.8185414993591,-2707.4175846780081,0.67489602899082102,296,311
395,44898,3114.507552233239,-2481.6527873675859,0.67422113296183017,296,311
396,45012,3261.084341696504,-2592.3128562652969,0.67354691182886839,296,311
397,44958,3131.9958551806199,-2513.4290808014489,0.67287336491703953,296,311
398,45004,3143.6347357883228,-2624.541758241086,0.67220049155212247,296,311
399,44981,3160.3676324448711,-2696.6041619572379,0.67152829106057033,296,311
400,44953,3107.659658227386,-2651.1343152817358,0.67085676276950978,296,311
401,45031,3269.0170913667612,-2658.9892465290382,0.67018590600674033,296,311
402,45054,3279.5577700120771,-2583.2873723854841,0.66951572010073357,296,311
403,44856,3048.334631190964,-2468.5121788931278,0.6688462043806328,296,311
404,44922,3118.4521183195588,-2614.6423432158758,0.66817735817625212,296,311
405,44954,3130.8338843869369,-2631.325001618668,0.66750918081807586,296,311
406,45010,3246.2592487520342,-2769.1990309147991,0.66684167163725783,296,311
407,44813,3065.5012398184022,-2565.2951465608212,0.66617482996562061,406,311
408,44896,3132.0562613142752,-2595.2301748865771,0.66550865513565494,406,311
409,44941,3137.330181472762,-2597.65621815944,0.66484314648051923,406,311
410,44905,3064.061326270898,-2565.2142071328308,0.66417830333403871,406,311
411,44880,3088.2386915178399,-2630.6071042458202,0.66351412503070473,406,311
412,44875,3119.619022565274,-2547.891718384657,0.66285061090567399,406,311
413,44833,3025.3410171125802,-2640.636394737202,0.66218776029476834,406,311
414,44969,3144.4847685657569,-2529.1521413122541,0.66152557253447353,406,311
415,44853,3025.1358532220379,-2629.8774740772692,0.66086404696193901,406,311
416,44947,3105.4977292713179,-2662.809297902224,0.66020318291497704,406,311
417,44941,3094.70454163256,-2808.8624769384442,0.65954297973206211,406,311
418,44823,3051.5656305867928,-2673.4379308341831,0.65888343675233008,406,311
419,44831,2947.0395704147259,-2638.6145257269168,0.65822455331557772,406,418
420,44853,3027.5620092646491,-2687.0447346785359,0.65756632876226218,406,418
421,44953,3133.7978699339801,-2652.1870778957632,0.65690876243349994,406,418
422,44996,3229.6736105851669,-2759.7758486510179,0.65625185367106642,406,418
423,44952,2999.489192713158,-2550.2960370287678,0.6555956018173954,406,418
424,44910,3127.218180688541,-2571.0547637292862,0.65494000621557802,406,418
425,44964,3109.0267268130642,-2584.299699266895,0.65428506620936244,406,418
426,44950,3130.7146128993891,-2533.0828021409689,0.65363078114315309,406,418
427,44984,3173.1256869225481,-2547.6112977403109,0.65297715036200998,406,418
428,44939,3091.831781004224,-2633.9137385279241,0.65232417321164793,406,418
429,45007,3198.8367030358381,-2657.619266641665,0.65167184903843633,406,418
430,44906,3108.997058538594,-2525.0323051655919,0.65102017718939786,406,418
431,44935,3132.8240734324409,-2564.76610816931,0.65036915701220843,406,418
432,44932,3106.7048461994668,-2630.723630343176,0.64971878785519621,406,418
433,44874,3068.240823147918,-2499.3445909975699,0.64906906906734096,406,418
434,44909,3070.3148321825961,-2734.8419643596139,0.6484199999982736,406,418
435,44904,3047.8413815054828,-2635.2396082439832,0.64777157999827528,406,418
436,44941,3178.249149968341,-2724.1517399138088,0.64712380841827699,406,418
437,44891,3123.0846130385562,-2677.988861472028,0.64647668460985874,406,418
438,44962,3181.3031403451541,-2564.4945276174112,0.64583020792524892,406,418
439,44892,3059.317255628735,-2596.9601567178411,0.64518437771732362,406,418
440,44899,3075.2437830704039,-2726.2653057244488,0.6445391933396063,406,418
441,44957,3120.7251747996852,-2544.4456180280749,0.64389465414626668,406,418
442,44895,3102.6540812606181,-2639.3044806616072,0.64325075949212041,406,418
443,44998,3149.2128027525828,-2520.630374552979,0.64260750873262829,406,418
444,44909,3100.398993859023,-2453.117593771839,0.6419649012238956,406,418
445,44898,3099.186594150764,-2661.9167051563668,0.64132293632267168,406,418
446,44963,3133.318933783406,-2475.4055424613871,0.64068161338634899,406,418
447,44894,3067.6039287987842,-2598.5992617316592,0.64004093177296262,406,418
448,44963,3184.9889119480922,-2612.3827774584338,0.63940089084118967,406,418
449,44868,3069.0118388067981,-2596.9013887022261,0.63876148995034854,406,418
450,44881,3096.7635289630898,-2587.4891896754302,0.63812272846039819,406,418
451,44883,3076.16382279247,-2624.680029872578,0.63748460573193777,406,418
452,45001,3160.2204301546508,-2655.959871729935,0.63684712112620578,406,418
453,44876,3075.6471855334471,-2596.9683854718151,0.63621027400507957,406,418
454,44864,3032.8503086124638,-2586.8959178594259,0.6355740637310745,406,418
455,44967,3079.1692006053358,-2688.9028330356932,0.63493848966734345,406,418
456,45080,3128.3383761906098,-2514.8434683962241,0.63430355117767612,406,418
457,44942,3081.6902853224929,-2700.339520772653,0.63366924762649846,406,418
458,44928,3097.934611722123,-2649.223421197054,0.63303557837887192,406,418
459,44951,3145.3420137045532,-2749.174100981716,0.63240254280049302,406,418
460,44928,3096.8468423419249,-2706.476651066409,0.63177014025769251,406,418
461,44818,2965.9667433780269,-2740.67800910405,0.63113837011743479,406,418
462,44930,3222.7834557882361,-2733.9089768010131,0.63050723174731738,406,418
463,44935,3208.7684177715082,-2594.9810224308421,0.62987672451557009,406,418
464,44996,3257.3233204652752,-2725.0655659118779,0.62924684779105455,406,418
465,44902,3114.3683987288541,-2572.5073763637938,0.62861760094326347,406,418
466,45009,3131.3165539938182,-2635.2301422153459,0.62798898334232023,406,418
467,44858,3053.2545864585941,-2457.0727934052302,0.62736099435897785,406,418
468,44847,2994.637527192549,-2555.848439652792,0.62673363336461885,406,418
469,44935,3138.189286507969,-2604.056948853342,0.62610689973125422,406,418
470,45033,3209.0077788259641,-2823.525195717566,0.62548079283152291,406,418
471,44902,3022.9923432973428,-2634.5313374717398,0.62485531203869138,406,418
472,44931,3112.752460305283,-2630.0805962506038,0.62423045672665267,406,418
473,44826,2996.7685684957501,-2654.0776283543391,0.62360622626992601,406,418
474,44909,3001.5491509899562,-2581.0160973148381,0.62298262004365612,406,418
475,44817,2990.3487169474652,-2512.8786804917759,0.62235963742361244,406,418
476,44892,3097.648634108215,-2521.7290464723451,0.62173727778618881,406,418
477,45020,3222.9649554772641,-2729.3482390380941,0.62111554050840267,406,418
478,44942,3139.0931896730908,-2624.7311791663628,0.62049442496789431,406,418
479,44925,3104.3034148398292,-2511.9021041930368,0.61987393054292639,406,418
480,44957,3163.3897828632662,-2460.4138201345322,0.61925405661238342,406,418
481,45017,3232.3973909076872,-2537.6095037158789,0.61863480255577108,406,418
482,44872,3073.7106914368469,-2500.9266401400032,0.61801616775321533,406,418
483,44931,3113.2613634797872,-2568.0223107153379,0.61739815158546207,406,418
484,44920,3091.4909236750359,-2592.1037601243529,0.61678075343387662,406,418
485,44939,3130.7925778811891,-2490.2254679226312,0.61616397268044276,406,418
486,44968,3121.4719381652421,-2677.9918879653992,0.61554780870776227,406,418
487,44954,3188.0090319885589,-2639.2874471834152,0.61493226089905451,406,418
488,44918,3101.782018270927,-2635.9917018578672,0.61431732863815547,406,418
489,45004,3113.4862236894719,-2694.0269401462988,0.61370301130951732,406,418
490,44982,3178.7792451535579,-2632.7497324424239,0.61308930829820785,406,418
491,45025,3207.0631151406751,-2581.5399738494239,0.61247621898990967,406,418
492,44971,3154.5325212148118,-2657.4807920071248,0.61186374277091982,406,418
493,44950,3092.445493223071,-2558.15049599437,0.61125187902814893,406,418
494,44933,3079.9466192872442,-2646.0606961262979,0.61064062714912082,406,418
495,44888,3074.960179129806,-2580.6830645388632,0.61002998652197171,406,418
496,44956,3165.714436055986,-2624.2593245672442,0.60941995653544978,406,418
497,44911,3097.025798584883,-2488.1372434864852,0.60881053657891437,406,418
498,44927,3103.0831518420732,-2539.9172405598829,0.60820172604233547,406,418
499,45025,3202.565587410139,-2669.946355922913,0.6075935243162931,406,418
500,44883,3028.821915821361,-2614.7473117417339,0.60698593079197682,406,418
501,44940,3138.9662729157189,-2499.3682393745789,0.60637894486118482,406,418
502,44908,2973.0591659529809,-2548.1664448909328,0.60577256591632367,406,418
503,44952,3054.889344888823,-2564.8714750084282,0.60516679335040735,406,418
504,44972,3082.966557323271,-2575.1378194465492,0.60456162655705692,406,418
505,44953,3167.3783997817882,-2621.020837161444,0.60395706493049983,406,418
506,44992,3154.362441526519,-2605.7158256866869,0.60335310786556928,406,418
507,44988,3139.7543673494251,-2673.154264722923,0.60274975475770376,406,418
508,44882,3052.5580610858119,-2655.44366411905,0.60214700500294605,406,418
509,44916,3137.2235985096891,-2573.235814937515,0.60154485799794311,406,418
510,44860,3098.3175854695442,-2621.8037847234059,0.6009433131399452,406,418
511,44897,3099.895437490035,-2574.915527161188,0.60034236982680522,406,418
512,44893,3080.0609322897972,-2664.7758478266192,0.59974202745697847,406,418
513,45024,3269.9486007584092,-2659.5212738164719,0.59914228542952153,406,418
514,44988,3174.4125172510421,-2656.3831294199231,0.59854314314409196,406,418
515,44891,3095.5107098819431,-2599.2330655611449,0.59794460000094785,406,418
516,44908,3100.0212564397671,-2605.2041974172839,0.59734665540094689,406,418
517,44971,3269.2125847918601,-2558.3782348288219,0.59674930874554599,406,418
518,45040,3229.921330244219,-2643.3288486632619,0.59615255943680046,406,418
519,44960,3266.6258294760109,-2551.4725893928962,0.59555640687736366,406,418
520,44840,3016.5851762555858,-2621.939390188903,0.5949608504704863,406,418
521,44812,2990.7222864933478,-2521.0249105890762,0.5943658896200158,520,418
522,44858,3080.561489875704,-2693.646999869668,0.59377152373039577,520,418
523,44884,3006.8589687401832,-2540.0953416024699,0.59317775220666535,520,418
524,44883,3040.1094116947888,-2499.1119561619012,0.59258457445445867,520,418
525,44917,3106.6510285579338,-2435.4015531737282,0.59199198988000423,520,418
526,44941,3137.8970719515542,-2545.4769837994231,0.59139999789012421,520,418
527,44905,3108.3818633496981,-2612.2396477579009,0.59080859789223406,520,418
528,44878,3098.562012555984,-2635.7259115333959,0.59021778929434177,520,418
529,44887,3105.934029913195,-2593.8463411914381,0.58962757150504741,520,418
530,44978,3140.0420897068002,-2545.473135508063,0.58903794393354236,520,418
531,44998,3198.6924397712428,-2627.8055543190621,0.58844890598960886,520,418
532,44858,3020.5762531801661,-2593.6886132238342,0.58786045708361923,520,418
533,44925,3102.0083570328038,-2564.4124793397291,0.58727259662653564,520,418
534,44914,3142.0037414005051,-2570.539717178583,0.58668532402990914,520,418
535,44843,2987.3464783178752,-2512.3809448180282,0.58609863870587919,520,418
536,44935,3183.3646646210509,-2542.2370010775949,0.58551254006717335,520,418
537,45014,3100.349527490735,-2579.927108232715,0.58492702752710612,520,418
538,44988,3081.102402222416,-2700.9110909822989,0.58434210049957902,520,418
539,44904,3074.1096951432269,-2595.067399544479,0.5837577583990794,520,418
540,45062,3178.1243685343529,-2662.7955166570869,0.58317400064068037,520,418
541,44942,3120.9592022491388,-2593.5390655715378,0.58259082664003969,520,418
542,44914,2989.51940846567,-2626.3217932304201,0.58200823581339967,520,418
543,44897,3079.602851019531,-2612.7020337532049,0.58142622757758622,520,418
544,44992,3198.4920854330439,-2592.6696767439171,0.5808448013500086,520,418
545,44944,3111.349560365572,-2655.479616573085,0.58026395654865859,520,418
546,44860,3039.0927385933578,-2660.2213162858211,0.57968369259210994,520,418
547,44990,3079.0417181587591,-2460.658180125396,0.57910400889951785,520,418
548,44878,3094.298229590835,-2530.9193082891538,0.57852490489061836,520,418
549,44917,3090.9983750710139,-2592.1030206575888,0.57794637998572773,520,418
550,44936,3134.1291102027099,-2739.6795971396359,0.57736843360574197,520,418
551,44961,3172.2256860508319,-2522.2292896283038,0.57679106517213619,520,418
552,44905,3114.7319543754452,-2505.6972938968211,0.57621427410696402,520,418
553,44930,3024.2195723578102,-2562.6816315954602,0.5756380598328571,520,418
554,44919,3097.7391123725738,-2521.492886844529,0.57506242177302425,520,418
555,44844,2996.2959814065071,-2572.922373579052,0.57448735935125117,520,418
556,44940,3057.1778692607481,-2578.3946606468921,0.57391287199189989,520,418
557,44866,3105.6734249315782,-2526.6018590763128,0.57333895911990795,520,418
558,44828,3034.2479958232161,-2640.828907122735,0.57276562016078802,520,418
559,44971,3117.2758022281341,-2503.1840487577429,0.57219285454062718,520,418
560,44942,3185.9645084688532,-2623.5904779121288,0.57162066168608661,520,418
561,44817,3033.083290874963,-2629.8671331382388,0.57104904102440057,520,418
562,45001,3160.5974933707598,-2519.609275129877,0.57047799198337612,520,418
563,44823,3033.990023912269,-2597.074083451876,0.56990751399139272,520,418
564,44978,3210.825768561082,-2583.7641053969669,0.56933760647740128,520,418
565,44938,3140.462018316282,-2548.799001774014,0.56876826887092391,520,418
566,44903,3157.9707451322188,-2689.2700153827041,0.56819950060205293,520,418
567,44968,3097.7146514390988,-2625.3858623336282,0.56763130110145088,520,418
568,44849,2953.154978473664,-2614.6587581273211,0.56706366980034939,520,418
569,45001,3305.4140895440491,-2593.2886555900018,0.56649660613054909,520,418
570,44929,3181.7599186757138,-2634.7605066959682,0.56593010952441858,520,418
571,45022,3153.588616874194,-2577.3490922589372,0.56536417941489414,520,418
572,44849,2931.237166036191,-2619.292929374943,0.56479881523547926,520,571
573,44933,3069.7154388718059,-2566.1966796953989,0.56423401642024373,520,571
574,44901,3159.102504195519,-2594.13255276167,0.56366978240382348,520,571
575,44951,3172.8422341889318,-2558.27432589298,0.56310611262141963,520,571
576,44894,2997.7903735225168,-2594.1447819452992,0.56254300650879818,520,571
577,44914,3080.008661825841,-2674.961271328491,0.56198046350228936,520,571
578,44998,3113.6162559019008,-2582.637937298548,0.56141848303878705,520,571
579,44919,3084.6442235149921,-2611.9086623058279,0.56085706455574824,520,571
580,44905,3076.8275435948722,-2660.2316023245421,0.56029620749119247,520,571
581,44878,3105.0239126958681,-2639.2409644852191,0.55973591128370126,520,571
582,45070,3199.1507436196262,-2577.337768190016,0.55917617537241759,520,571
583,44914,3102.3679221545608,-2623.9537392742432,0.55861699919704522,520,571
584,44845,2996.5457265495352,-2618.4777315274409,0.5580583821978482,520,571
585,44885,3079.3308513616621,-2547.2211093002288,0.5575003238156504,520,571
586,44907,3034.8679462899149,-2448.8599591747511,0.55694282349183477,520,571
587,44977,3160.0294286713729,-2576.7186622739582,0.55638588066834294,520,571
588,44849,2997.16239985945,-2561.790729022196,0.55582949478767463,520,571
589,44907,3090.657490866749,-2610.1647834574028,0.55527366529288691,520,571
590,44886,3069.35817798174,-2559.6156288291518,0.55471839162759407,520,571
591,44949,3077.972771631974,-2520.986939524621,0.55416367323596649,520,571
592,44926,3103.1765819350148,-2660.4907782306759,0.55360950956273047,520,571
593,44946,3129.5358319794282,-2647.3529066838801,0.55305590005316774,520,571
594,45053,3252.7845595254971,-2667.1898849555992,0.55250284415311457,520,571
595,45008,3151.2503731209881,-2674.0136694046,0.55195034130896148,520,571
596,44871,3076.181438707486,-2672.273520241632,0.55139839096765253,520,571
597,45030,3184.2932752027359,-2635.9385889211708,0.5508469925766849,520,571
598,44956,3139.309061727196,-2573.3316341119348,0.55029614558410822,520,571
599,44936,3094.121253306459,-2566.595928851566,0.54974584943852411,520,571
600,44965,3195.5453278384871,-2731.498166148232,0.54919610358908555,520,571
601,44851,3030.9379262856628,-2518.6341164032719,0.54864690748549649,520,571
602,44878,3055.9986935021452,-2631.0051592346099,0.54809826057801103,520,571
603,44842,3025.908494192166,-2575.2973412803049,0.54755016231743303,520,571
604,44953,3068.4563289405228,-2550.7052339808019,0.54700261215511559,520,571
605,44851,2996.979621088617,-2512.9306065353562,0.54645560954296046,520,571
606,44927,3087.0094197500312,-2629.6917805317148,0.54590915393341755,520,571
607,44927,3096.0869707732541,-2593.2380638275358,0.54536324477948417,520,571
608,44861,3033.9399925278021,-2512.4486233672401,0.54481788153470467,520,571
609,44871,3040.790769033692,-2604.978869751204,0.54427306365316996,520,571
610,44903,3148.6598913602588,-2464.1088086529062,0.54372879058951684,520,571
611,44952,3178.115560489241,-2622.6137870048128,0.54318506179892734,520,571
612,44939,3083.7870845448001,-2475.7180702869368,0.54264187673712838,520,571
613,44861,3059.1093956331438,-2627.7870955546341,0.54209923486039124,520,571
614,44901,3023.4789250906069,-2476.362116549974,0.54155713562553087,520,571
615,44896,3087.684298010945,-2571.2683238532941,0.54101557848990534,520,571
616,44911,3095.6554536799322,-2555.9766580454138,0.54047456291141538,520,571
617,44888,3047.5419631214791,-2612.1656990605279,0.53993408834850398,520,571
618,44827,2971.815704561061,-2435.3551319405419,0.53939415426015547,520,571
619,44966,3225.1341324946038,-2602.1247227430831,0.53885476010589528,520,571
620,44881,3089.591317986853,-2533.0904311879221,0.53831590534578944,520,571
621,44901,3080.2059429506539,-2551.0192146460572,0.53777758944044363,520,571
622,44832,3038.5377398036048,-2600.1692576266619,0.53723981185100322,520,571
623,44899,3083.6968548231762,-2546.8295655118832,0.53670257203915217,520,571
624,44919,3114.2549933134819,-2423.7591275832569,0.53616586946711298,520,571
625,44919,3020.949116532684,-2591.5134454720401,0.53562970359764583,520,571
626,44900,3028.2427317757879,-2525.1861763350671,0.53509407389404817,520,571
627,44771,2920.578606598724,-2543.512655801966,0.5345589798201541,626,626
628,44750,2910.3932175672121,-2503.884219823316,0.53402442084033397,627,627
629,44900,3009.0308033199549,-2557.974124252074,0.53349039641949358,627,627
630,44916,3092.3398018649791,-2696.9182919646851,0.53295690602307411,627,627
631,44943,3059.8080472226002,-2530.4679379649601,0.53242394911705104,627,627
632,44836,3063.59877137592,-2483.3489756842419,0.53189152516793403,627,627
633,45013,3174.9623656501781,-2533.4559942766268,0.53135963364276606,627,627
634,44893,3085.9714135958588,-2652.241224359148,0.53082827400912325,627,627
635,44897,3085.1346320648822,-2649.7619621544882,0.53029744573511417,627,627
636,44919,3172.923025806198,-2610.0338413484451,0.5297671482893791,627,627
637,44929,3075.9869691735121,-2552.8264006177078,0.52923738114108976,627,627
638,44967,3158.4941934286289,-2608.9703509390679,0.52870814375994868,627,627
639,44997,3183.7903967365969,-2590.8650472231939,0.52817943561618874,627,627
640,44857,3021.1896831424519,-2560.983073620248,0.52765125618057251,627,627
641,44885,3023.9667150900082,-2678.4740954809649,0.52712360492439192,627,627
642,44873,3039.9277744564051,-2476.0134112487381,0.52659648131946757,627,627
643,44886,3087.4165716216471,-2580.718732044128,0.52606988483814809,627,627
644,44865,3087.2146384393918,-2596.796182505962,0.52554381495330993,627,627
645,44972,3246.7708552617528,-2630.341073818649,0.52501827113835664,627,627
646,44893,3054.6160402386299,-2529.5926180643901,0.52449325286721826,627,627
647,44820,3006.4626996059251,-2583.500233112612,0.52396875961435108,627,627
648,44887,3069.2348318423751,-2617.4660103118558,0.52344479085473672,627,627
649,44994,3209.2422396655379,-2522.5826810133922,0.52292134606388196,627,627
650,44971,3086.096733769511,-2547.7260095637471,0.52239842471781806,627,627
651,44920,3053.5382155780421,-2580.0982880529718,0.52187602629310026,627,627
652,44898,3043.6918824833729,-2610.2918987412891,0.5213541502668072,627,627
653,44881,3074.9656440637741,-2542.4347153237418,0.52083279611654043,627,627
654,44869,3045.0093951055278,-2539.8500540209961,0.52031196332042384,627,627
655,44861,3031.2500262464978,-2607.622856589107,0.51979165135710337,627,627
656,44773,2891.0308425966541,-2530.697328439996,0.5192718597057463,627,655
657,44850,3017.9152557920538,-2541.3741458086411,0.5187525878460405,627,655
658,44936,3152.4093978421229,-2553.6183619045169,0.51823383525819444,627,655
659,44912,3056.3673148365651,-2505.4480407387819,0.51771560142293627,627,655
660,44881,3119.4720150429139,-2575.455385836075,0.51719788582151338,627,655
661,44890,3026.3287145969548,-2672.907329629666,0.51668068793569188,627,655
662,44956,3127.7795277872528,-2628.8128076139219,0.51616400724775624,627,655
663,44841,3026.9883105214931,-2550.4877510461029,0.5156478432405085,627,655
664,44928,3154.3622032697099,-2532.700917587184,0.51513219539726796,627,655
665,44853,3040.8558763204701,-2496.5596084348572,0.51461706320187073,627,655
666,44919,3032.4880242949462,-2640.4388977163871,0.51410244613866884,627,655
667,44861,2994.5908515943452,-2642.1557316470999,0.51358834369253015,627,655
668,44832,3029.5762136029398,-2504.3176935533538,0.51307475534883762,627,655
669,44859,2914.1113857436162,-2607.2450205368691,0.51256168059348883,627,655
670,44838,3039.855392218089,-2558.8148147152879,0.5120491189128954,627,655
671,44833,3011.6832643833959,-2680.042065596374,0.5115370697939825,627,655
672,44880,3032.9722230482289,-2639.3693873819152,0.51102553272418849,627,655
673,44847,3049.011908688009,-2457.04247472624,0.5105145071914643,627,655
674,44830,2989.0450192822368,-2487.43844210717,0.51000399268427288,627,655
675,44816,2961.4233092665941,-2622.8399037469562,0.50949398869158857,627,655
676,44868,3072.4365218783159,-2488.683947756434,0.50898449470289697,627,655
677,44900,2996.679665182101,-2587.5570942028089,0.50847551020819404,627,655
678,44943,3118.2019282616211,-2628.2461913628108,0.50796703469798588,627,655
679,44811,3028.5820501663061,-2627.5165443802489,0.50745906766328785,627,655
680,44844,2968.3644848866561,-2605.7142502857582,0.5069516085956246,627,655
681,44864,3005.5186319676418,-2580.864869958174,0.50644465698702901,627,655
682,44868,3046.6401419996851,-2459.0967273110232,0.50593821233004199,627,655
683,44921,3160.0744058863779,-2575.886559576958,0.50543227411771197,627,655
684,44923,3047.294116745004,-2573.4171815055838,0.50492684184359427,627,655
685,44898,3114.6133349546608,-2584.7517672196118,0.50442191500175071,627,655
686,44870,2972.6468084688831,-2594.707293276826,0.50391749308674894,627,655
687,44880,3098.6527098658862,-2538.3918329186072,0.50341357559366218,627,655
688,44876,3046.8905562502432,-2605.63315783194,0.50291016201806849,627,655
689,44904,3011.1188272621821,-2392.003815315722,0.5024072518560504,627,655
690,44939,3119.059036155475,-2568.982256819173,0.50190484460419438,627,655
691,44892,3042.0595593710132,-2599.7262155215381,0.50140293975959016,627,655
692,44876,3024.1269940342199,-2598.8838501009182,0.50090153681983052,627,655
693,44918,3108.1037449872761,-2544.1942487952688,0.50040063528301071,627,655
694,44832,3022.3023077198031,-2559.6636684817008,0.4999002346477277,627,655
695,44890,3036.2951820222802,-2517.841689077492,0.49940033441308002,627,655
696,44865,3083.2720008833139,-2590.795305525708,0.49890093407866692,627,655
697,44933,3122.09070442654,-2544.4748781695962,0.4984020331445882,627,655
698,45049,3141.50153611011,-2572.6839591980811,0.49790363111144359,627,655
699,44907,3066.563925930066,-2687.8080161812122,0.49740572748033213,627,655
700,44910,3086.7609290642322,-2597.768395910241,0.49690832175285182,627,655
701,44824,2902.9755905578818,-2588.3702188348798,0.4964114134310989,627,655
702,44881,3072.9239557870028,-2678.8464275663569,0.49591500201766781,627,655
703,44892,3028.6559710156671,-2514.174323376074,0.49541908701565007,627,655
704,44971,3075.3101454627231,-2519.3102880410211,0.49492366792863451,627,655
705,44933,3098.150477757622,-2534.1113253807889,0.49442874426070582,627,655
706,44934,3176.9796633059391,-2540.5463031449699,0.49393431551644512,627,655
707,44854,2986.7528017864479,-2477.9963920956252,0.4934403812009287,627,655
708,44921,3058.6910562165749,-2536.5484635979328,0.49294694081972779,627,655
709,44884,3002.5742706423298,-2564.558887634887,0.49245399387890798,627,655
710,44977,3119.6363577352608,-2595.075873802954,0.49196153988502911,627,655
711,44927,3113.8412989475892,-2618.6735796445819,0.4914695783451441,627,655
712,44955,3139.209582381447,-2625.7668993739321,0.49097810876679893,627,655
713,44788,2963.5271702481718,-2518.6974268450131,0.49048713065803212,627,655
714,44887,3018.548097197604,-2544.25216421607,0.4899966435273741,627,655
715,44986,3220.790512629761,-2646.9236501532841,0.48950664688384671,627,655
716,44835,2979.4026564103779,-2510.9447830604408,0.48901714023696291,627,655
717,44931,3159.4673630859929,-2555.222074835669,0.48852812309672589,627,655
718,44894,3078.9754761748109,-2567.0240975305378,0.48803959497362909,627,655
719,44914,3081.3663111696928,-2567.78664966834,0.48755155537865552,627,655
720,44862,3019.0298491561111,-2510.3524186521158,0.48706400382327691,627,655
721,44913,3014.631037891359,-2554.75647043546,0.4865769398194536,627,655
722,44886,3058.8024414077272,-2533.7373455483489,0.48609036287963409,627,655
723,44924,3052.5764647076639,-2471.9131134940931,0.48560427251675448,627,655
724,44937,3122.8718870565822,-2601.821080771344,0.48511866824423783,627,655
725,44924,3119.9669280010921,-2621.5173982099609,0.48463354957599353,627,655
726,44861,3061.8688785766381,-2562.910581562182,0.48414891602641752,627,655
727,44942,3161.4285212446871,-2577.49773811359,0.48366476711039108,627,655
728,44930,3104.620026875642,-2627.702693591546,0.48318110234328071,627,655
729,44918,3060.3799224030299,-2536.4759672286541,0.48269792124093741,627,655
730,44990,3195.5651220771229,-2670.3039345910088,0.48221522331969652,627,655
731,44917,3080.4853260865571,-2502.606615808108,0.48173300809637681,627,655
732,44929,3091.3445242608518,-2587.756368149353,0.48125127508828042,627,655
733,44854,3039.5979897958168,-2649.3711052942358,0.48077002381319212,627,655
734,44849,3000.8356113828308,-2453.7098220386292,0.48028925378937892,627,655
735,44875,3084.686951014537,-2574.7750212105429,0.47980896453558952,627,655
736,44915,3043.140860507463,-2559.7375240020201,0.47932915557105388,627,655
737,44886,3066.9865787546069,-2600.3967357122328,0.47884982641548279,627,655
738,44888,3023.9333428123718,-2558.849871952707,0.47837097658906741,627,655
739,45010,3151.990032757627,-2542.2589291761169,0.47789260561247832,627,655
740,44889,3054.271541228105,-2582.3839015234021,0.47741471300686578,627,655
741,44848,3029.4360507596389,-2603.2149090706648,0.47693729829385889,627,655
742,44913,3086.172586493386,-2479.9667764021142,0.47646036099556499,627,655
743,44889,3041.5252194156178,-2455.3361219049061,0.47598390063456952,627,655
744,44857,3060.079405371202,-2566.1599779599269,0.47550791673393489,627,655
745,44881,3076.1974507883051,-2588.0497278617349,0.47503240881720088,627,655
746,44885,3097.5800454335399,-2535.8606909874679,0.47455737640838369,627,655
747,44818,2959.4578246720798,-2525.452627424113,0.47408281903197541,627,655
748,44963,3147.8604365278402,-2626.5594878753359,0.47360873621294342,627,655
749,44969,3129.257290906904,-2516.582725833814,0.47313512747673042,627,655
750,44900,3095.321982863929,-2588.927930954233,0.47266199234925371,627,655
751,44801,2995.7962072057671,-2485.393867654559,0.47218933035690452,627,655
752,44880,3010.978199703774,-2561.084887564356,0.47171714102654749,627,655
753,44817,3002.6560434161252,-2481.267453972348,0.47124542388552099,627,655
754,44877,3011.4950771233039,-2649.3867950594508,0.47077417846163538,627,655
755,44895,3066.5336981152759,-2664.7722085111682,0.4703034042831738,627,655
756,44881,3089.551812221453,-2533.8502068836979,0.46983310087889057,627,655
757,44810,2970.0813673375928,-2483.471384844484,0.46936326777801168,627,655
758,44950,3160.72599630063,-2516.144373978711,0.46889390451023372,627,655
759,44908,3131.3569035549531,-2523.032871825013,0.4684250106057235,627,655
760,44861,3045.3113818727902,-2566.6747457662418,0.46795658559511782,627,655
761,44859,2986.8972220738419,-2546.0963412948308,0.46748862900952259,627,655
762,44899,2979.8277761049771,-2546.9482743251069,0.46702114038051312,627,655
763,44939,3045.2299993962638,-2651.8396931206889,0.46655411924013263,627,655
764,44838,3030.901586694476,-2445.884325547695,0.4660875651208925,627,655
765,44866,2980.0103848631738,-2505.8638928674609,0.4656214775557716,627,655
766,44874,3115.054406816666,-2591.154486568847,0.46515585607821591,627,655
767,44847,3060.0959477570759,-2493.623864976274,0.46469070022213771,627,655
768,44900,3074.1987470331528,-2643.4924554323402,0.46422600952191551,627,655
769,44833,2995.6914963390391,-2490.0716853322851,0.46376178351239361,627,655
770,44894,3103.7093596862592,-2582.9033845028612,0.46329802172888118,627,655
771,44933,3100.5442606562328,-2438.0951763159619,0.46283472370715228,627,655
772,44843,3037.6297434851199,-2651.3352986377631,0.46237188898344522,627,655
773,44870,3088.7775687476392,-2493.1309300447379,0.46190951709446171,627,655
774,44989,3145.0625303432962,-2586.056231048181,0.46144760757736719,627,655
775,44941,3095.7463979989402,-2564.984849145244,0.46098615996978992,627,655
776,44912,3090.254204210999,-2588.7471366018972,0.46052517380982011,627,655
777,44973,3126.9910761035248,-2624.8922304708681,0.46006464863601021,627,655
778,45014,3185.1183244287281,-2614.584567826852,0.45960458398737419,627,655
779,44935,3114.0453988085019,-2699.8010806442621,0.45914497940338678,627,655
780,44911,3166.6828281424368,-2580.7223374357168,0.45868583442398342,627,655
781,44950,3167.6072352660881,-2530.549538878437,0.45822714858955937,627,655
782,44930,3034.8189876183951,-2438.709181805682,0.45776892144096992,627,655
783,44977,3113.3598591805271,-2649.968408892943,0.45731115251952892,627,655
784,44862,3016.9194104858379,-2536.2978358493529,0.45685384136700941,627,655
785,45030,3177.6485519428111,-2608.073970184591,0.45639698752564239,627,655
786,44876,3042.704399955252,-2620.3892292293299,0.45594059053811681,627,655
787,44927,3078.786986887515,-2498.9527314616221,0.45548464994757859,627,655
788,44888,2994.761266204091,-2628.1807503294622,0.45502916529763099,627,655
789,44894,2982.967198206728,-2543.945755937742,0.45457413613233338,627,655
790,44840,2941.112399819955,-2622.5133812713088,0.45411956199620113,627,655
791,44902,3021.4957330143588,-2552.9257213841538,0.45366544243420492,627,655
792,44829,2983.3301109401641,-2467.87124182864,0.45321177699177068,627,655
793,44965,2994.5561887993131,-2517.1562737095801,0.45275856521477897,627,655
794,44882,3027.8398902878898,-2643.9319753657801,0.45230580664956421,627,655
795,44866,3035.3551155202049,-2562.8741423018182,0.45185350084291459,627,655
796,44830,3005.908936331959,-2540.591567812342,0.45140164734207172,627,655
797,44901,2993.2649906716979,-2496.6986767345561,0.45095024569472958,627,655
798,44910,3091.1596570971178,-2579.8027135698931,0.45049929544903489,627,655
799,44957,3143.6430253349972,-2490.7779271247359,0.45004879615358578,627,655
800,44864,3009.1240444464361,-2505.01105534216,0.44959874735743233,627,655
801,44960,3120.9944117533182,-2593.2762638805239,0.44914914861007482,627,655
802,44819,2973.7960853538179,-2503.7649089122351,0.44869999946146483,627,655
803,44890,3038.2306137384198,-2527.2785629643631,0.44825129946200332,627,655
804,44949,3112.947025729628,-2515.8598349269951,0.4478030481625413,627,655
805,44919,3041.9507622147298,-2487.1044745773838,0.44735524511437869,627,655
806,44810,2939.7877262077,-2483.1551035655239,0.44690788986926439,627,655
807,44803,2949.923164109081,-2489.1885095648649,0.4464609819793951,627,655
808,44882,3017.269440022812,-2614.1651554881742,0.44601452099741568,627,655
809,44870,3013.4547507554898,-2473.6600569019938,0.44556850647641832,627,655
810,44922,3061.9278226837341,-2541.20481126293,0.4451229379699419,627,655
811,44890,3023.230970473096,-2576.2361746758888,0.44467781503197201,627,655
812,44864,3041.2776507067069,-2568.688476582598,0.44423313721694002,627,655
813,44846,2991.0799134004192,-2542.1701707437219,0.44378890407972299,627,655
814,44888,3077.8580866954999,-2620.514595538983,0.44334511517564329,627,655
815,44832,3004.1308389119849,-2525.576683651323,0.44290177006046771,627,655
816,44895,3094.0914270490771,-2481.9245489968539,0.44245886829040731,627,655
817,44887,2990.4657561892309,-2420.0835718337689,0.44201640942211678,627,655
818,44957,3118.0087294626492,-2615.7212872212099,0.44157439301269469,627,655
819,44916,3062.082199647994,-2545.409844333713,0.44113281861968212,627,655
820,44818,2940.6222018266358,-2627.7614854146618,0.44069168580106238,627,655
821,44869,2998.5791224665668,-2504.8204980380119,0.44025099411526131,627,655
822,44855,2984.551466844327,-2556.2871437588092,0.43981074312114599,627,655
823,44887,3057.1481260786281,-2641.013218461575,0.43937093237802488,627,655
824,44927,3120.0365922830629,-2662.368239382979,0.43893156144564688,627,655
825,44880,3056.5834064785972,-2536.707324557397,0.43849262988420118,627,655
826,44958,3107.873586597218,-2685.0313312623489,0.43805413725431702,627,655
827,44907,3132.4821251484509,-2527.025301129062,0.43761608311706268,627,655
828,45032,3123.1184337156401,-2558.4211952276651,0.43717846703394558,627,655
829,44899,3001.3436801807761,-2530.9942035701629,0.43674128856691169,627,655
830,44910,2994.0793359728782,-2527.8896452891258,0.43630454727834478,627,655
831,44825,3012.0022070023169,-2573.527738588316,0.43586824273106639,627,655
832,44897,3028.2944168712352,-2526.2707476479081,0.43543237448833538,627,655
833,44892,3027.3420298561718,-2621.5753099311059,0.43499694211384698,627,655
834,44845,3035.562630250211,-2544.7067979990088,0.43456194517173319,627,655
835,44869,2970.4308494297238,-2570.0198716432692,0.43412738322656153,627,655
836,44909,3048.6052082683791,-2562.665898667909,0.4336932558433349,627,655
837,44906,3066.285088175096,-2629.3887104642399,0.43325956258749149,627,655
838,44852,3008.5750430124381,-2441.5417727943259,0.43282630302490399,627,655
839,44906,3028.222839220889,-2561.697240748988,0.43239347672187922,627,655
840,44809,2935.3811425460249,-2526.4891688059888,0.43196108324515731,627,655
841,44860,3012.1555162178488,-2488.5871930695139,0.43152912216191208,627,655
842,44860,3011.8349409714629,-2617.400420435793,0.4310975930397502,627,655
843,44913,3074.5468168025332,-2613.4050970908179,0.43066649544671037,627,655
844,44782,2903.5099112665039,-2448.616971049908,0.43023582895126372,627,655
845,44928,3019.55563050004,-2535.5272435994411,0.42980559312231248,627,655
846,44872,2999.7375798645371,-2489.8426789481059,0.42937578752919009,627,655
847,44845,2965.0630228501418,-2524.5176220135281,0.42894641174166093,627,655
848,44851,3002.81983704499,-2539.2709981004882,0.42851746532991919,627,655
849,44862,2999.438385102716,-2641.0762308920971,0.42808894786458929,627,655
850,44846,2987.1787412678841,-2539.6005364559692,0.42766085891672467,627,655
851,44849,2944.4773364047628,-2586.0570065497641,0.42723319805780802,627,655
852,44951,3143.8616336707778,-2618.5453327030282,0.4268059648597502,627,655
853,44956,3161.8578505700839,-2627.9957937932431,0.42637915889489042,627,655
854,44831,2926.396047203938,-2571.038947593805,0.42595277973599549,627,655
855,44882,3034.628312693289,-2537.0854204273842,0.42552682695625949,627,655
856,44894,3043.5002431849848,-2622.1485235700352,0.42510130012930331,627,655
857,44838,2968.514290746411,-2458.6030823586061,0.42467619882917401,627,655
858,44885,2953.0135596803589,-2580.2573419419018,0.42425152263034482,627,655
859,44810,3007.51580474512,-2514.971456273071,0.42382727110771451,627,655
860,44854,3059.103282179226,-2595.6208437188352,0.42340344383660672,627,655
861,44949,3026.2049979577041,-2621.93179852803,0.4229800403927701,627,655
862,44907,3077.1213284279661,-2604.6692084016131,0.42255706035237728,627,655
863,44828,2978.9500566967649,-2469.2432655906791,0.42213450329202501,627,655
864,44924,3151.7064854734481,-2572.1466877948201,0.42171236878873292,627,655
865,44862,3062.443479296719,-2516.6053985459021,0.42129065641994418,627,655
866,44909,2981.52966834888,-2382.855878652224,0.42086936576352418,627,655
867,44917,3103.330319940947,-2471.870320302758,0.42044849639776072,627,655
868,44828,2975.7602598135368,-2566.2039040004838,0.42002804790136289,627,655
869,44871,3087.8096218495161,-2540.9833715016098,0.41960801985346158,627,655
870,44874,3068.0373306474471,-2585.9036518861308,0.41918841183360811,627,655
871,44908,3064.352319860709,-2549.7749012133031,0.41876922342177447,627,655
872,44865,3036.051557864942,-2543.0020302359439,0.41835045419835282,627,655
873,44766,2887.1895633971449,-2498.7559694187362,0.4179321037441544,627,872
874,44893,2933.1968721445478,-2408.2469754399099,0.41751417164041033,627,872
875,44927,3082.7938123575332,-2609.1176654081451,0.41709665746876978,627,872
876,44880,2994.6082777017891,-2553.626756893872,0.41667956081130109,627,872
877,44918,3012.5028514465862,-2569.401523749978,0.41626288125048982,627,872
878,44900,3069.2406525650572,-2515.6288330838061,0.41584661836923931,627,872
879,44852,3010.36264048574,-2529.3064226083329,0.41543077175087001,627,872
880,44844,3000.2115913743778,-2484.902213533765,0.41501534097911907,627,872
881,44900,3042.873460515415,-2553.6964811821799,0.41460032563813998,627,872
882,44825,2944.1052363511672,-2505.506108601388,0.41418572531250192,627,872
883,44813,2979.9037979891159,-2491.309399634818,0.41377153958718937,627,872
884,44801,2916.6607688525851,-2470.1707986345309,0.41335776804760221,627,872
885,44822,2933.9632295964389,-2515.191233280394,0.41294441027955459,627,872
886,44794,2930.077426628196,-2508.425203878362,0.41253146586927503,627,872
887,44820,2998.6711148097611,-2546.818554126673,0.41211893440340569,627,872
888,44966,3109.6899743080262,-2526.692491113145,0.41170681546900229,627,872
889,44821,2970.1595943502061,-2463.6252832884179,0.41129510865353341,627,872
890,44833,2989.1182774906702,-2492.2155256940291,0.41088381354487991,627,872
891,44898,3051.8065141110828,-2535.441169437267,0.41047292973133498,627,872
892,44939,3011.7625165388608,-2489.2689308230179,0.41006245680160358,627,872
893,44870,3018.4488409395749,-2465.902912631183,0.40965239434480211,627,872
894,45000,3087.7949913853681,-2521.9842543347941,0.40924274195045718,627,872
895,44894,3069.5485098956401,-2582.1046232737508,0.40883349920850681,627,872
896,44746,2888.8841161044561,-2429.7973102305468,0.40842466570929831,895,872
897,44981,3115.230395247389,-2439.435729298616,0.40801624104358902,895,872
898,44884,3014.7557342038681,-2518.3676425831691,0.40760822480254538,895,872
899,44860,3042.6824545605919,-2427.6968540541352,0.40720061657774281,895,872
900,44956,3045.8528049002548,-2610.1883116936719,0.40679341596116508,895,872
901,45035,3195.3697842296219,-2624.6684645165519,0.40638662254520391,895,872
902,44853,3028.5524626866618,-2476.412854774645,0.40598023592265869,895,872
903,44904,3085.9816402363908,-2592.0729657727602,0.40557425568673611,895,872
904,44873,2988.916335140646,-2493.844570569071,0.40516868143104928,895,872
905,44971,3136.570586242015,-2515.0231392660271,0.4047635127496183,895,872
906,44911,3084.3721850397278,-2500.6220211332561,0.40435874923686871,895,872
907,44860,3064.6752959662658,-2565.4285886390448,0.40395439048763182,895,872
908,44861,2970.1099282815248,-2587.8725793251542,0.40355043609714419,895,872
909,44790,2943.0492716791168,-2443.0609318760239,0.40314688566104712,895,872
910,44922,2974.8587950740698,-2426.6493890715651,0.402743738775386,895,872
911,44826,3028.6239083506612,-2482.7920096807402,0.40234099503661058,895,872
912,44907,3039.9513509924718,-2457.1368129659832,0.40193865404157397,895,872
913,44808,2949.6681622306141,-2447.0526199515639,0.40153671538753238,895,872
914,44919,3088.3375829827019,-2512.6836650144342,0.40113517867214488,895,872
915,44829,2969.49654102151,-2516.3866939651139,0.40073404349347269,895,872
916,44832,2944.8292911615999,-2531.0217835090052,0.40033330944997919,895,872
917,44829,2960.2989945916952,-2397.2881817347288,0.39993297614052931,895,872
918,44826,2973.0023466779112,-2598.1628793641962,0.3995330431643887,895,872
919,44835,2960.393026786568,-2506.1898814918131,0.39913351012122428,895,872
920,44952,3139.045478191651,-2514.2709066145121,0.39873437661110311,895,872
921,44871,3094.3321056467889,-2580.2288210625752,0.39833564223449203,895,872
922,44869,3022.0451729925289,-2561.6620342391152,0.39793730659225751,895,872
923,44913,3018.1741350512079,-2598.6777134525269,0.39753936928566519,895,872
924,44889,3009.907544148974,-2475.5858355546379,0.39714182991637959,895,872
925,44881,2974.448593045011,-2429.6378552583542,0.39674468808646318,895,872
926,44856,3009.7737360967262,-2558.1776690803408,0.3963479433983767,895,872
927,44818,2941.5830970418492,-2403.9382071548548,0.39595159545497832,895,872
928,44832,2999.0838788177489,-2448.9033329084618,0.39555564385952341,895,872
929,44874,3136.4211162045822,-2526.9919186193811,0.39516008821566379,895,872
930,44968,3113.1697520981529,-2697.2812451010818,0.39476492812744818,895,872
931,44834,2973.6751070696641,-2529.6211840182791,0.39437016319932072,895,872
932,44836,2959.9488023925451,-2502.0464580127782,0.3939757930361214,895,872
933,44828,2993.3994173048009,-2448.60925596983,0.39358181724308527,895,872
934,44859,3035.159164809616,-2617.4080566051448,0.39318823542584219,895,872
935,44850,2981.0599588474302,-2489.943883226787,0.39279504719041641,895,872
936,44890,3045.4229807696729,-2613.5208781252818,0.39240225214322588,895,872
937,44936,3134.4203339849701,-2506.722772219628,0.39200984989108267,895,872
938,44806,2987.4233630713952,-2566.5860654587841,0.39161784004119171,895,872
939,44855,2971.1725393034999,-2434.4768929910801,0.39122622220115039,895,872
940,44856,2938.0995668365581,-2617.6057763741042,0.39083499597894927,895,872
941,44797,2925.768563011507,-2504.5649554212491,0.3904441609829703,895,872
942,44841,3007.3267336192589,-2557.3434673831212,0.39005371682198731,895,872
943,44884,3030.3111301758272,-2459.3205831757159,0.38966366310516531,895,872
944,44902,3089.044816985579,-2405.677842577828,0.38927399944206009,895,872
945,44950,3119.9679017152762,-2552.0548602009371,0.3888847254426181,895,872
946,44879,3019.253187496724,-2474.613079543451,0.38849584071717552,895,872
947,44862,2961.967854569165,-2526.8284613622309,0.38810734487645832,895,872
948,44876,3014.4932434511252,-2585.505739748492,0.38771923753158188,895,872
949,44798,3008.2537490192271,-2494.5725320993411,0.38733151829405033,895,872
950,44910,3093.3571410387758,-2579.684977099871,0.38694418677575632,895,872
951,44872,3009.817410797828,-2582.6085392433461,0.3865572425889805,895,872
952,44857,3025.1796301549998,-2365.2504631978491,0.38617068534639148,895,872
953,44852,2975.9216062401829,-2541.7323539707731,0.38578451466104507,895,872
954,44853,2945.9592521992549,-2522.295169705405,0.38539873014638409,895,872
955,44870,2980.5933903600639,-2495.9503540379778,0.38501333141623773,895,872
956,44886,3083.4255134776172,-2591.9121253403359,0.38462831808482151,895,872
957,44938,3092.599342926912,-2572.388207058932,0.38424368976673667,895,872
958,44951,3091.7340932857242,-2569.3352717274452,0.38385944607696992,895,872
959,45024,3189.3944924745492,-2554.1737191523762,0.38347558663089287,895,872
960,44846,3029.6068123181039,-2501.7271109955991,0.38309211104426211,895,872
961,44763,2908.2902354317339,-2445.4696021886789,0.38270901893321779,895,872
962,44929,3089.2482317994968,-2602.4260920356919,0.38232630991428462,895,872
963,44862,3034.8232425124052,-2575.6263967946329,0.38194398360437032,895,872
964,44769,2923.3552926529678,-2423.0571159324759,0.3815620396207659,895,872
965,44830,2963.9943659810979,-2502.008547476481,0.38118047758114509,895,872
966,44863,2989.460181978332,-2535.1494454484509,0.38079929710356403,895,872
967,44771,2903.2515988560872,-2464.7415570872258,0.38041849780646048,895,872
968,44931,3029.0281066067241,-2583.366347403492,0.38003807930865402,895,872
969,44900,3042.9092434528829,-2517.7414589807959,0.37965804122934538,895,872
970,44865,2977.3027627459128,-2564.579143859869,0.37927838318811602,895,872
971,44956,3135.475042728197,-2664.2334210586878,0.37889910480492789,895,872
972,44906,3010.082102623594,-2579.0331994125941,0.37852020570012301,895,872
973,44850,2961.2539736763561,-2542.1276859992358,0.37814168549442279,895,872
974,44873,2991.3238846202512,-2509.897650084466,0.3777635438089284,895,872
975,44893,3033.2615510955111,-2543.8698283328931,0.37738578026511949,895,872
976,44860,2994.1235591318582,-2519.4608784294819,0.37700839448485429,895,872
977,44847,2993.362460740233,-2502.8805956862238,0.3766313860903695,895,872
978,44887,3055.5402025785411,-2595.4349426352851,0.37625475470427922,895,872
979,44866,2961.7571152065539,-2533.4423037895122,0.3758784999495749,895,872
980,44828,3004.8089992005571,-2550.4288190606799,0.37550262144962532,895,872
981,44906,3072.3442671406301,-2531.3633416239968,0.37512711882817568,895,872
982,44834,2983.6276752364552,-2544.3031701919558,0.37475199170934748,895,872
983,44885,3013.5507343617428,-2573.727644040046,0.37437723971763809,895,872
984,44839,3030.2069795992861,-2569.6394931440441,0.37400286247792047,895,872
985,44808,2944.3637045507389,-2479.463515290824,0.37362885961544262,895,872
986,44868,3059.3585003357239,-2442.091676072379,0.37325523075582723,895,872
987,44816,2940.9103969682569,-2515.0688828742609,0.37288197552507141,895,872
988,44830,3051.9432752195598,-2479.147155585415,0.37250909354954631,895,872
989,44880,2946.3788928559588,-2520.5007602267042,0.37213658445599668,895,872
990,44868,3002.0628718351909,-2581.4523286631638,0.37176444787154073,895,872
991,44874,2999.8073376384582,-2557.1136253866662,0.37139268342366921,895,872
992,44909,2972.1032090653312,-2569.41954128926,0.37102129074024548,895,872
993,44845,3022.8308339693681,-2573.8679134728168,0.3706502694495053,895,872
994,44856,3014.9118186127671,-2497.5672956155222,0.37027961918005581,895,872
995,44832,2992.9243843957179,-2547.6043434170861,0.36990933956087568,895,872
996,44892,3028.1330303336549,-2504.7406197181549,0.36953943022131491,895,872
997,44943,3098.6479835559999,-2511.259029747348,0.36916989079109352,895,872
998,44826,2932.818709373355,-2552.142273844282,0.36880072090030241,895,872
999,44867,3020.3097466385161,-2499.1770092597021,0.36843192017940207,895,872
1000,44786,2964.4717756174568,-2519.632312960191,0.36806348825922269,895,872
1001,44761,2868.808062186652,-2460.988880311666,0.36769542477096351,895,1000
1002,44906,2981.2542453894062,-2499.403063489257,0.36732772934619262,895,1000
1003,44866,3072.550479983865,-2549.5221095600009,0.3669604016168464,895,1000
1004,44922,3027.4312673200602,-2606.081427886335,0.36659344121522958,895,1000
1005,44856,3004.2082542413718,-2513.6225571600148,0.36622684777401432,895,1000
1006,44857,2929.8850897281491,-2532.1640708331388,0.36586062092624028,895,1000
1007,44836,2969.5844652540618,-2477.4705024732439,0.36549476030531408,895,1000
1008,44862,3040.420931203435,-2547.7128560758488,0.36512926554500869,895,1000
1009,44808,2970.3220804689381,-2432.6046304922102,0.36476413627946369,895,1000
1010,44855,3015.4953373919088,-2601.7440332363858,0.3643993721431843,895,1000
1011,44829,2980.2574125517208,-2470.2513985192791,0.36403497277104108,895,1000
1012,44922,3034.7635598745492,-2611.3325535953231,0.36367093779827009,895,1000
1013,44862,3015.696674785509,-2546.2578452025109,0.36330726686047182,895,1000
1014,44816,2949.4616519380061,-2467.4396554946852,0.36294395959361142,895,1000
1015,44890,3028.6265410276669,-2590.195362312299,0.36258101563401768,895,1000
1016,44831,2971.290390967255,-2413.1321128330542,0.36221843461838371,895,1000
1017,44789,2925.3679412344009,-2443.3638587878409,0.36185621618376529,895,1000
1018,44789,2963.6100037104552,-2567.2584372929368,0.36149435996758161,895,1000
1019,44883,2966.3215205962342,-2492.3161062649988,0.36113286560761398,895,1000
1020,44803,2953.65956500742,-2465.3438785306262,0.36077173274200641,895,1000
1021,44811,2986.8911925514722,-2410.539350205021,0.36041096100926429,895,1000
1022,44773,2920.4900108465781,-2530.3383909538079,0.36005055004825509,895,1000
1023,44848,2951.4551743458101,-2487.2229599461371,0.35969049949820692,895,1000
1024,44868,3061.466962465573,-2641.135052630319,0.35933080899870867,895,1000
1025,44920,3092.737318222808,-2565.8203197579328,0.35897147818970998,895,1000
1026,44881,2982.1742690019441,-2447.7637458483141,0.35861250671152028,895,1000
1027,44943,3029.5828391953919,-2586.6939181998732,0.35825389420480869,895,1000
1028,44855,3020.004743235118,-2493.41608838915,0.35789564031060389,895,1000
1029,44770,2898.6424839916649,-2415.9412288732442,0.35753774467029342,895,1000
1030,44771,2891.7638610365598,-2420.065530186871,0.35718020692562308,895,1000
1031,44903,2990.04138378371,-2506.5312480932448,0.35682302671869748,895,1000
1032,44813,2973.239196176537,-2446.7009959874258,0.35646620369197879,895,1000
1033,44899,3121.1574320369282,-2550.8014657882131,0.35610973748828678,895,1000
1034,44889,3083.196293914616,-2638.8645319288212,0.35575362775079861,895,1000
1035,44976,3095.4251242921318,-2547.0569607857678,0.35539787412304769,895,1000
1036,44989,3140.481909830592,-2580.9289625618562,0.35504247624892471,895,1000
1037,44882,3040.2987224813078,-2446.8003259804809,0.35468743377267581,895,1000
1038,44860,3013.940906523273,-2506.2578260180262,0.35433274633890322,895,1000
1039,44850,3006.429580396486,-2387.3324521049699,0.35397841359256432,895,1000
1040,44829,3016.346982206941,-2573.2518431078852,0.35362443517897169,895,1000
1041,44858,2993.6019168206581,-2552.9354355752612,0.35327081074379268,895,1000
1042,44865,2966.4847240795052,-2417.7909919651479,0.35291753993304897,895,1000
1043,44750,2877.7453691395222,-2542.7211302802339,0.35256462239311592,895,1000
1044,44836,2979.9806150346262,-2624.0770285645131,0.35221205777072279,895,1000
1045,44934,3055.7022486169549,-2481.6172650766389,0.35185984571295209,895,1000
1046,44902,3065.9110174089669,-2537.283253582711,0.35150798586723908,895,1000
1047,44824,2902.941827418284,-2559.0943606918941,0.35115647788137189,895,1000
1048,44803,2911.025295028976,-2474.0393045103051,0.35080532140349052,895,1000
1049,44909,3051.098346068391,-2477.7764962025831,0.35045451608208711,895,1000
1050,44811,2998.8685382370491,-2540.2840852772251,0.35010406156600499,895,1000
1051,44917,3073.02644264027,-2496.6695790359322,0.34975395750443899,895,1000
1052,44906,2973.9459974244151,-2430.2682765441559,0.34940420354693458,895,1000
1053,44887,3033.9978885087371,-2551.4475376992482,0.34905479934338762,895,1000
1054,44861,3008.6379911560989,-2531.437069088292,0.34870574454404418,895,1000
1055,44819,2938.7081219963961,-2488.0404647914252,0.3483570387995002,895,1000
1056,44864,2962.63936862216,-2534.5602299238021,0.34800868176070071,895,1000
1057,44788,2915.1485304260909,-2474.939589524417,0.34766067307894,895,1000
1058,44791,2986.5110664623899,-2408.9633628076299,0.34731301240586099,895,1000
1059,44865,2980.3528036610719,-2489.4141990505618,0.34696569939345517,895,1000
1060,44786,2918.118500072268,-2506.2403812825542,0.34661873369406171,895,1000
1061,44795,2968.5575443546431,-2398.6942987784059,0.34627211496036758,895,1000
1062,44888,3012.326886866128,-2525.844249459301,0.34592584284540728,895,1000
1063,44905,3014.8221664459161,-2469.5362873414861,0.34557991700256191,895,1000
1064,44779,2886.1550059289639,-2473.4013289769532,0.34523433708555928,895,1000
1065,44805,2963.2763539691,-2597.2798983064908,0.34488910274847367,895,1000
1066,44793,2919.6530527178688,-2504.4651260248861,0.34454421364572518,895,1000
1067,44852,2963.4835264916428,-2528.2178282447539,0.34419966943207952,895,1000
1068,44807,2932.0331732323461,-2442.3753457934972,0.34385546976264753,895,1000
1069,44883,3039.685252428334,-2494.7709915409168,0.34351161429288479,895,1000
1070,44810,2964.9584304035898,-2439.3206431935141,0.34316810267859188,895,1000
1071,44966,3100.1576144236342,-2568.852271552003,0.34282493457591329,895,1000
1072,44880,3026.0535794481461,-2454.9753606198942,0.34248210964133741,895,1000
1073,44794,2956.5540710650462,-2512.1779457581142,0.34213962753169608,895,1000
1074,44801,2892.5157999920648,-2476.0861629332621,0.34179748790416442,895,1000
1075,44848,3010.101329610774,-2496.9725460603331,0.34145569041626023,895,1000
1076,44851,3000.6602399389012,-2552.6854090115849,0.34111423472584401,895,1000
1077,44818,2933.774849961515,-2481.9623924339739,0.34077312049111808,895,1000
1078,44854,3034.6633055926982,-2447.6515990965572,0.340432347370627,895,1000
1079,44875,3064.9951422063641,-2520.2834387362759,0.34009191502325642,895,1000
1080,44824,2965.3000895132209,-2468.433993883255,0.3397518231082331,895,1000
1081,44836,2982.4227053787899,-2492.9042867873759,0.33941207128512491,895,1000
1082,44871,3021.491797774228,-2576.3445024416342,0.33907265921383972,895,1000
1083,44818,3006.7212177646761,-2538.293032580284,0.33873358655462588,895,1000
1084,44869,3071.2224196520178,-2552.1223186916482,0.33839485296807131,895,1000
1085,44843,2995.394440964923,-2477.932891737717,0.33805645811510321,895,1000
1086,44881,2981.9376983999541,-2525.1911650561492,0.33771840165698808,895,1000
1087,44837,3002.0949597185459,-2507.3076357803811,0.33738068325533122,895,1000
1088,44890,3013.7722096328389,-2577.0983697477282,0.33704330257207582,895,1000
1089,44790,2883.9201138830872,-2419.4891964536482,0.33670625926950382,895,1000
1090,44799,2950.2281034637881,-2483.2127778558679,0.33636955301023419,895,1000
1091,44826,2969.8136680785528,-2599.6940575448871,0.33603318345722399,895,1000
1092,44767,2915.3526672724752,-2604.7654053890151,0.33569715027376679,895,1000
1093,44790,2907.403697615528,-2542.041075771841,0.33536145312349303,895,1000
1094,44860,2963.265812953397,-2501.0397000702701,0.33502609167036951,895,1000
1095,44826,2974.7845776781942,-2455.7987727522791,0.33469106557869921,895,1000
1096,44864,3001.920636054107,-2554.1943108643618,0.33435637451312039,895,1000
1097,44846,2905.1799875948918,-2495.2848665040742,0.33402201813860732,895,1000
1098,44858,3014.594293134659,-2498.311835254633,0.33368799612046868,895,1000
1099,44881,2971.7547762194622,-2457.1655975347762,0.33335430812434819,895,1000
1100,44979,3063.4607442422248,-2410.3126832615571,0.33302095381622387,895,1000
1101,44850,2937.1674638912132,-2425.2666062779008,0.33268793286240772,895,1000
1102,44799,2955.4463473425271,-2517.7217151294449,0.33235524492954532,895,1000
1103,44818,2997.8636368610341,-2600.277095599251,0.33202288968461569,895,1000
1104,44841,2963.9148319506298,-2491.3915886754421,0.33169086679493109,895,1000
1105,44810,3006.5811542017759,-2474.8551326232332,0.33135917592813618,895,1000
1106,44904,3003.0520614752891,-2491.2972203685208,0.3310278167522081,895,1000
1107,44901,3052.9120121220922,-2567.2882658132089,0.3306967889354559,895,1000
1108,44851,3008.0300142738829,-2590.7203127107091,0.33036609214652052,895,1000
1109,44832,2944.679302961355,-2569.730683715411,0.33003572605437392,895,1000
1110,44904,3026.4773153004789,-2452.0787704130639,0.32970569032831948,895,1000
1111,44823,2997.9351235121312,-2430.8362034470588,0.32937598463799123,895,1000
1112,44815,2919.0376098718361,-2444.635957316134,0.32904660865335322,895,1000
1113,44818,2985.853916699074,-2477.4499215210071,0.32871756204469987,895,1000
1114,44835,3007.645175147275,-2541.5383862791841,0.32838884448265521,895,1000
1115,44899,2977.4944324338198,-2438.6607243798771,0.32806045563817249,895,1000
1116,44798,2928.2123377787161,-2508.3339290152931,0.32773239518253428,895,1000
1117,44841,2969.5064587943261,-2532.952934592256,0.32740466278735181,895,1000
1118,44880,2971.2726469078771,-2462.691906863301,0.32707725812456451,895,1000
1119,44848,3102.0606821129882,-2576.444971078854,0.32675018086643992,895,1000
1120,44795,2963.8150291791148,-2538.2266041659232,0.32642343068557339,895,1000
1121,44858,3031.06852866184,-2523.5679497177671,0.32609700725488788,895,1000
1122,44813,2974.9815422095821,-2451.3157303124481,0.32577091024763299,895,1000
1123,44899,2992.2686532952612,-2466.3742032493142,0.32544513933738528,895,1000
1124,44773,2857.847610267841,-2392.1830148573081,0.32511969419804793,895,1123
1125,44823,2996.7278994051221,-2510.6113665346061,0.32479457450384991,895,1123
1126,44880,2934.323541628477,-2488.7188225845698,0.324469779929346,895,1123
1127,44838,2982.2734699881648,-2558.6728026925562,0.32414531014941672,895,1123
1128,44957,3026.4629187406999,-2530.1675562851678,0.32382116483926732,895,1123
1129,44856,2972.999150334374,-2534.2410710650402,0.32349734367442801,895,1123
1130,44897,3012.2535107805779,-2501.131502195899,0.32317384633075358,895,1123
1131,44821,2964.6801189061721,-2485.559774980165,0.32285067248442278,895,1123
1132,44862,2977.6490810871228,-2517.4585356939592,0.3225278218119384,895,1123
1133,44911,3038.8007028353222,-2547.5580291474571,0.32220529399012648,895,1123
1134,44897,3003.7102492108052,-2480.308892098572,0.32188308869613641,895,1123
1135,44884,2988.6426886966142,-2507.972910362841,0.32156120560744023,895,1123
1136,44848,2996.361619459391,-2374.5567875170018,0.32123964440183278,895,1123
1137,44878,3030.5146842393169,-2507.0416450972762,0.32091840475743089,895,1123
1138,44835,2980.8050330702549,-2553.3179235643288,0.32059748635267349,895,1123
1139,44934,3102.516458739829,-2473.6955754220239,0.32027688886632077,895,1123
1140,44844,2972.0141535996258,-2552.7232033454952,0.31995661197745451,895,1123
1141,44845,3015.5448985850062,-2413.211391334773,0.31963665536547697,895,1123
1142,44788,2958.8307450971361,-2528.1095793219729,0.31931701871011148,895,1123
1143,44842,3006.9313644360059,-2468.0677596444011,0.3189977016914014,895,1123
1144,44756,2930.8849787251802,-2511.6241573699099,0.31867870398970999,895,1123
1145,44958,3041.3052891615039,-2485.6448481484949,0.31836002528572033,895,1123
1146,44832,2932.3290199620428,-2488.483732867965,0.31804166526043448,895,1123
1147,44867,3018.142344622675,-2457.8391330545228,0.31772362359517409,895,1123
1148,44828,2940.5263360878312,-2506.0724646771582,0.31740589997157892,895,1123
1149,44835,2900.0120755732669,-2543.615342791169,0.31708849407160727,895,1123
1150,44872,2976.717253561741,-2594.35223154096,0.31677140557753569,895,1123
1151,44833,2934.11769656858,-2467.6151119182282,0.31645463417195818,895,1123
1152,44774,2865.7013987057721,-2409.2184368296998,0.31613817953778628,895,1123
1153,44860,3052.7813975661002,-2543.0002472980709,0.31582204135824848,895,1123
1154,44845,2890.0990900558131,-2433.7947156514201,0.31550621931689021,895,1123
1155,44814,2914.9152679503081,-2476.0820186312471,0.31519071309757329,895,1123
1156,44851,3053.5693539445201,-2444.2447751538648,0.3148755223844758,895,1123
1157,44804,2942.937979342375,-2490.188357994633,0.31456064686209129,895,1123
1158,44838,3011.3166557236709,-2558.184179291191,0.31424608621522931,895,1123
1159,44813,2907.4581471470592,-2474.426534269232,0.31393184012901398,895,1123
1160,44849,2932.8904213703422,-2514.5652992383621,0.31361790828888497,895,1123
1161,44788,2925.5451798309282,-2498.2730788964568,0.31330429038059621,895,1123
1162,44918,3023.950494636334,-2610.3535739345061,0.31299098609021547,895,1123
1163,44968,3074.7982283911292,-2577.084500670655,0.31267799510412531,895,1123
1164,44817,2945.2701838035268,-2512.5350388007619,0.31236531710902121,895,1123
1165,44858,2999.9130923449829,-2607.5631398121609,0.31205295179191211,895,1123
1166,44950,3073.4512715972401,-2542.915856081268,0.31174089884012018,895,1123
1167,44861,3025.9945611270632,-2530.8405391256219,0.31142915794128012,895,1123
1168,44832,2902.6232703335859,-2426.6290578343128,0.31111772878333882,895,1123
1169,44958,3011.6373842715129,-2477.916539666689,0.31080661105455543,895,1123
1170,44848,2956.1225238321808,-2505.4010191547818,0.31049580444350089,895,1123
1171,44845,2988.5775806406218,-2405.7139374322201,0.31018530863905741,895,1123
1172,44873,2954.0767117995451,-2571.8850264605931,0.30987512333041828,895,1123
1173,44878,2950.6857781944791,-2494.718909164425,0.30956524820708792,895,1123
1174,44842,2981.031897325895,-2471.6093371950269,0.30925568295888078,895,1123
1175,44834,2962.29215642077,-2456.6804021516168,0.30894642727592198,895,1123
1176,44954,3086.1986093703149,-2558.8804535622139,0.30863748084864612,895,1123
1177,44829,3009.0178514785939,-2554.51992353061,0.30832884336779742,895,1123
1178,44853,2998.913362762893,-2503.1421355558841,0.30802051452442958,895,1123
1179,44844,3004.0495156519301,-2542.4883102896888,0.30771249400990519,895,1123
1180,44897,3014.4272607622929,-2461.0560539853359,0.30740478151589529,895,1123
1181,44785,2917.028148768331,-2443.1401545235649,0.30709737673437942,895,1123
1182,44905,2972.6712977298498,-2455.841058842655,0.30679027935764502,895,1123
1183,44833,2943.7057282693759,-2468.0334343642521,0.30648348907828732,895,1123
1184,44929,3012.1618309824948,-2620.643884081052,0.30617700558920902,895,1123
1185,44818,2943.3410730992941,-2510.382875141308,0.3058708285836198,895,1123
1186,44812,2932.476017281524,-2522.9519020044181,0.30556495775503623,895,1123
1187,44837,2973.0380150620658,-2469.9794757363261,0.30525939279728109,895,1123
1188,44778,2927.4508906050178,-2535.8949230567591,0.30495413340448391,895,1123
1189,44918,3103.771226375301,-2505.8667166321229,0.30464917927107937,895,1123
1190,44965,3150.1682658789259,-2594.9040113803758,0.30434453009180829,895,1123
1191,44881,2985.0993459343858,-2477.971271553452,0.30404018556171652,895,1123
1192,44825,2921.008406711604,-2519.822086996443,0.30373614537615468,895,1123
1193,44808,2947.5260770491232,-2456.73411167212,0.30343240923077858,895,1123
1194,44916,2989.5631818033512,-2416.3826716416138,0.30312897682154782,895,1123
1195,44863,3002.2431735033101,-2582.2593914685531,0.30282584784472633,895,1123
1196,44833,2963.674162280955,-2560.0757617174731,0.30252302199688152,895,1123
1197,44855,3007.4124238773802,-2503.3041103066312,0.30222049897488462,895,1123
1198,44839,2959.1488393061209,-2559.3105097992038,0.30191827847590968,895,1123
1199,44829,2949.4367884741869,-2463.043753666243,0.30161636019743382,895,1123
1200,44891,2982.5562460965102,-2571.5998106407028,0.30131474383723639,895,1123
1201,44855,3004.6286044872518,-2503.0305000006401,0.30101342909339918,895,1123
1202,44872,3019.0546484543211,-2562.1561905462499,0.30071241566430579,895,1123
1203,44898,3053.5707826624739,-2508.528692646169,0.30041170324864153,895,1123
1204,44820,2965.0701500202599,-2482.1075091810389,0.30011129154539279,895,1123
1205,44850,2902.8117205502281,-2388.3804960565071,0.29981118025384751,895,1123
1206,44895,2989.2000244128508,-2507.419026073142,0.2995113690735936,895,1123
1207,44754,2813.6515338560348,-2509.760173713853,0.29921185770452002,895,1206
1208,44781,2884.3051432003058,-2570.6477283898539,0.29891264584681548,895,1206
1209,44861,2967.86555076687,-2517.505934313408,0.29861373320096868,895,1206
1210,44844,3024.417331318683,-2562.8853253276288,0.29831511946776768,895,1206
1211,44830,2910.7068542844281,-2460.0306604927118,0.29801680434830002,895,1206
1212,44816,2922.946497111368,-2441.7113568217151,0.29771878754395159,895,1206
1213,44840,2962.4986324156248,-2422.0224844122799,0.29742106875640772,895,1206
1214,44845,2961.4406820556419,-2534.1773796403618,0.29712364768765132,895,1206
1215,44820,2937.354551269731,-2474.2825607118739,0.29682652403996362,895,1206
1216,44957,3000.9914726406519,-2512.85654373341,0.29652969751592367,895,1206
1217,44840,2936.7815016313461,-2491.8582604305989,0.29623316781840769,895,1206
1218,44856,3003.3833190083301,-2515.5352339874139,0.29593693465058929,895,1206
1219,44856,2950.6522447330799,-2527.4602316372739,0.29564099771593882,895,1206
1220,44824,2957.076835149976,-2418.9555052869869,0.29534535671822282,895,1206
1221,44830,3039.890687898072,-2485.6142775033431,0.2950500113615046,895,1206
1222,44861,2923.1360178301852,-2515.222717813529,0.29475496135014312,895,1206
1223,44849,3001.0287794910491,-2473.6695912690452,0.294460206388793,895,1206
1224,44890,2947.0585140702719,-2418.6011728809449,0.29416574618240421,895,1206
1225,44852,2956.4683100350499,-2460.628434030265,0.2938715804362218,895,1206
1226,44818,2985.4650477961509,-2563.8043882125598,0.2935777088557856,895,1206
1227,44806,2867.893325052009,-2483.7404930119151,0.29328413114692981,895,1206
1228,44790,2944.2220262919259,-2433.7272193660929,0.29299084701578287,895,1206
1229,44849,3003.8477300945092,-2482.3373328450512,0.29269785616876709,895,1206
1230,44793,2940.4169784574442,-2467.702069937734,0.29240515831259828,895,1206
1231,44821,2943.511487829453,-2402.3399553738691,0.29211275315428581,895,1206
1232,44835,2980.3307243945778,-2516.5971076883729,0.29182064040113148,895,1206
1233,44865,2986.5890923584921,-2658.4103360939121,0.29152881976073042,895,1206
1234,44769,2873.6850651976242,-2518.1044795410889,0.29123729094096962,895,1206
1235,44806,2900.4889632539471,-2463.638600553078,0.29094605365002862,895,1206
1236,44752,2843.1743339034688,-2474.6171943414179,0.29065510759637858,895,1206
1237,44786,2877.7611671636801,-2446.6446120950191,0.29036445248878218,895,1206
1238,44804,2924.3582085840771,-2498.443041348969,0.29007408803629342,895,1206
1239,44849,3009.704190308852,-2478.7997271224021,0.28978401394825709,895,1206
1240,44800,2940.753037446098,-2485.8687252864838,0.2894942299343089,895,1206
1241,44842,2942.7245972920591,-2571.4614263890262,0.2892047357043746,895,1206
1242,44773,2945.6934627558871,-2479.907196028922,0.28891553096867018,895,1206
1243,44873,3042.2907780015121,-2530.4096842120539,0.28862661543770157,895,1206
1244,44826,2957.892125917479,-2496.828644451658,0.28833798882226391,895,1206
1245,44826,2980.4656443061222,-2481.6196040621812,0.28804965083344158,895,1206
1246,44885,3010.6601900241672,-2423.2384047276742,0.28776160118260807,895,1206
1247,44855,3014.2356687666302,-2485.2930073579482,0.28747383958142553,895,1206
1248,44800,2924.6392986175952,-2477.687988083303,0.28718636574184409,895,1206
1249,44824,2978.251992592172,-2484.448358411933,0.28689917937610232,895,1206
1250,44844,2944.9909876701158,-2523.8367252537769,0.28661228019672619,895,1206
1251,44923,2973.1047072011179,-2544.4012947689521,0.28632566791652952,895,1206
1252,44823,2984.251079327355,-2431.4349248157441,0.28603934224861288,895,1206
1253,44799,2961.9754545465798,-2411.9697707416049,0.2857533029063643,895,1206
1254,44824,2961.534977378883,-2480.3768115702878,0.28546754960345788,895,1206
1255,44888,3014.9824680742399,-2501.9322517762248,0.28518208205385448,895,1206
1256,44806,2899.664418824741,-2501.8419348652919,0.28489689997180062,895,1206
1257,44797,2919.3810811194498,-2466.2456032791151,0.28461200307182882,895,1206
1258,44794,2947.9075959438451,-2516.86011031923,0.28432739106875698,895,1206
1259,44912,3058.8834371903508,-2592.2144941783331,0.28404306367768822,895,1206
1260,44897,3012.0886188278018,-2492.9414261970801,0.28375902061401048,895,1206
1261,44779,2919.4001874577161,-2431.4077497614362,0.28347526159339648,895,1206
1262,44901,2949.839113952668,-2536.0459619224312,0.28319178633180309,895,1206
1263,44878,3005.4921517358871,-2499.3964467047108,0.28290859454547129,895,1206
1264,44809,2955.0845319338282,-2498.6306476108989,0.28262568595092591,895,1206
1265,44907,2986.587819069166,-2498.0398658769791,0.28234306026497491,895,1206
1266,44788,2906.7739841065982,-2474.086727028588,0.28206071720470988,895,1206
1267,44841,3019.517677281141,-2532.2188765779788,0.28177865648750522,895,1206
1268,44869,2976.8516726516768,-2502.3773619127178,0.28149687783101768,895,1206
1269,44838,2978.3097411087551,-2549.4392615049569,0.28121538095318671,895,1206
1270,44814,2937.2473235229791,-2496.4969581520372,0.28093416557223361,895,1206
1271,44791,2867.9593703967089,-2531.2164398468331,0.28065323140666132,895,1206
1272,44740,2916.110306052547,-2392.3087642810742,0.28037257817525468,1271,1206
1273,44853,2985.473048811707,-2508.4941875599202,0.28009220559707942,1271,1206
1274,44923,3111.8874393014689,-2500.1017525935799,0.27981211339148232,1271,1206
1275,44776,2898.5236017595898,-2496.2640676560241,0.27953230127809081,1271,1206
1276,44993,3125.896308846236,-2559.271553804514,0.27925276897681273,1271,1206
1277,44855,2955.3401045738801,-2487.7890356684338,0.27897351620783589,1271,1206
1278,44803,2955.184693094739,-2558.0448346678781,0.27869454269162808,1271,1206
1279,44831,2975.6755889775959,-2490.362979349763,0.27841584814893638,1271,1206
1280,44801,2953.2516123213441,-2383.814523685905,0.27813743230078752,1271,1206
1281,44780,2946.1452532456842,-2477.9261488227148,0.27785929486848682,1271,1206
1282,44764,2913.1009326689832,-2519.5946438383762,0.27758143557361831,1271,1206
1283,44822,2933.3462255144668,-2492.7307688514702,0.27730385413804459,1271,1206
1284,44834,2944.810549483248,-2514.3430974850089,0.2770265502839066,1271,1206
1285,44783,2968.0163242263488,-2456.121543199738,0.27674952373362272,1271,1206
1286,44816,2963.8413191718041,-2447.8690739169192,0.27647277420988908,1271,1206
1287,44811,2985.1398567226588,-2558.9157417362212,0.27619630143567919,1271,1206
1288,44811,2896.8921435911961,-2399.1202501465868,0.27592010513424348,1271,1206
1289,44789,2911.729339990577,-2546.2291123869181,0.27564418502910931,1271,1206
1290,44815,2909.3956948287719,-2417.9728998993342,0.27536854084408019,1271,1206
1291,44829,2917.9248081762698,-2470.1430504075188,0.2750931723032361,1271,1206
1292,44864,2957.8151035633682,-2534.743715985363,0.27481807913093292,1271,1206
1293,44803,2923.3451798972919,-2400.826528527261,0.27454326105180188,1271,1206
1294,44779,2934.1055731146312,-2519.8182957034928,0.27426871779075013,1271,1206
1295,44838,2939.612549250744,-2437.8725376911948,0.27399444907295939,1271,1206
1296,44823,2948.8213048482171,-2446.918738061438,0.27372045462388639,1271,1206
1297,44836,2969.6088420633632,-2602.3509396100972,0.27344673416926257,1271,1206
1298,44753,2865.4235351552229,-2500.0380494063688,0.27317328743509328,1271,1206
1299,44813,2981.070793571881,-2420.7459629999239,0.27290011414765819,1271,1206
1300,44779,2912.846066492214,-2471.919574665058,0.27262721403351059,1271,1206
1301,44811,2932.4913549789139,-2531.6339138318831,0.27235458681947711,1271,1206
1302,44772,2906.8065036538378,-2559.8070869827211,0.27208223223265759,1271,1206
1303,44831,2930.6471315989052,-2506.4438128518282,0.27181015000042491,1271,1206
1304,44832,2934.7413384021302,-2535.6140820118699,0.27153833985042453,1271,1206
1305,44917,3060.255756370957,-2528.7599715727638,0.27126680151057397,1271,1206
1306,44834,3008.0870962809681,-2422.120518886607,0.27099553470906351,1271,1206
1307,44820,2915.3448193745039,-2484.262125155778,0.27072453917435441,1271,1206
1308,44819,2965.5238170697462,-2493.8496291525021,0.27045381463517998,1271,1206
1309,44787,2889.3474895427339,-2563.056187903087,0.27018336082054478,1271,1206
1310,44869,3034.1485572052002,-2543.5543176369079,0.26991317745972432,1271,1206
1311,44809,2954.9667979669748,-2435.3186551144399,0.26964326428226459,1271,1206
1312,44860,2949.020830671855,-2568.4189575797559,0.26937362101798229,1271,1206
1313,44786,2915.2570595485308,-2510.8342726876231,0.26910424739696442,1271,1206
1314,44838,2952.0800195617512,-2496.5512247296119,0.26883514314956741,1271,1206
1315,44903,3025.650724677615,-2550.8624635471429,0.26856630800641779,1271,1206
1316,44789,2891.3207311508272,-2532.525614907564,0.26829774169841142,1271,1206
1317,44953,3082.824553537992,-2485.6452525456748,0.26802944395671302,1271,1206
1318,44866,3032.5687955345202,-2439.3206480094209,0.26776141451275631,1271,1206
1319,44752,2841.8817028095441,-2398.4948017146012,0.26749365309824358,1271,1206
1320,44744,2939.466558276556,-2557.090791340182,0.26722615944514527,1271,1206
1321,44823,2982.3802757591839,-2463.6242156872818,0.2669589332857002,1271,1206
1322,44827,2980.5089871723171,-2493.8821063597161,0.26669197435241448,1271,1206
1323,44776,2910.8969835946059,-2467.7931525573731,0.26642528237806212,1271,1206
1324,44884,2981.813352180106,-2526.80515104286,0.26615885709568399,1271,1206
1325,44825,2954.0106891151599,-2534.9028241689321,0.2658926982385883,1271,1206
1326,44886,3089.2105719529141,-2511.1634145025691,0.26562680554034968,1271,1206
1327,44850,2998.4743731008029,-2522.731327071931,0.26536117873480941,1271,1206
1328,44798,2944.4612833974561,-2490.1297082175461,0.26509581755607448,1271,1206
1329,44863,2949.5967435867979,-2498.0750946288522,0.26483072173851852,1271,1206
1330,44851,2947.5109891082889,-2501.2281719926768,0.26456589101678002,1271,1206
1331,44846,2990.2162253878091,-2569.609019900593,0.26430132512576321,1271,1206
1332,44770,2865.197238219841,-2478.1167048084822,0.26403702380063743,1271,1206
1333,44858,2976.2729029271509,-2459.0825839224931,0.2637729867768368,1271,1206
1334,44833,2936.5439061836951,-2524.5723846430828,0.26350921379005998,1271,1206
1335,44851,2949.659102950588,-2510.574291530424,0.26324570457626989,1271,1206
1336,44774,2877.7353162878271,-2593.4177297203678,0.26298245887169369,1271,1206
1337,44832,2979.956711933331,-2552.316609443611,0.26271947641282201,1271,1206
1338,44834,2946.6350518353552,-2470.147991623267,0.26245675693640919,1271,1206
1339,44905,3064.558362492081,-2580.5157130534399,0.26219430017947282,1271,1206
1340,44828,3010.463841735851,-2486.1383112571812,0.26193210587929328,1271,1206
1341,44833,3002.367792392482,-2570.228059065365,0.26167017377341401,1271,1206
1342,44785,2916.349154186431,-2417.8346847239568,0.26140850359964057,1271,1206
1343,44828,2944.480207342704,-2537.4852215551468,0.26114709509604089,1271,1206
1344,44803,2941.3092549251651,-2583.2596640326142,0.26088594800094489,1271,1206
1345,44893,2916.1968845275428,-2619.846759326238,0.26062506205294389,1271,1206
1346,44749,2817.1484474997378,-2457.6446394041482,0.26036443699089101,1271,1206
1347,44762,2861.8513620447561,-2432.0511496395789,0.26010407255390011,1271,1206
1348,44841,2981.0940901116269,-2454.186222567083,0.25984396848134622,1271,1206
1349,44831,2990.8685472608699,-2531.9991259715448,0.25958412451286489,1271,1206
1350,44861,3042.7795003318911,-2364.8483570214639,0.25932454038835201,1271,1206
1351,44757,2891.682182290579,-2475.7239865272318,0.25906521584796371,1271,1206
1352,44951,2995.8145693306451,-2592.1241235715029,0.25880615063211571,1271,1206
1353,44873,2913.5904963845628,-2487.656764082366,0.25854734448148359,1271,1206
1354,44776,2907.035987823509,-2436.7595956471778,0.25828879713700209,1271,1206
1355,44898,2988.0327202943281,-2377.336688300622,0.25803050833986507,1271,1206
1356,44857,2965.1840308205778,-2464.712993843063,0.25777247783152518,1271,1206
1357,44909,3093.039948373023,-2530.317248494141,0.25751470535369358,1271,1206
1358,44805,3009.761242824613,-2468.0624821906422,0.25725719064834002,1271,1206
1359,44839,3009.3395709557831,-2463.486893570177,0.25699993345769162,1271,1206
1360,44763,2875.148864301681,-2444.8340179091851,0.25674293352423389,1271,1206
1361,44810,2961.3667291162328,-2464.795154753921,0.25648619059070971,1271,1206
1362,44810,2988.037108005793,-2463.7596610288128,0.256229704400119,1271,1206
1363,44898,3000.073435650007,-2541.1600523924531,0.25597347469571891,1271,1206
1364,44810,2919.3130566016048,-2423.5282804768949,0.25571750122102321,1271,1206
1365,44775,2862.711278361302,-2520.628657876824,0.25546178371980222,1271,1206
1366,44880,3002.3310943171141,-2444.0541572917882,0.25520632193608228,1271,1206
1367,44740,2915.608324756427,-2456.3713356565681,0.25495111561414618,1271,1206
1368,44835,2940.7420713153911,-2454.8741444127372,0.25469616449853211,1271,1206
1369,44795,2909.5216932261951,-2471.1342178372911,0.25444146833403358,1271,1206
1370,44854,2998.9401579646969,-2464.863728622558,0.25418702686569961,1271,1206
1371,44838,2979.2236820824792,-2459.7895019489661,0.25393283983883391,1271,1206
1372,44729,2844.2392969463849,-2516.2187789311852,0.25367890699899498,1371,1206
1373,44902,2968.9936807894701,-2431.732328269929,0.25342522809199602,1371,1206
1374,44883,2989.1222586300628,-2438.1403371691772,0.25317180286390401,1371,1206
1375,44813,2881.6220603968,-2487.0414052874539,0.25291863106104012,1371,1206
1376,44900,2991.6904953327239,-2500.0928249108101,0.25266571242997909,1371,1206
1377,44762,2883.1500078438071,-2470.569146175616,0.25241304671754911,1371,1206
1378,44853,2962.4003664026231,-2429.4772351341489,0.25216063367083158,1371,1206
1379,44903,3012.2919758484559,-2624.2675035583779,0.25190847303716069,1371,1206
1380,44827,2993.706825368597,-2530.6322290510202,0.25165656456412361,1371,1206
1381,44749,2872.1150360683928,-2440.692829703873,0.25140490799955939,1371,1206
1382,44808,2897.104169067416,-2428.7595418569672,0.25115350309155993,1371,1206
1383,44849,3026.0381559924599,-2506.7936838746032,0.2509023495884683,1371,1206
1384,44797,2932.3929259707479,-2493.1268883879229,0.25065144723887978,1371,1206
1385,44843,2962.1672870455031,-2534.2559287025529,0.25040079579164087,1371,1206
1386,44810,2939.471012215723,-2472.06233083697,0.25015039499584929,1371,1206
1387,44870,3018.6260954530512,-2592.4988243896478,0.24990024460085339,1371,1206
1388,44800,2930.0883238063529,-2530.384147131515,0.24965034435625261,1371,1206
1389,44983,3023.0186307510271,-2451.293373461097,0.2494006940118963,1371,1206
1390,44869,3025.0180901231602,-2543.666407822659,0.24915129331788441,1371,1206
1391,44838,2969.7085450882141,-2524.4021289117131,0.24890214202456659,1371,1206
1392,44838,2953.2152671433441,-2534.8931142597739,0.24865323988254201,1371,1206
1393,44777,2902.447530697521,-2475.6500718230759,0.24840458664265949,1371,1206
1394,44770,2914.756197582637,-2441.908203122116,0.24815618205601681,1371,1206
1395,44906,2961.3921042493548,-2480.6474423491691,0.2479080258739608,1371,1206
1396,44801,2886.986105826622,-2437.8150255759319,0.24766011784808681,1371,1206
1397,44864,3029.6152265428082,-2502.7350918224711,0.24741245773023879,1371,1206
1398,44889,2956.0349612259629,-2441.0867209071271,0.24716504527250849,1371,1206
1399,44799,2906.662977608562,-2454.0113098509942,0.24691788022723599,1371,1206
1400,44751,2883.6051398807881,-2439.9631109746911,0.2466709623470088,1371,1206
1401,44839,2963.5880712502099,-2526.061660582171,0.24642429138466179,1371,1206
1402,44865,2998.9355114311361,-2457.4189813544731,0.2461778670932771,1371,1206
1403,44874,2940.0769520215858,-2473.782506897081,0.2459316892261838,1371,1206
1404,44836,2927.6928818359711,-2487.5705137714499,0.24568575753695759,1371,1206
1405,44806,2978.9247248502788,-2532.590035928587,0.2454400717794207,1371,1206
1406,44930,3014.5800374243372,-2512.850401036043,0.2451946317076413,1371,1206
1407,44802,2962.8521925094242,-2521.7663612813508,0.24494943707593361,1371,1206
1408,44889,3013.50668150608,-2477.3217092498621,0.24470448763885769,1371,1206
1409,44815,2914.2791967631638,-2514.2085821514029,0.24445978315121891,1371,1206
1410,44799,2895.1516352190952,-2491.2433367648978,0.24421532336806759,1371,1206
1411,44776,2916.9094471837329,-2549.2337659191899,0.2439711080446996,1371,1206
1412,44889,3063.8959975223238,-2566.2188926523609,0.2437271369366549,1371,1206
1413,44814,2926.1239370987769,-2478.106267493009,0.24348340979971819,1371,1206
1414,44786,2960.4804086298932,-2460.270854617052,0.24323992638991851,1371,1206
1415,44757,2900.032135557401,-2533.6475022184709,0.24299668646352859,1371,1206
1416,44776,2888.8147604454448,-2401.122449781325,0.2427536897770651,1371,1206
1417,44781,2865.8403990452498,-2411.107964577991,0.24251093608728799,1371,1206
1418,44856,2986.2160907203279,-2565.9487460337382,0.2422684251512007,1371,1206
1419,44785,2956.1780533273568,-2596.3308873799178,0.24202615672604949,1371,1206
1420,44819,2929.300251555273,-2444.009515064186,0.24178413056932349,1371,1206
1421,44864,2970.888296701889,-2472.131484402124,0.24154234643875411,1371,1206
1422,44839,2948.3836194189262,-2440.4018598671901,0.24130080409231541,1371,1206
1423,44910,3048.4661152688309,-2484.134954281205,0.24105950328822309,1371,1206
1424,44817,2929.4678800009501,-2459.6120701342388,0.2408184437849348,1371,1206
1425,44817,2952.9644974184889,-2519.6199256154118,0.2405776253411499,1371,1206
1426,44824,2963.9900119670779,-2497.7864924246842,0.24033704771580869,1371,1206
1427,44786,2959.8807629756989,-2416.030987527206,0.24009671066809291,1371,1206
1428,44838,2990.4642720712141,-2495.6010269584381,0.2398566139574248,1371,1206
1429,44818,2923.83165324321,-2573.5714136126489,0.23961675734346741,1371,1206
1430,44782,2908.6710579116811,-2445.6646282018701,0.23937714058612389,1371,1206
1431,44787,2896.520936331241,-2468.960812368487,0.2391377634455378,1371,1206
1432,44814,2983.1650554809839,-2405.2565823862242,0.2388986256820923,1371,1206
1433,44751,2846.3800870907562,-2413.5726156023338,0.2386597270564102,1371,1206
1434,44868,3011.024882217193,-2603.6230630521632,0.23842106732935381,1371,1206
1435,44878,2979.3398114783708,-2459.0569943155042,0.2381826462620244,1371,1206
1436,44807,2919.7418131257459,-2448.8672992820202,0.23794446361576241,1371,1206
1437,44864,2984.9277574489788,-2475.3606534665191,0.23770651915214661,1371,1206
1438,44844,2994.3474544512692,-2414.9644233918889,0.23746881263299449,1371,1206
1439,44830,2874.8403280132161,-2426.8618517259179,0.23723134382036151,1371,1206
1440,44854,2986.758372088063,-2559.3950403877161,0.23699411247654109,1371,1206
1441,44873,2941.4845441607722,-2482.623360310482,0.2367571183640646,1371,1206
1442,44797,2933.7436101522321,-2514.4540770695512,0.2365203612457005,1371,1206
1443,44798,2862.233471873144,-2541.0273110197581,0.23628384088445481,1371,1206
1444,44829,2946.6645093729362,-2436.7313947530351,0.23604755704357039,1371,1206
1445,44793,2901.4725141255549,-2407.652395908211,0.23581150948652679,1371,1206
1446,44817,2945.8210142786002,-2545.5540906079668,0.23557569797704031,1371,1206
1447,44853,2908.677535551562,-2527.2529023541201,0.2353401222790632,1371,1206
1448,44796,2928.2961632574679,-2468.0794077842279,0.2351047821567841,1371,1206
1449,44818,2960.2704610957512,-2518.8015487914672,0.2348696773746273,1371,1206
1450,44807,2913.663445652367,-2501.2731674728561,0.2346348076972527,1371,1206
1451,44861,2911.981464273837,-2547.28488993677,0.23440017288955539,1371,1206
1452,44795,2923.1452357794492,-2487.71884925222,0.23416577271666589,1371,1206
1453,44751,2887.557356067829,-2379.8432669462632,0.23393160694394921,1371,1206
1454,44909,2951.4353414281909,-2426.4069260425681,0.23369767533700531,1371,1206
1455,44793,2928.7471316296051,-2539.8729048355121,0.23346397766166821,1371,1206
1456,44869,2988.7650441405658,-2431.5932940708049,0.2332305136840066,1371,1206
1457,44912,3048.46398403381,-2526.6631423713629,0.23299728317032259,1371,1206
1458,44832,3028.0491594561881,-2509.631720684974,0.2327642858871522,1371,1206
1459,44734,2852.8545337572491,-2495.368815351846,0.23253152160126511,1371,1206
1460,44888,3005.4735067194811,-2538.2612396541349,0.23229899007966379,1371,1206
1461,44812,2943.9885542730922,-2503.519543839971,0.23206669108958411,1371,1206
1462,44841,2991.8990193458449,-2443.9056042677689,0.23183462439849459,1371,1206
1463,44953,2980.777608226243,-2421.1392661112882,0.2316027897740961,1371,1206
1464,44799,2909.24495697161,-2479.3832655794272,0.23137118698432199,1371,1206
1465,44819,2967.767034354451,-2522.9865455934369,0.23113981579733761,1371,1206
1466,44863,2969.4499302501881,-2491.6007846113412,0.2309086759815403,1371,1206
1467,44823,2985.5544690423239,-2538.9030518860109,0.23067776730555881,1371,1206
1468,44821,2929.7444072596072,-2451.9591387644869,0.23044708953825321,1371,1206
1469,44775,2960.9502703900689,-2465.959539107866,0.2302166424487149,1371,1206
1470,44868,2978.3861441174549,-2518.3030650322321,0.22998642580626619,1371,1206
1471,44844,2969.452241988633,-2468.7136150614278,0.22975643938045989,1371,1206
1472,44889,3018.543655365087,-2512.3775602303081,0.2295266829410795,1371,1206
1473,44903,3008.5612273773031,-2498.4549164853802,0.2292971562581384,1371,1206
1474,44837,2936.8185841548311,-2480.9170611007321,0.22906785910188029,1371,1206
1475,44809,2940.9339953162671,-2457.4166343093561,0.22883879124277839,1371,1206
1476,44794,2867.9516978532042,-2478.236346144427,0.22860995245153559,1371,1206
1477,44810,2955.079670013019,-2545.9131080488842,0.22838134249908409,1371,1206
1478,44845,3045.7748009335151,-2379.1250855358421,0.22815296115658501,1371,1206
1479,44792,2894.102377156381,-2451.489438952819,0.22792480819542851,1371,1206
1480,44901,2962.9753727296179,-2462.148475039251,0.22769688338723301,1371,1206
1481,44779,2925.6333073321762,-2393.899064278552,0.22746918650384579,1371,1206
1482,44843,2950.570096844554,-2521.3364097231979,0.227241717317342,1371,1206
1483,44815,2966.789594226665,-2540.7906283827169,0.22701447560002461,1371,1206
1484,44801,2896.4460744113708,-2464.2265969993759,0.22678746112442461,1371,1206
1485,44844,2969.9194131003051,-2452.9177190534911,0.22656067366330021,1371,1206
1486,44782,2946.2028643654271,-2517.2700904220342,0.2263341129896369,1371,1206
1487,44783,2913.8744533005738,-2507.7161983765782,0.22610777887664721,1371,1206
1488,44803,2944.2220833966212,-2348.5323466956288,0.2258816710977706,1371,1206
1489,44834,3019.0582431203079,-2474.7319878455678,0.2256557894266728,1371,1206
1490,44725,2855.8541528039091,-2443.1365761727639,0.22543013363724609,1489,1206
1491,44768,2918.327800888726,-2431.586614466255,0.22520470350360891,1489,1206
1492,44843,2988.9966497132759,-2472.1906219569919,0.22497949880010529,1489,1206
1493,44830,2871.852498120159,-2414.1398347686199,0.22475451930130519,1489,1206
1494,44785,2857.5757194427219,-2499.0479896961351,0.2245297647820039,1489,1206
1495,44878,2930.7852273536259,-2453.249518379444,0.22430523501722191,1489,1206
1496,44809,2940.5704496187241,-2428.6266480953032,0.22408092978220459,1489,1206
1497,44832,2968.9028717397341,-2502.928741032028,0.22385684885242241,1489,1206
1498,44892,3052.5843446553222,-2541.7636951237719,0.22363299200357001,1489,1206
1499,44819,2956.0996022584959,-2517.7535834803612,0.22340935901156639,1489,1206
1500,44796,2916.0331471154559,-2531.4473416134492,0.22318594965255481,1489,1206
1501,44746,2844.6369754661541,-2486.908097243469,0.2229627637029023,1489,1206
1502,44790,2860.557206647868,-2449.8649621268341,0.2227398009391994,1489,1206
1503,44824,2993.5419335241809,-2505.0782988593701,0.2225170611382602,1489,1206
1504,44827,2929.931937367794,-2440.2465982729932,0.2222945440771219,1489,1206
1505,44783,2884.4684860922539,-2404.7524235314058,0.2220722495330448,1489,1206
1506,44793,2890.9042390377431,-2441.1661749217401,0.2218501772835117,1489,1206
1507,44769,2902.048802785841,-2385.5063163759801,0.22162832710622821,1489,1206
1508,44803,2907.8809642736478,-2524.193054588367,0.221406698779122,1489,1206
1509,44805,2952.370357406824,-2506.2614630597968,0.22118529208034279,1489,1206
1510,44734,2886.8360381821071,-2514.8149776197538,0.2209641067882625,1489,1206
1511,44798,2915.1386163962138,-2466.220331069891,0.22074314268147421,1489,1206
1512,44883,2944.900355220012,-2454.7277984087891,0.2205223995387928,1489,1206
1513,44827,2897.04351059582,-2500.9867042306751,0.220301877139254,1489,1206
1514,44784,2883.176513067689,-2538.676290735018,0.22008157526211469,1489,1206
1515,44930,3118.8638034315918,-2589.2197244398949,0.21986149368685259,1489,1206
1516,44800,2905.7369269344408,-2456.4008761518148,0.21964163219316571,1489,1206
1517,44866,2983.6265641084751,-2483.368746295339,0.21942199056097261,1489,1206
1518,44821,2915.475175326555,-2451.6400518540818,0.21920256857041159,1489,1206
1519,44828,2944.5947456869749,-2520.1018327561469,0.21898336600184121,1489,1206
1520,44867,3011.5267861062212,-2474.487162571314,0.21876438263583931,1489,1206
1521,44797,2914.2564786782182,-2449.8515721360081,0.21854561825320351,1489,1206
1522,44768,2859.388428637681,-2453.093190489843,0.2183270726349503,1489,1206
1523,44772,2923.315966872316,-2424.3889602271302,0.2181087455623153,1489,1206
1524,44788,2876.114385272585,-2395.2003429664842,0.217890636816753,1489,1206
1525,44803,2981.287246705383,-2501.5620701696212,0.21767274617993621,1489,1206
1526,44848,2947.7807456598161,-2492.6948698983601,0.21745507343375631,1489,1206
1527,44729,2848.08299936105,-2408.014153418354,0.21723761836032249,1489,1206
1528,44826,2974.6683372650741,-2553.2974347959848,0.2170203807419622,1489,1206
1529,44874,2997.9260804714759,-2445.2334893799248,0.2168033603612203,1489,1206
1530,44832,2916.0939800660699,-2389.4610885783641,0.21658655700085899,1489,1206
1531,44721,2854.1569569923699,-2466.4905940405961,0.21636997044385819,1530,1206
1532,44812,2941.5659255318669,-2446.8889738276739,0.21615360047341431,1530,1206
1533,44827,2914.4715952088982,-2455.7131678608398,0.21593744687294089,1530,1206
1534,44826,2919.3149867071711,-2455.4515944065379,0.21572150942606799,1530,1206
1535,44802,2890.1861250372872,-2503.4273172427388,0.21550578791664191,1530,1206
1536,44826,2943.9128216363861,-2498.2185527307129,0.21529028212872531,1530,1206
1537,44782,2917.4507433524641,-2502.4055569197508,0.21507499184659651,1530,1206
1538,44869,2983.7499444585619,-2557.239466201399,0.21485991685474989,1530,1206
1539,44943,3024.5384593368458,-2528.4432016744449,0.21464505693789521,1530,1206
1540,44819,2953.28538177067,-2436.2416671028741,0.21443041188095729,1530,1206
1541,44846,2997.1453894003098,-2426.5729846305412,0.21421598146907639,1530,1206
1542,44756,2874.4850355595349,-2469.7907368921092,0.2140017654876073,1530,1206
1543,44780,2854.07792762801,-2450.0986151524171,0.21378776372211969,1530,1206
1544,44891,2999.9724438874159,-2494.117463735226,0.21357397595839761,1530,1206
1545,44785,2895.494606870408,-2457.153959116647,0.21336040198243919,1530,1206
1546,44791,2903.091163663612,-2491.2273274592608,0.21314704158045669,1530,1206
1547,44791,2927.1478999555461,-2379.7658369600131,0.21293389453887629,1530,1206
1548,44825,2941.6830376708749,-2568.110982339912,0.2127209606443374,1530,1206
1549,44817,2942.3056725268771,-2505.6274022517068,0.21250823968369301,1530,1206
1550,44840,2975.8253840425059,-2529.9280205037121,0.21229573144400929,1530,1206
1551,44897,2961.9212169779762,-2435.731961626901,0.2120834357125653,1530,1206
1552,44847,2961.0746232340889,-2554.13125399923,0.21187135227685269,1530,1206
1553,44830,2912.6822388443061,-2400.862972482214,0.2116594809245759,1530,1206
1554,44777,2893.4844076643858,-2440.8995671336211,0.21144782144365129,1530,1206
1555,44823,2928.8124011667301,-2428.2425570598448,0.21123637362220771,1530,1206
1556,44749,2846.8090760827231,-2477.6458406690899,0.21102513724858549,1530,1206
1557,44754,2846.0393214713581,-2489.8108472124632,0.21081411211133691,1530,1206
1558,44848,2993.5757275169949,-2403.9743886259939,0.21060329799922561,1530,1206
1559,44823,2916.5793572326288,-2564.279719154852,0.21039269470122629,1530,1206
1560,44822,2973.1678369727751,-2467.820605425125,0.2101823020065251,1530,1206
1561,44772,2921.8426204520852,-2496.126241316957,0.20997211970451859,1530,1206
1562,44873,2995.024790774416,-2493.6866617632331,0.2097621475848141,1530,1206
1563,44801,2963.5446940825459,-2447.2649448652792,0.20955238543722929,1530,1206
1564,44779,2896.0406061610279,-2520.0244281926439,0.20934283305179199,1530,1206
1565,44831,2937.2955536725349,-2417.0246369663892,0.2091334902187402,1530,1206
1566,44766,2834.983732325511,-2423.032862066606,0.2089243567285215,1530,1206
1567,44766,2903.6391885727548,-2445.9848617640382,0.20871543237179299,1530,1206
1568,44838,2887.6852273890208,-2510.2763672595052,0.20850671693942119,1530,1206
1569,44784,2889.017135123273,-2460.727409333952,0.20829821022248171,1530,1206
1570,44872,2987.139564024993,-2494.0753483455228,0.20808991201225929,1530,1206
1571,44878,2953.766886307953,-2459.7403935833881,0.207881822100247,1530,1206
1572,44859,2907.3132763885669,-2455.4875968250931,0.20767394027814681,1530,1206
1573,44781,2825.797608939733,-2410.170881938785,0.2074662663378686,1530,1206
1574,44758,2872.0432716099972,-2425.2935054816871,0.20725880007153069,1530,1206
1575,44797,2975.801276131308,-2463.0611433152048,0.20705154127145919,1530,1206
1576,44846,2909.1809262180718,-2502.2433309286139,0.20684448973018779,1530,1206
1577,44752,2885.8404397414638,-2410.64090652815,0.20663764524045761,1530,1206
1578,44837,2986.7911711087572,-2570.913318313284,0.2064310075952171,1530,1206
1579,44805,2897.9373894520618,-2520.1474629842751,0.20622457658762189,1530,1206
1580,44790,2888.7750987470681,-2420.9862235797418,0.2060183520110343,1530,1206
1581,44789,2870.360836451744,-2409.7575845672709,0.20581233365902329,1530,1206
1582,44775,2935.053089547172,-2386.184039459039,0.20560652132536419,1530,1206
1583,44784,2918.470085485083,-2425.244963621662,0.20540091480403891,1530,1206
1584,44907,2974.5966265030261,-2470.8322870106849,0.20519551388923479,1530,1206
1585,44764,2919.0690721003248,-2553.5571798415781,0.20499031837534559,1530,1206
1586,44764,2888.9358544495021,-2361.549816846376,0.20478532805697031,1530,1206
1587,44851,2929.3931843327468,-2393.2805560728921,0.20458054272891329,1530,1206
1588,44820,2908.613469558471,-2498.321695729267,0.2043759621861844,1530,1206
1589,44899,2970.584467643936,-2537.7728614307262,0.2041715862239982,1530,1206
1590,44906,2991.918628848488,-2519.7109822804691,0.20396741463777421,1530,1206
1591,44842,3021.7408462222602,-2457.7615524154621,0.20376344722313641,1530,1206
1592,44837,2927.642453014957,-2473.2334596941191,0.2035596837759133,1530,1206
1593,44817,2867.0700320300398,-2455.636944645672,0.20335612409213741,1530,1206
1594,44792,2962.2176619475872,-2477.9950141053778,0.20315276796804521,1530,1206
1595,44806,2913.1161097084441,-2417.3371765651791,0.2029496152000772,1530,1206
1596,44842,2955.8574152484762,-2502.9733321746221,0.20274666558487711,1530,1206
1597,44896,2990.1587852340708,-2490.1506858678208,0.2025439189192923,1530,1206
1598,44820,2916.2304901259272,-2417.375947944407,0.202341375000373,1530,1206
1599,44765,2917.3470290016849,-2455.7689685610189,0.20213903362537261,1530,1206
1600,44848,2936.0171426644988,-2582.2962430264301,0.20193689459174721,1530,1206
1601,44846,2987.476246920598,-2457.788066422705,0.20173495769715549,1530,1206
1602,44820,2957.1073233114812,-2441.6704622022039,0.20153322273945831,1530,1206
1603,44813,2946.0405850592788,-2475.3902305038619,0.20133168951671879,1530,1206
1604,44773,2914.8965360571242,-2460.3590299455891,0.20113035782720209,1530,1206
1605,44816,2887.1647952090862,-2462.6814373443008,0.20092922746937489,1530,1206
1606,44799,2875.7724748365599,-2418.0368632685982,0.20072829824190561,1530,1206
1607,44858,2949.12772325884,-2494.7732436251131,0.20052756994366361,1530,1206
1608,44823,2942.5080838869599,-2498.7977169880278,0.20032704237372001,1530,1206
1609,44835,2955.5122285215111,-2437.322752432879,0.20012671533134629,1530,1206
1610,44792,2886.9799366577072,-2483.2435304429309,0.19992658861601489,1530,1206
1611,44806,2876.0733879152681,-2370.540661850132,0.19972666202739889,1530,1206
1612,44845,2962.3062368312089,-2411.56007780852,0.1995269353653715,1530,1206
1613,44846,2963.815709417654,-2475.3003793707039,0.19932740843000621,1530,1206
1614,44806,2871.1145475890571,-2543.5266529561591,0.19912808102157609,1530,1206
1615,44792,2897.6342121481339,-2453.536375528734,0.1989289529405546,1530,1206
1616,44785,2888.4461657943771,-2430.810263925388,0.198730023987614,1530,1206
1617,44778,2847.3581060624761,-2349.7173355103118,0.1985312939636264,1530,1206
1618,44779,2912.3150551745662,-2533.3158866930489,0.19833276266966279,1530,1206
1619,44762,2933.4376420120061,-2463.020581106015,0.19813442990699309,1530,1206
1620,44797,2915.896205003613,-2441.7336841403949,0.1979362954770861,1530,1206
1621,44811,2932.0219459234609,-2490.0081267597361,0.19773835918160901,1530,1206
1622,44762,2861.0546835159212,-2429.577691140365,0.1975406208224274,1530,1206
1623,44828,2914.9830475516419,-2402.3398850149579,0.19734308020160499,1530,1206
1624,44827,2889.415962129588,-2465.0857167026161,0.1971457371214034,1530,1206
1625,44779,2880.8856869078099,-2421.6096084895762,0.196948591384282,1530,1206
1626,44797,2929.295102048633,-2457.5643420598981,0.1967516427928977,1530,1206
1627,44779,2912.2000356459089,-2487.4992567072782,0.1965548911501048,1530,1206
1628,44869,2928.6667564372619,-2604.7135209264129,0.19635833625895471,1530,1206
1629,44918,3004.9667386158799,-2479.739958314346,0.19616197792269571,1530,1206
1630,44798,2939.258019616248,-2458.0185120500851,0.19596581594477311,1530,1206
1631,44737,2852.6556236221249,-2481.5044030041381,0.1957698501288283,1530,1206
1632,44905,2934.4281654296519,-2384.9289998027521,0.19557408027869941,1530,1206
1633,44812,2931.5672124320481,-2514.6021216079071,0.1953785061984207,1530,1206
1634,44812,2947.8446323936059,-2477.0490843098769,0.19518312769222229,1530,1206
1635,44753,2916.883053905362,-2397.982282837982,0.19498794456453011,1530,1206
1636,44848,2910.6719932025521,-2408.2812634489119,0.1947929566199656,1530,1206
1637,44778,2896.240557693397,-2447.690465995322,0.19459816366334559,1530,1206
1638,44797,2869.1069723380879,-2381.882892953703,0.19440356549968221,1530,1206
1639,44763,2872.5052204373878,-2451.7020907711521,0.19420916193418261,1530,1206
1640,44883,2932.1165007234722,-2459.8366329114301,0.19401495277224839,1530,1206
1641,44823,2837.5149957095982,-2424.1178751206489,0.1938209378194761,1530,1206
1642,44814,2943.5667753767079,-2484.8967311318952,0.19362711688165671,1530,1206
1643,44836,2947.7534233217871,-2416.8391013819969,0.19343348976477501,1530,1206
1644,44748,2850.824156640851,-2443.3686177023178,0.1932400562750102,1530,1206
1645,44877,2996.4194759890779,-2548.8563833190119,0.19304681621873521,1530,1206
1646,44784,2911.9485648627242,-2457.7487646993109,0.1928537694025165,1530,1206
1647,44761,2886.4485088300371,-2461.2571859190862,0.19266091563311399,1530,1206
1648,44798,2887.099049990074,-2520.3107490717011,0.19246825471748091,1530,1206
1649,44876,3012.2259310193472,-2410.073764870142,0.19227578646276339,1530,1206
1650,44831,2886.0908467025251,-2566.689286860033,0.19208351067630061,1530,1206
1651,44839,2931.3152914731272,-2448.8506004713599,0.1918914271656243,1530,1206
1652,44780,2958.4802728142108,-2499.4036250248118,0.19169953573845869,1530,1206
1653,44750,2917.1561488663169,-2472.4082499718579,0.19150783620272019,1530,1206
1654,44763,2867.8563317826138,-2414.3773729002032,0.19131632836651749,1530,1206
1655,44794,2889.0681171938691,-2469.5042020634651,0.19112501203815099,1530,1206
1656,44826,2941.2017229294402,-2470.4130300611041,0.1909338870261128,1530,1206
1657,44713,2825.772209955483,-2440.9778058954848,0.19074295313908671,1656,1206
1658,44818,2953.9127762696171,-2375.0201096303158,0.19055221018594759,1656,1206
1659,44790,2892.362332347358,-2430.062345071708,0.19036165797576171,1656,1206
1660,44819,2919.6743149230851,-2405.113763968136,0.1901712963177859,1656,1206
1661,44844,2892.615351500725,-2405.0690977518079,0.18998112502146811,1656,1206
1662,44820,2906.7313101677082,-2516.6826750862479,0.18979114389644661,1656,1206
1663,44815,2858.887621428652,-2412.5081774000992,0.18960135275255019,1656,1206
1664,44833,2905.0476245818559,-2380.5956079014418,0.1894117513997976,1656,1206
1665,44788,2873.7551344152562,-2385.5687986959838,0.1892223396483978,1656,1206
1666,44798,2932.0734021083881,-2504.6653671320792,0.18903311730874939,1656,1206
1667,44795,2891.9471193309669,-2389.8497693411441,0.18884408419144069,1656,1206
1668,44780,2880.8547544886419,-2408.772792437393,0.18865524010724921,1656,1206
1669,44735,2836.6914515846702,-2446.1130211609661,0.18846658486714199,1656,1206
1670,44891,2973.6213104610561,-2461.8609204472941,0.18827811828227481,1656,1206
1671,44797,2907.5317433853652,-2491.6856102146662,0.18808984016399249,1656,1206
1672,44817,2910.4021014694022,-2444.394399455904,0.1879017503238285,1656,1206
1673,44841,2975.2333190488612,-2522.6496539948789,0.1877138485735047,1656,1206
1674,44872,2979.3605110104691,-2506.246284217666,0.18752613472493121,1656,1206
1675,44802,2858.197527277111,-2390.7121850364988,0.18733860859020629,1656,1206
1676,44769,2889.5067260300948,-2442.596152458189,0.1871512699816161,1656,1206
1677,44821,2915.1752109613699,-2471.4096161258171,0.18696411871163451,1656,1206
1678,44799,2943.35716630978,-2413.6107671575378,0.18677715459292279,1656,1206
1679,44807,2944.8360633464622,-2377.5289228595088,0.1865903774383299,1656,1206
1680,44805,2902.0103591398351,-2463.5739717324532,0.18640378706089161,1656,1206
1681,44818,2930.951690613037,-2469.7796572261882,0.18621738327383069,1656,1206
1682,44836,2963.601378155035,-2426.5029626630171,0.1860311658905569,1656,1206
1683,44791,2846.862455366158,-2487.4126780500469,0.18584513472466629,1656,1206
1684,44745,2917.7125729012969,-2501.8509623292211,0.18565928958994171,1656,1206
1685,44881,2975.9409377746442,-2519.1392741751979,0.18547363030035169,1656,1206
1686,44801,2906.046463389865,-2478.1915150725499,0.18528815667005141,1656,1206
1687,44782,2852.7422762768979,-2480.705149821827,0.18510286851338131,1656,1206
1688,44819,2966.0764137836941,-2401.1609434702291,0.18491776564486789,1656,1206
1689,44801,2910.5373428157882,-2425.2250180562628,0.18473284787922309,1656,1206
1690,44811,2894.4083428590011,-2385.899658753126,0.1845481150313438,1656,1206
1691,44829,2971.0664837276431,-2502.5373712295232,0.1843635669163125,1656,1206
1692,44742,2831.5939584266039,-2471.3381065311492,0.18417920334939619,1656,1206
1693,44805,2895.5967479049068,-2464.401017531643,0.18399502414604679,1656,1206
1694,44807,2874.7597623682541,-2500.9171305265372,0.1838110291219007,1656,1206
1695,44844,2960.6337289407929,-2436.515252121008,0.18362721809277879,1656,1206
1696,44758,2882.4757590580921,-2547.579178134245,0.18344359087468601,1656,1206
1697,44787,2900.3144204354621,-2455.1472214975001,0.18326014728381129,1656,1206
1698,44834,2952.420659925544,-2392.8124738333499,0.18307688713652751,1656,1206
1699,44815,2948.2189979404461,-2502.678294470204,0.182893810249391,1656,1206
1700,44837,2921.646184494492,-2589.1651339870159,0.18271091643914161,1656,1206
1701,44790,2913.176010422228,-2442.6426889047411,0.18252820552270249,1656,1206
1702,44801,2921.6661169688182,-2442.4320127118772,0.18234567731717979,1656,1206
1703,44812,2922.0552726004939,-2478.0020109064039,0.18216333163986259,1656,1206
1704,44779,2882.989398799617,-2423.282614213063,0.1819811683082227,1656,1206
1705,44788,2917.0414254477168,-2565.7751667047892,0.1817991871399145,1656,1206
1706,44785,2868.2316306157718,-2443.4209598063799,0.1816173879527746,1656,1206
1707,44759,2866.7137439381331,-2459.1527696656908,0.1814357705648218,1656,1206
1708,44770,2897.5644012820048,-2456.566013104316,0.18125433479425701,1656,1206
1709,44833,2994.649922165529,-2456.5543151681568,0.18107308045946269,1656,1206
1710,44805,2933.8294928177111,-2468.3970321201391,0.18089200737900321,1656,1206
1711,44756,2878.8282032658581,-2410.719185620409,0.18071111537162421,1656,1206
1712,44799,2878.86218542602,-2539.6360947723219,0.18053040425625261,1656,1206
1713,44907,3013.5303483793909,-2453.1292362583331,0.18034987385199641,1656,1206
1714,44839,2942.062363546544,-2475.4787718532839,0.1801695239781444,1656,1206
1715,44818,2916.762159103263,-2468.5581043952088,0.17998935445416619,1656,1206
1716,44818,2875.6282852065392,-2493.8800017417971,0.17980936509971199,1656,1206
1717,44804,2937.2392729904068,-2481.3723497638339,0.17962955573461231,1656,1206
1718,44795,2858.415878506637,-2465.0163830812421,0.1794499261788777,1656,1206
1719,44781,2937.5083091393649,-2468.6984244125579,0.17927047625269879,1656,1206
1720,44764,2870.9163505149859,-2389.5233694225258,0.17909120577644619,1656,1206
1721,44764,2893.1002302483048,-2418.8035420179122,0.17891211457066969,1656,1206
1722,44808,2946.4135572303112,-2483.302092110474,0.17873320245609911,1656,1206
1723,44854,2940.2417251045322,-2381.2283101675912,0.17855446925364299,1656,1206
1724,44782,2918.173458609951,-2493.7965671192901,0.1783759147843893,1656,1206
1725,44848,2893.2120597429471,-2482.7778892381311,0.1781975388696049,1656,1206
1726,44784,2908.9638867279332,-2417.3178807386848,0.1780193413307353,1656,1206
1727,44820,2952.291403340726,-2482.1240509935042,0.17784132198940461,1656,1206
1728,44759,2914.314783974321,-2389.9646315874852,0.17766348066741519,1656,1206
1729,44762,2860.1607078119232,-2481.1667593230809,0.1774858171867478,1656,1206
1730,44803,2901.609363101818,-2478.8092648115489,0.17730833136956101,1656,1206
1731,44837,2959.850842866867,-2478.0760714030898,0.1771310230381915,1656,1206
1732,44863,2922.956733324535,-2456.3947417097861,0.1769538920151533,1656,1206
1733,44913,2934.607411737039,-2488.679560386835,0.17677693812313811,1656,1206
1734,44748,2826.9929591232931,-2376.5959840534888,0.17660016118501501,1656,1206
1735,44823,2960.0650048536422,-2459.4310280114119,0.17642356102383,1656,1206
1736,44808,2939.5068015892739,-2477.8976586388089,0.17624713746280621,1656,1206
1737,44758,2867.6787331808791,-2391.3101244521908,0.17607089032534329,1656,1206
1738,44754,2841.58250591057,-2393.356396037319,0.175894819435018,1656,1206
1739,44768,2875.592136273438,-2435.931374454296,0.175718924615583,1656,1206
1740,44855,2943.2529980742502,-2468.850730350186,0.1755432056909674,1656,1206
1741,44799,2938.3219460466889,-2409.7048592233691,0.17536766248527641,1656,1206
1742,44771,2900.217731610132,-2446.08141997043,0.17519229482279119,1656,1206
1743,44786,2852.085405222168,-2457.2657289417002,0.1750171025279684,1656,1206
1744,44802,2886.6590215634528,-2491.6874140743462,0.17484208542544041,1656,1206
1745,44768,2889.2502490753818,-2406.3386727073121,0.17466724334001499,1656,1206
1746,44821,2924.355877798419,-2477.772041492593,0.17449257609667501,1656,1206
1747,44774,2857.3073734471359,-2417.8229940011302,0.17431808352057829,1656,1206
1748,44762,2869.8181767765832,-2432.3572951456708,0.1741437654370577,1656,1206
1749,44781,2882.681307877363,-2388.2540804457358,0.17396962167162061,1656,1206
1750,44742,2905.9834707449331,-2492.6786877691479,0.17379565204994901,1656,1206
1751,44698,2828.4804883793181,-2469.8073016611438,0.17362185639789909,1750,1206
1752,44816,2903.388708880645,-2514.2100917164612,0.17344823454150121,1750,1206
1753,44802,2924.3391563062901,-2467.1909777205469,0.17327478630695969,1750,1206
1754,44850,2915.09925923735,-2518.755250524071,0.1731015115206527,1750,1206
1755,44853,2930.7228752489882,-2518.8904843929799,0.17292841000913209,1750,1206
1756,44898,2968.6186148128509,-2459.177654590731,0.17275548159912291,1750,1206
1757,44822,2949.167843088328,-2486.1747115445451,0.17258272611752379,1750,1206
1758,44876,2982.8145610884471,-2417.3582118972759,0.17241014339140631,1750,1206
1759,44840,2912.3377466961801,-2462.7700852382332,0.17223773324801489,1750,1206
1760,44762,2919.9515244439472,-2413.668485273367,0.17206549551476691,1750,1206
1761,44769,2887.6050141780611,-2451.5930113292011,0.17189343001925211,1750,1206
1762,44751,2845.9573575235249,-2420.793919506169,0.17172153658923289,1750,1206
1763,44811,2905.4930881365558,-2386.6220621672192,0.17154981505264361,1750,1206
1764,44784,2923.2647821722908,-2463.5572651127968,0.171378265237591,1750,1206
1765,44742,2833.5152113998961,-2400.500399554026,0.17120688697235339,1750,1206
1766,44863,2935.5434639042369,-2414.6357587169919,0.171035680085381,1750,1206
1767,44906,2983.0462875298422,-2473.7759199911229,0.17086464440529561,1750,1206
1768,44777,2904.0186582162291,-2416.7343944199888,0.17069377976089031,1750,1206
1769,44791,2865.4538279656681,-2491.8448740281742,0.17052308598112939,1750,1206
1770,44793,2887.6668253970852,-2454.9975534595878,0.1703525628951483,1750,1206
1771,44872,3004.538072527394,-2480.9336096925299,0.1701822103322532,1750,1206
1772,44768,2891.7222487954459,-2476.1619778789659,0.1700120281219209,1750,1206
1773,44791,2931.994418205571,-2465.9171996644932,0.16984201609379901,1750,1206
1774,44805,2894.8052304049079,-2481.002668341474,0.16967217407770521,1750,1206
1775,44901,3018.4801698140418,-2437.1467287388668,0.16950250190362751,1750,1206
1776,44863,2904.6946431950851,-2453.5747470499582,0.16933299940172389,1750,1206
1777,44749,2880.9714976913519,-2471.1324662491802,0.16916366640232219,1750,1206
1778,44785,2884.115688139726,-2490.1981890740299,0.16899450273591979,1750,1206
1779,44837,2913.027827853773,-2382.2844784849408,0.1688255082331839,1750,1206
1780,44882,2985.1071206400961,-2387.8215014495572,0.16865668272495071,1750,1206
1781,44801,2938.098269388976,-2493.8198609094679,0.16848802604222579,1750,1206
1782,44820,2925.8451609758481,-2490.6592116146981,0.1683195380161836,1750,1206
1783,44780,2858.5941332241559,-2463.9279018311831,0.16815121847816741,1750,1206
1784,44760,2860.9799622823361,-2482.0568217751229,0.1679830672596892,1750,1206
1785,44866,2900.768180407395,-2414.5953077411018,0.16781508419242949,1750,1206
1786,44804,2906.8428821726779,-2447.322829562278,0.1676472691082371,1750,1206
1787,44807,2915.200347406203,-2489.9199270136428,0.1674796218391289,1750,1206
1788,44825,2943.84281257865,-2587.7433325119091,0.16731214221728979,1750,1206
1789,44791,2918.690887108171,-2419.737631871124,0.1671448300750725,1750,1206
1790,44817,2907.7811962184051,-2524.508204121139,0.1669776852449974,1750,1206
1791,44745,2856.5796575232421,-2483.4345631489632,0.16681070755975241,1750,1206
1792,44796,2946.843033740472,-2512.6520091273519,0.16664389685219269,1750,1206
1793,44766,2838.2454981358878,-2406.9936640335768,0.16647725295534049,1750,1206
1794,44842,2893.0476184363911,-2479.9769948920548,0.16631077570238509,1750,1206
1795,44809,2880.7989099447232,-2455.1071471081041,0.16614446492668269,1750,1206
1796,44767,2864.2300821678891,-2398.6140040490441,0.16597832046175601,1750,1206
1797,44746,2909.708754900952,-2366.5889113797298,0.16581234214129431,1750,1206
1798,44846,2934.2357260697768,-2443.808607279158,0.16564652979915301,1750,1206
1799,44775,2919.361996913814,-2451.015926625158,0.16548088326935381,1750,1206
1800,44893,3024.6114944315791,-2515.1155748025521,0.1653154023860845,1750,1206
1801,44781,2913.7176758471778,-2425.0333557472641,0.1651500869836984,1750,1206
1802,44752,2848.7722129087078,-2404.8066137600708,0.1649849368967147,1750,1206
1803,44855,2903.8500785556839,-2379.5067789375762,0.164819951959818,1750,1206
1804,44817,2903.9863921910019,-2512.7694537600792,0.1646551320078582,1750,1206
1805,44884,2967.6205225571262,-2511.677070949147,0.16449047687585031,1750,1206
1806,44771,2875.7635845176351,-2415.9406875734089,0.16432598639897439,1750,1206
1807,44834,2919.2466287090169,-2404.5925247399641,0.16416166041257549,1750,1206
1808,44835,2927.9274708813659,-2499.4700780571411,0.16399749875216291,1750,1206
1809,44850,2943.7358232288698,-2463.4240666010669,0.1638335012534107,1750,1206
1810,44817,2914.0367152290869,-2470.2885774562801,0.1636696677521573,1750,1206
1811,44760,2825.8590356133432,-2439.8294795196448,0.16350599808440519,1750,1206
1812,44822,2919.765664232717,-2497.366926045313,0.16334249208632079,1750,1206
1813,44807,2900.7798389971158,-2459.3352025202521,0.16317914959423441,1750,1206
1814,44822,2996.0980370747552,-2475.8090745435829,0.1630159704446402,1750,1206
1815,44796,2915.903034937262,-2447.1998044771499,0.16285295447419559,1750,1206
1816,44817,2939.2135620978688,-2447.1905959723572,0.16269010151972141,1750,1206
1817,44850,2942.6856154538068,-2453.88614648879,0.16252741141820171,1750,1206
1818,44810,2934.629525268113,-2406.2355270094372,0.16236488400678339,1750,1206
1819,44809,2921.518026240904,-2545.743252839005,0.16220251912277669,1750,1206
1820,44802,2953.0323244067372,-2513.8604061419351,0.16204031660365389,1750,1206
1821,44807,2927.5677328916331,-2463.242324648359,0.1618782762870502,1750,1206
1822,44800,2927.5679876148179,-2379.2087355873059,0.16171639801076321,1750,1206
1823,44760,2871.32628800571,-2364.390537354232,0.16155468161275241,1750,1206
1824,44804,2911.167291455105,-2464.5095571614561,0.16139312693113969,1750,1206
1825,44748,2882.7481193566491,-2443.2164348182851,0.16123173380420849,1750,1206
1826,44879,2951.188856835543,-2522.1929566275721,0.1610705020704043,1750,1206
1827,44754,2840.782243257423,-2535.7278462207569,0.1609094315683339,1750,1206
1828,44810,2857.9751782941971,-2497.0777712095128,0.1607485221367656,1750,1206
1829,44757,2910.5459360300961,-2412.8993877487851,0.16058777361462881,1750,1206
1830,44771,2858.918553536635,-2379.8459905861509,0.1604271858410142,1750,1206
1831,44809,2919.9088951627919,-2521.9401564177829,0.1602667586551732,1750,1206
1832,44784,2887.442063977127,-2436.673468403073,0.16010649189651799,1750,1206
1833,44836,2939.3408281249331,-2440.4495963896711,0.1599463854046215,1750,1206
1834,44875,2949.945623978334,-2469.156306577172,0.15978643901921691,1750,1206
1835,44737,2819.8581616708739,-2442.433611005883,0.15962665258019759,1750,1206
1836,44811,2947.2058158064101,-2524.472175584071,0.15946702592761741,1750,1206
1837,44747,2895.2685013476098,-2445.4512677503162,0.15930755890168979,1750,1206
1838,44818,2931.2006209149249,-2426.8304655124248,0.15914825134278809,1750,1206
1839,44906,2977.1396960788261,-2456.249792392643,0.15898910309144529,1750,1206
1840,44810,2920.46623852329,-2505.8696595813039,0.15883011398835389,1750,1206
1841,44761,2869.151905720576,-2452.3287553323948,0.15867128387436549,1750,1206
1842,44795,2888.1873152088151,-2407.0005310267311,0.15851261259049121,1750,1206
1843,44722,2822.962834877027,-2385.7502789353489,0.1583540999779007,1750,1206
1844,44758,2854.591354600499,-2526.6565284182079,0.15819574587792279,1750,1206
1845,44894,3037.7347487357179,-2466.0922401127168,0.1580375501320449,1750,1206
1846,44770,2895.161628041059,-2419.23305623437,0.1578795125819128,1750,1206
1847,44757,2880.9489409966659,-2457.5532569826819,0.1577216330693309,1750,1206
1848,44785,2874.7821738635489,-2428.1010459611612,0.15756391143626161,1750,1206
1849,44749,2877.7704319908039,-2421.0130124676471,0.1574063475248253,1750,1206
1850,44775,2906.848456608267,-2424.356158958386,0.15724894117730051,1750,1206
1851,44801,2899.3496759983991,-2463.0469675501881,0.15709169223612321,1750,1206
1852,44814,2897.2096571902639,-2504.310128023084,0.15693460054388711,1750,1206
1853,44828,2922.4553717874151,-2447.466527070364,0.15677766594334319,1750,1206
1854,44859,2961.6157208109912,-2445.116700492918,0.15662088827739981,1750,1206
1855,44821,2904.692723920843,-2491.9569532052601,0.15646426738912239,1750,1206
1856,44749,2905.9254539791909,-2343.807149212756,0.15630780312173331,1750,1206
1857,44782,2913.7190809635549,-2455.6338490797202,0.15615149531861161,1750,1206
1858,44781,2902.8232567342829,-2464.5599129353791,0.155995343823293,1750,1206
1859,44750,2888.6416111656972,-2455.1888834406191,0.1558393484794697,1750,1206
1860,44840,2956.286520552997,-2478.1475708039752,0.15568350913099019,1750,1206
1861,44841,3011.5494019666348,-2461.1400986851982,0.15552782562185921,1750,1206
1862,44808,2891.7801892270581,-2379.5394282872949,0.1553722977962374,1750,1206
1863,44808,2940.640229009668,-2468.4039126908201,0.1552169254984411,1750,1206
1864,44789,2929.1986816085769,-2481.7580135475059,0.15506170857294271,1750,1206
1865,44724,2846.7462441282551,-2448.4697604540588,0.15490664686436981,1750,1206
1866,44779,2901.4068550594152,-2397.723246172965,0.1547517402175054,1750,1206
1867,44763,2902.966805662732,-2499.8083139453761,0.15459698847728789,1750,1206
1868,44834,2935.8723541631762,-2378.2750052743108,0.15444239148881059,1750,1206
1869,44742,2895.274218890997,-2389.4886995209408,0.1542879490973218,1750,1206
1870,44801,2918.198982642718,-2452.320340978451,0.15413366114822441,1750,1206
1871,44800,2941.4022377990368,-2441.4644901586998,0.15397952748707619,1750,1206
1872,44779,2889.610418279146,-2491.968475594042,0.15382554795958911,1750,1206
1873,44830,2886.1084754284179,-2338.8463316351722,0.15367172241162949,1750,1206
1874,44901,2986.1088339189309,-2518.6076701169868,0.15351805068921789,1750,1206
1875,44804,2929.609320133583,-2408.5243934592609,0.1533645326385287,1750,1206
1876,44731,2842.8942805357192,-2460.4745822567652,0.15321116810589019,1750,1206
1877,44785,2912.1326345754251,-2387.055649016253,0.15305795693778429,1750,1206
1878,44895,2981.7002148848028,-2456.6027074965632,0.1529048989808465,1750,1206
1879,44768,2822.102019564375,-2420.898740013366,0.15275199408186571,1750,1206
1880,44744,2836.528803741131,-2440.1630983255091,0.1525992420877838,1750,1206
1881,44742,2848.991555967596,-2451.5761701405841,0.15244664284569601,1750,1206
1882,44809,2911.725103003404,-2434.429680355126,0.15229419620285031,1750,1206
1883,44807,2859.2918671159409,-2464.0512343398568,0.1521419020066474,1750,1206
1884,44739,2839.1173242929722,-2408.0853173169439,0.1519897601046408,1750,1206
1885,44745,2889.4665204626381,-2459.510080678815,0.1518377703445361,1750,1206
1886,44772,2917.9663584084401,-2474.158412162797,0.15168593257419161,1750,1206
1887,44788,2860.5977454569561,-2435.2335185094198,0.15153424664161741,1750,1206
1888,44781,2811.6360502334201,-2401.762681522845,0.1513827123949758,1750,1887
1889,44805,2970.2745032803359,-2416.8317253564342,0.1512313296825808,1750,1887
1890,44851,2967.6123507243828,-2436.728212279339,0.15108009835289821,1750,1887
1891,44804,2907.4335935628201,-2409.925076741622,0.1509290182545453,1750,1887
1892,44805,2914.2882974692702,-2452.9043705429631,0.1507780892362908,1750,1887
1893,44704,2833.8456554354329,-2397.7817628255161,0.15062731114705449,1750,1887
1894,44742,2870.8948265624872,-2418.4235714762799,0.1504766838359074,1750,1887
1895,44745,2882.9711495296719,-2395.8069085044108,0.15032620715207151,1750,1887
1896,44868,2936.2598777650642,-2469.039228264342,0.1501758809449194,1750,1887
1897,44798,2903.852612730399,-2369.9068120945772,0.1500257050639745,1750,1887
1898,44812,2888.746313347508,-2440.6891692052632,0.1498756793589105,1750,1887
1899,44725,2827.706185530265,-2431.9529307206708,0.1497258036795516,1750,1887
1900,44761,2850.820089411096,-2432.706906457317,0.14957607787587199,1750,1887
1901,44772,2862.5801308943219,-2384.1263758307982,0.1494265017979961,1750,1887
1902,44850,2940.6026455940619,-2411.942881572746,0.1492770752961981,1750,1887
1903,44798,2874.2081358026471,-2373.9850432190469,0.14912779822090191,1750,1887
1904,44794,2891.0342894263458,-2480.8509263550359,0.14897867042268101,1750,1887
1905,44772,2849.43232185648,-2387.5367307507531,0.14882969175225841,1750,1887
1906,44783,2868.2358698601938,-2417.6012446051068,0.1486808620605061,1750,1887
1907,44794,2940.3668445052322,-2439.0526283365348,0.14853218119844561,1750,1887
1908,44781,2898.9418387675928,-2502.723639365995,0.1483836490172471,1750,1887
1909,44791,2931.6506734219429,-2420.0478791168771,0.1482352653682299,1750,1887
1910,44841,2930.0335768532791,-2503.3669482281239,0.14808703010286159,1750,1887
1911,44781,2879.2199515914481,-2502.0331752830712,0.14793894307275879,1750,1887
1912,44831,2906.8281521716121,-2431.2403165657279,0.14779100412968599,1750,1887
1913,44828,2895.582391664846,-2449.162530240591,0.14764321312555639,1750,1887
1914,44803,2915.9795644221972,-2525.6848813195702,0.14749556991243079,1750,1887
1915,44766,2857.1517275989022,-2441.416185603714,0.1473480743425184,1750,1887
1916,44815,2916.4113436897701,-2472.9150981980538,0.1472007262681759,1750,1887
1917,44798,2890.0537682788081,-2424.319481801389,0.1470535255419077,1750,1887
1918,44807,2892.6191638515179,-2487.895416941441,0.14690647201636581,1750,1887
1919,44752,2851.3769683032419,-2437.8057317148468,0.14675956554434941,1750,1887
1920,44750,2798.7482112809739,-2450.1502369179029,0.14661280597880511,1750,1919
1921,44962,2982.3226117954841,-2521.9784135126638,0.1464661931728263,1750,1919
1922,44737,2845.13189178128,-2404.2482285936348,0.14631972697965351,1750,1919
1923,44783,2850.138903364983,-2456.8525411641331,0.1461734072526738,1750,1919
1924,44807,2928.0880145130882,-2466.7917444713139,0.1460272338454211,1750,1919
1925,44818,2953.7305995404531,-2455.3251021805181,0.14588120661157569,1750,1919
1926,44759,2853.1576165111478,-2487.4814830426749,0.14573532540496409,1750,1919
1927,44754,2910.3621699877722,-2388.428530011643,0.14558959007955921,1750,1919
1928,44769,2876.211846389559,-2505.0885209740532,0.14544400048947961,1750,1919
1929,44763,2927.809038622011,-2474.204344436776,0.14529855648899009,1750,1919
1930,44781,2827.4011039361121,-2388.444072749171,0.14515325793250111,1750,1919
1931,44847,2930.2956034530498,-2434.9658569484432,0.14500810467456859,1750,1919
1932,44755,2876.7752980178971,-2411.205561867976,0.1448630965698941,1750,1919
1933,44800,2919.3833091425072,-2470.843577251952,0.14471823347332419,1750,1919
1934,44793,2883.2132542567788,-2512.1695938149628,0.1445735152398509,1750,1919
1935,44867,2915.2584405392599,-2476.8785590948951,0.14442894172461099,1750,1919
1936,44777,2882.3244697523819,-2428.1150573328391,0.1442845127828864,1750,1919
1937,44785,2924.9694797441439,-2500.4136766713659,0.1441402282701035,1750,1919
1938,44779,2883.519877470655,-2506.798356977341,0.14399608804183339,1750,1919
1939,44844,2923.656565971995,-2544.0569635846668,0.14385209195379159,1750,1919
1940,44920,3104.2471314058989,-2413.4678474821958,0.14370823986183781,1750,1919
1941,44767,2885.670163029929,-2416.4885506217179,0.14356453162197591,1750,1919
1942,44771,2882.214666342667,-2475.8550175008331,0.1434209670903539,1750,1919
1943,44766,2898.134972841583,-2437.9853545197889,0.1432775461232636,1750,1919
1944,44818,2946.953858902285,-2407.813392618375,0.14313426857714029,1750,1919
1945,44754,2860.322447128432,-2352.0271255377402,0.14299113430856319,1750,1919
1946,44813,2932.8442747561849,-2454.1974806828612,0.14284814317425459,1750,1919
1947,44781,2869.8568612699642,-2504.16488592423,0.14270529503108029,1750,1919
1948,44789,2880.4318745287392,-2350.863316326192,0.14256258973604929,1750,1919
1949,44780,2853.8739679361738,-2356.4668699567919,0.14242002714631319,1750,1919
1950,44772,2879.0542022847821,-2416.1813078393452,0.1422776071191669,1750,1919
1951,44844,2963.3883626138372,-2452.4687423578971,0.14213532951204769,1750,1919
1952,44816,2903.9312466718989,-2477.1510491639669,0.1419931941825357,1750,1919
1953,44794,2888.7768565551678,-2559.7883077168431,0.14185120098835319,1750,1919
1954,44781,2857.2697338077792,-2426.6635800227932,0.1417093497873648,1750,1919
1955,44814,2909.866999370171,-2484.5084417679418,0.14156764043757741,1750,1919
1956,44768,2920.8465909818879,-2404.6260479760081,0.1414260727971399,1750,1919
1957,44745,2895.1692877787532,-2462.5357405556369,0.14128464672434271,1750,1919
1958,44774,2918.9434978218292,-2399.263156172839,0.14114336207761841,1750,1919
1959,44777,2873.33800327367,-2455.487415277787,0.14100221871554081,1750,1919
1960,44740,2841.7586170643722,-2436.587139727952,0.1408612164968252,1750,1919
1961,44787,2875.0809767353999,-2519.027128480795,0.14072035528032839,1750,1919
1962,44745,2867.2211551157789,-2358.7431689642972,0.1405796349250481,1750,1919
1963,44776,2884.2141412214892,-2436.185337297502,0.14043905529012299,1750,1919
1964,44717,2802.9393633210379,-2371.509937626844,0.14029861623483289,1750,1919
1965,44849,2979.2432817719432,-2440.8468024013828,0.14015831761859809,1750,1919
1966,44798,2898.2569650769751,-2406.8886110150161,0.14001815930097949,1750,1919
1967,44822,2874.9490458570422,-2443.4795261942959,0.13987814114167851,1750,1919
1968,44855,2990.7101408085318,-2503.8782480338559,0.13973826300053679,1750,1919
1969,44694,2812.166841849617,-2385.3933552286881,0.13959852473753631,1968,1919
1970,44780,2885.0000734242899,-2444.8348041884692,0.13945892621279871,1968,1919
1971,44756,2880.9728156696369,-2409.4566518663719,0.1393194672865859,1968,1919
1972,44759,2837.0448129135161,-2402.408038574697,0.1391801478192993,1968,1919
1973,44824,2937.8177409397972,-2499.6600131895452,0.13904096767148,1968,1919
1974,44801,2950.7866981161269,-2399.1462102057808,0.13890192670380849,1968,1919
1975,44798,2933.7560521203191,-2487.2826590782579,0.1387630247771047,1968,1919
1976,44758,2898.3246604508749,-2404.3928572830109,0.13862426175232759,1968,1919
1977,44793,2932.3686964784588,-2490.4217260429382,0.1384856374905753,1968,1919
1978,44917,2997.457544697359,-2351.2166918295252,0.13834715185308469,1968,1919
1979,44809,2845.131139415264,-2463.036351368029,0.13820880470123159,1968,1919
1980,44776,2879.362021152263,-2420.397787776933,0.1380705958965304,1968,1919
1981,44836,2930.3288630053839,-2495.8629424895889,0.13793252530063391,1968,1919
1982,44808,2813.7579751762041,-2369.4589405078782,0.13779459277533321,1968,1919
1983,44758,2842.2788668997741,-2472.0521923778711,0.13765679818255791,1968,1919
1984,44758,2866.2130220499321,-2366.2383764731908,0.13751914138437529,1968,1919
1985,44805,2901.6415353911189,-2378.7588925408968,0.137381622242991,1968,1919
1986,44807,2855.339929546818,-2389.5363276189519,0.137244240620748,1968,1919
1987,44738,2842.543839066866,-2454.0447883177339,0.13710699638012719,1968,1919
1988,44840,2911.005774652454,-2396.6731918490441,0.1369698893837471,1968,1919
1989,44800,2933.9182452951659,-2389.82096558083,0.13683291949436341,1968,1919
1990,44820,2926.147713426642,-2456.8389382267751,0.13669608657486901,1968,1919
1991,44841,2946.6589625612578,-2449.112106359089,0.1365593904882941,1968,1919
1992,44724,2847.5095246959559,-2425.9826178495459,0.13642283109780581,1968,1919
1993,44761,2873.8136749426099,-2426.2275940825361,0.13628640826670799,1968,1919
1994,44890,2943.4136158732558,-2473.623173513512,0.1361501218584413,1968,1919
1995,44837,2967.1865325626982,-2507.493217448231,0.13601397173658289,1968,1919
1996,44796,2902.4143332854601,-2446.0219575951601,0.13587795776484629,1968,1919
1997,44777,2932.6037619893291,-2477.1194379775002,0.13574207980708139,1968,1919
1998,44792,2876.4682405301651,-2351.4590414788709,0.1356063377272744,1968,1919
1999,44746,2828.430212620859,-2463.2970296945568,0.1354707313895471,1968,1919
2000,44750,2860.8346788744611,-2420.512738926368,0.13533526065815751,1968,1919
2001,44800,2895.507313195752,-2396.0953743989521,0.13519992539749939,1968,1919
2002,44738,2844.132571279999,-2512.235176812077,0.13506472547210191,1968,1919
2003,44732,2843.4261473242718,-2423.8290553944148,0.13492966074662979,1968,1919
2004,44749,2930.9742498338828,-2467.657175942014,0.13479473108588319,1968,1919
2005,44804,2889.011402451973,-2429.2653993207018,0.13465993635479731,1968,1919
2006,44775,2847.4228030171148,-2404.0107383913291,0.1345252764184425,1968,1919
2007,44790,2904.8355796832848,-2458.3715435623162,0.13439075114202401,1968,1919
2008,44749,2853.6517557699058,-2451.1881597008592,0.13425636039088201,1968,1919
2009,44770,2860.1561058754969,-2473.6967267732739,0.1341221040304911,1968,1919
2010,44759,2876.7537162428939,-2451.9203106033242,0.13398798192646061,1968,1919
2011,44811,2930.4742734847732,-2480.618962490199,0.13385399394453421,1968,1919
2012,44815,2981.2520446310941,-2390.1344367895631,0.13372013995058971,1968,1919
2013,44814,2929.7659566489779,-2410.9989049952078,0.1335864198106391,1968,1919
2014,44813,2877.946867420344,-2426.2425196746308,0.13345283339082839,1968,1919
2015,44797,2901.6207248399528,-2474.4307965274388,0.13331938055743761,1968,1919
2016,44824,2884.7307599920209,-2488.1012531795391,0.13318606117688009,1968,1919
2017,44808,2920.6922687921101,-2455.6809431957308,0.1330528751157033,1968,1919
2018,44880,2926.478947364365,-2424.2696660671372,0.1329198222405876,1968,1919
2019,44826,2930.7409989743351,-2328.737597316494,0.13278690241834701,1968,1919
2020,44761,2867.1838496390878,-2521.3786848473569,0.13265411551592859,1968,1919
2021,44822,2939.468048632521,-2463.5769861407089,0.13252146140041271,1968,1919
2022,44830,2923.1025526157709,-2431.235914005732,0.1323889399390123,1968,1919
2023,44832,2943.8893710205898,-2489.450667898901,0.1322565509990733,1968,1919
2024,44827,2900.713121407784,-2376.838239301002,0.13212429444807419,1968,1919
2025,44813,2920.358194287011,-2407.6942188545968,0.1319921701536261,1968,1919
2026,44775,2874.1559994098611,-2396.5916228430569,0.13186017798347249,1968,1919
2027,44840,2889.6773889243568,-2376.9454058612719,0.13172831780548899,1968,1919
2028,44779,2879.7493104679538,-2412.3298469278161,0.13159658948768349,1968,1919
2029,44736,2837.6429915555682,-2381.6577242155208,0.1314649928981958,1968,1919
2030,44865,2946.774032717442,-2399.8465158466179,0.13133352790529759,1968,1919
2031,44771,2894.2862915163082,-2399.3332875105589,0.13120219437739231,1968,1919
2032,44858,2978.304831306993,-2504.485531993706,0.13107099218301491,1968,1919
2033,44798,2930.576846500775,-2445.5770380949111,0.13093992119083189,1968,1919
2034,44769,2884.6930824193009,-2389.701174949344,0.13080898126964111,1968,1919
2035,44823,2921.8098913170261,-2464.1808184214028,0.13067817228837139,1968,1919
2036,44792,2884.4979041373531,-2413.612877280731,0.1305474941160831,1968,1919
2037,44756,2861.5159772694392,-2434.582849718985,0.13041694662196701,1968,1919
2038,44747,2816.2107787088089,-2391.2413913757159,0.13028652967534499,1968,1919
2039,44771,2849.4673617379649,-2455.549500273788,0.1301562431456697,1968,1919
2040,44721,2846.1121521633108,-2368.4108633979749,0.13002608690252401,1968,1919
2041,44820,2995.7017935769318,-2470.4879793057848,0.12989606081562149,1968,1919
2042,44763,2911.5738640118661,-2439.5477964549568,0.1297661647548059,1968,1919
2043,44752,2853.6529494414331,-2399.4728278381422,0.12963639859005111,1968,1919
2044,44787,2860.949219548897,-2515.2401518490269,0.12950676219146101,1968,1919
2045,44783,2901.6717823402441,-2502.8064372506942,0.12937725542926959,1968,1919
2046,44812,2898.575207208497,-2471.9450042234362,0.12924787817384031,1968,1919
2047,44796,2879.339183467157,-2490.7964012659522,0.1291186302956665,1968,1919
2048,44834,2961.6731975229891,-2430.285625893202,0.12898951166537079,1968,1919
2049,44787,2904.5679227002138,-2430.7230986564632,0.12886052215370539,1968,1919
2050,44832,2893.6020678929599,-2448.8564669079828,0.1287316616315517,1968,1919
2051,44839,2873.718836073946,-2435.5383193328898,0.1286029299699202,1968,1919
2052,44766,2869.61736791663,-2401.873230249435,0.12847432703995029,1968,1919
2053,44771,2918.8692507808651,-2423.2826274558979,0.1283458527129103,1968,1919
2054,44774,2900.7519555079029,-2404.2848767773721,0.12821750686019739,1968,1919
2055,44857,2903.864060252115,-2393.3901795625411,0.12808928935333719,1968,1919
2056,44825,2935.0093016803571,-2444.038322679573,0.1279612000639839,1968,1919
2057,44734,2830.4215146740648,-2456.9298432432201,0.1278332388639199,1968,1919
2058,44849,2937.5906251254592,-2440.5546881811392,0.127705405625056,1968,1919
2059,44764,2886.0850066651378,-2486.0426873708871,0.12757770021943091,1968,1919
2060,44833,2888.792168881283,-2393.4992423571948,0.12745012251921151,1968,1919
2061,44782,2918.102673989486,-2431.80037436663,0.12732267239669229,1968,1919
2062,44777,2899.7285546800422,-2425.592180674269,0.12719534972429561,1968,1919
2063,44785,2861.135782169627,-2430.0883728282952,0.12706815437457131,1968,1919
2064,44778,2901.0039379152222,-2498.0086761417469,0.1269410862201967,1968,1919
2065,44729,2819.7738958711848,-2362.614601234925,0.12681414513397651,1968,1919
2066,44790,2873.4977921211112,-2446.709006953753,0.12668733098884261,1968,1919
2067,44789,2837.494299709253,-2415.3249197799919,0.12656064365785369,1968,1919
2068,44765,2877.429850017526,-2477.8676872623082,0.1264340830141959,1968,1919
2069,44771,2884.718389362863,-2403.6802081903911,0.12630764893118171,1968,1919
2070,44852,2930.2833233024112,-2422.7667188139362,0.1261813412822505,1968,1919
2071,44816,2922.1539945544891,-2437.6354824094592,0.12605515994096819,1968,1919
2072,44747,2784.7131303335809,-2378.6337424619978,0.12592910478102731,1968,2071
2073,44818,2869.6494099751321,-2500.4734628205179,0.1258031756762463,1968,2071
2074,44794,2953.9565674557821,-2526.4576992923949,0.12567737250057001,1968,2071
2075,44771,2888.5089608348781,-2457.1947330581852,0.12555169512806941,1968,2071
2076,44849,2966.2327502199628,-2547.7277755321188,0.12542614343294139,1968,2071
2077,44812,2945.0184172229751,-2499.5077823849169,0.1253007172895084,1968,2071
2078,44795,2847.1861795032692,-2446.1521314812712,0.12517541657221889,1968,2071
2079,44768,2855.6238969796168,-2441.3493734997869,0.1250502411556467,1968,2071
2080,44773,2855.8262246893878,-2444.2951994161708,0.124925190914491,1968,2071
2081,44781,2867.5244338719021,-2510.3299505285991,0.12480026572357659,1968,2071
2082,44766,2889.566463754838,-2475.6117313303521,0.124675465457853,1968,2071
2083,44758,2851.5182443217582,-2443.2315316422651,0.12455078999239511,1968,2071
2084,44787,2911.0573243079029,-2365.1751114853,0.1244262392024027,1968,2071
2085,44909,2959.8803173558172,-2449.543250517238,0.12430181296320029,1968,2071
2086,44765,2857.0502553621332,-2457.6900598847719,0.1241775111502371,1968,2071
2087,44807,2928.7208427029459,-2473.8100811811992,0.1240533336390869,1968,2071
2088,44782,2941.3997873843032,-2405.0638129714121,0.12392928030544779,1968,2071
2089,44766,2875.6196811116911,-2343.6084788708099,0.1238053510251423,1968,2071
2090,44786,2882.616875960106,-2445.6384184400622,0.1236815456741172,1968,2071
2091,44777,2870.0470446416389,-2468.4439001300798,0.12355786412844311,1968,2071
2092,44755,2850.3168237274558,-2454.4533562060119,0.12343430626431461,1968,2071
2093,44766,2866.2278402290081,-2419.913115630025,0.12331087195805029,1968,2071
2094,44803,2922.455349854456,-2461.6843217980718,0.1231875610860923,1968,2071
2095,44738,2889.6064484754688,-2414.1193501455709,0.1230643735250062,1968,2071
2096,44779,2840.083486249649,-2392.9232632733351,0.1229413091514812,1968,2071
2097,44762,2896.7479079045561,-2509.365441513713,0.1228183678423297,1968,2071
2098,44797,2937.944801008146,-2366.67146927267,0.12269554947448739,1968,2071
2099,44788,2900.3530594972158,-2426.552800296382,0.1225728539250129,1968,2071
2100,44770,2888.65609387924,-2479.1843502753491,0.12245028107108789,1968,2071
2101,44762,2832.0486955392112,-2416.8993292711448,0.1223278307900168,1968,2071
2102,44848,2981.6159265043379,-2492.3270744254501,0.12220550295922671,1968,2071
2103,44759,2863.3992893190839,-2376.4121689745211,0.1220832974562675,1968,2071
2104,44704,2800.4452257558751,-2398.3350298851319,0.1219612141588113,1968,2071
2105,44855,2912.6951361737001,-2519.247954384336,0.12183925294465239,1968,2071
2106,44793,2895.2150117592669,-2436.6931779847769,0.1217174136917078,1968,2071
2107,44717,2790.169125216285,-2470.300275155455,0.1215956962780161,1968,2071
2108,44831,2917.204392853047,-2459.69652529204,0.1214741005817381,1968,2071
2109,44778,2927.839004956792,-2417.8685957410598,0.1213526264811563,1968,2071
2110,44751,2831.6009299369712,-2429.7069893608409,0.12123127385467521,1968,2071
2111,44762,2820.2073820210671,-2438.4600036726611,0.1211100425808205,1968,2071
2112,44775,2893.0253616802511,-2504.8906778181031,0.1209889325382397,1968,2071
2113,44795,2843.662525239914,-2481.9258014271468,0.12086794360570149,1968,2071
2114,44800,2950.2741541420041,-2477.6005058581291,0.12074707566209569,1968,2071
2115,44849,2889.8779785650431,-2388.6416660260311,0.1206263285864337,1968,2071
2116,44788,2873.2631871360209,-2391.793214042355,0.12050570225784719,1968,2071
2117,44776,2899.4911870951901,-2430.8882002086898,0.12038519655558939,1968,2071
2118,44771,2882.828517751901,-2433.3696517535009,0.1202648113590338,1968,2071
2119,44779,2895.0472277065292,-2387.4918486214469,0.1201445465476748,1968,2071
2120,44792,2861.8421760269371,-2408.0167692614132,0.1200244020011271,1968,2071
2121,44833,2879.0213485685072,-2457.7108311476759,0.11990437759912601,1968,2071
2122,44792,2876.0185070723628,-2414.18693968855,0.1197844732215268,1968,2071
2123,44749,2874.4830535376059,-2458.7288361021651,0.1196646887483053,1968,2071
2124,44736,2857.3311024290588,-2438.69752120168,0.119545024059557,1968,2071
2125,44763,2860.7316609325858,-2395.0045466713432,0.11942547903549749,1968,2071
2126,44767,2845.6190309736048,-2405.0074451870742,0.119306053556462,1968,2071
2127,44758,2860.3218110694461,-2416.3846504340431,0.1191867475029055,1968,2071
2128,44784,2848.8120051516189,-2444.9381639836838,0.1190675607554026,1968,2071
2129,44747,2895.3364371207822,-2465.988675153626,0.1189484931946472,1968,2071
2130,44811,2880.8027223563959,-2478.0116548319111,0.1188295447014525,1968,2071
2131,44825,2880.1846662176049,-2403.857743805082,0.11871071515675111,1968,2071
2132,44737,2862.2162992306921,-2418.9877046409902,0.1185920044415943,1968,2071
2133,44760,2860.7175749468338,-2506.7890453793452,0.1184734124371527,1968,2071
2134,44859,2950.862446718193,-2440.6363280700111,0.1183549390247156,1968,2071
2135,44775,2895.521603082313,-2505.3678293694161,0.1182365840856909,1968,2071
2136,44789,2934.133948204887,-2476.000069129851,0.1181183475016052,1968,2071
2137,44706,2816.335650708746,-2400.1558249837199,0.1180002291541036,1968,2071
2138,44789,2931.1741756564352,-2443.6424641009712,0.1178822289249495,1968,2071
2139,44813,2843.0172479378848,-2482.1147712015891,0.11776434669602449,1968,2071
2140,44768,2865.086009750944,-2408.212174298556,0.1176465823493285,1968,2071
2141,44808,2942.707142582336,-2436.347105444625,0.1175289357669792,1968,2071
2142,44846,2883.302585825264,-2428.458895429661,0.11741140683121221,1968,2071
2143,44766,2859.0746977604072,-2428.3463161012,0.117293995424381,1968,2071
2144,44740,2805.8650334036288,-2388.681168407858,0.1171767014289566,1968,2071
2145,44780,2845.3016413888849,-2452.149002486266,0.11705952472752761,1968,2071
2146,44811,2891.2932789211031,-2390.3084621980588,0.11694246520280011,1968,2071
2147,44882,2916.9653920385831,-2414.8771764314251,0.1168255227375973,1968,2071
2148,44764,2865.1345868047192,-2437.0790831215741,0.1167086972148597,1968,2071
2149,44727,2806.3736492003818,-2440.0423576935718,0.1165919885176448,1968,2071
2150,44807,2922.387699392481,-2434.768917193695,0.1164753965291272,1968,2071
2151,44812,2997.4153250902209,-2388.0833974056331,0.1163589211325981,1968,2071
2152,44838,2959.5462619304521,-2419.4645607513771,0.11624256221146551,1968,2071
2153,44755,2877.7848973662458,-2448.6331071051918,0.116126319649254,1968,2071
2154,44839,2928.872967260766,-2417.9179409726039,0.1160101933296047,1968,2071
2155,44816,2898.3553705049571,-2480.5810165083849,0.1158941831362751,1968,2071
2156,44842,2871.850459873328,-2359.1183694470101,0.11577828895313889,1968,2071
2157,44812,2886.0652055539931,-2443.2205326728022,0.1156625106641857,1968,2071
2158,44761,2844.7588497555098,-2452.7677850505111,0.11554684815352161,1968,2071
2159,44785,2884.6729337526981,-2437.4434561489188,0.11543130130536799,1968,2071
2160,44785,2849.2858081386539,-2437.7690037873922,0.1153158700040627,1968,2071
2161,44766,2848.6444330275008,-2435.6147096270461,0.11520055413405859,1968,2071
2162,44848,2904.4448427184711,-2405.955689857492,0.1150853535799245,1968,2071
2163,44788,2972.6201548654972,-2411.6684958646988,0.1149702682263446,1968,2071
2164,44757,2837.279067427397,-2403.648088045958,0.1148552979581183,1968,2071
2165,44766,2820.904169972187,-2431.538978935248,0.11474044266016011,1968,2071
2166,44771,2822.585291643014,-2429.3320563864791,0.1146257022175,1968,2071
2167,44786,2873.1549807327342,-2443.7342100082528,0.1145110765152825,1968,2071
2168,44745,2822.7660824320119,-2457.3394219355841,0.11439656543876719,1968,2071
2169,44741,2842.750751550685,-2378.7915579543192,0.1142821688733284,1968,2071
2170,44776,2826.7355941703031,-2435.6196314830531,0.1141678867044551,1968,2071
2171,44793,2917.3595697783039,-2408.7182100353639,0.1140537188177507,1968,2071
2172,44772,2813.2340415307158,-2389.9930140988249,0.1139396650989329,1968,2071
2173,44773,2864.3729965126008,-2440.3234108953689,0.113825725433834,1968,2071
2174,44773,2911.673184622859,-2465.2823046664112,0.11371189970840009,1968,2071
2175,44751,2811.6287923593532,-2430.437454486942,0.1135981878086918,1968,2071
2176,44815,2904.8962735934651,-2389.3892116708198,0.11348458962088311,1968,2071
2177,44777,2896.1208035956829,-2459.240648736014,0.1133711050312622,1968,2071
2178,44793,2909.379230930208,-2459.1362059313128,0.1132577339262309,1968,2071
2179,44717,2837.93959512229,-2456.6817781419431,0.11314447619230469,1968,2071
2180,44814,2931.3198522915459,-2433.7945502757302,0.1130313317161124,1968,2071
2181,44739,2858.8004311292711,-2409.4312820840269,0.11291830038439631,1968,2071
2182,44790,2928.0049188073608,-2451.0794608509968,0.1128053820840119,1968,2071
2183,44852,2916.6994039878291,-2371.8387904159831,0.11269257670192789,1968,2071
2184,44808,2887.174723390448,-2483.351302731392,0.1125798841252259,1968,2071
2185,44855,2963.188752187833,-2445.9745306584609,0.1124673042411007,1968,2071
2186,44727,2829.9753286228752,-2492.9739017122201,0.1123548369368596,1968,2071
2187,44772,2893.8839058796261,-2480.6885098156572,0.1122424820999227,1968,2071
2188,44807,2884.054577783902,-2512.6136374931339,0.1121302396178228,1968,2071
2189,44784,2896.0899918725722,-2479.792448771479,0.112018109378205,1968,2071
2190,44776,2876.7990629164128,-2403.820152491694,0.11190609126882679,1968,2071
2191,44758,2891.0050463019402,-2452.058795605426,0.111794185177558,1968,2071
2192,44746,2835.547174409533,-2441.051581158571,0.11168239099238041,1968,2071
2193,44746,2850.365031197106,-2435.9937535921331,0.111570708601388,1968,2071
2194,44878,2896.787902617416,-2533.8800102097989,0.11145913789278659,1968,2071
2195,44749,2865.923738784149,-2485.4147799949151,0.11134767875489381,1968,2071
2196,44777,2894.2380822791351,-2453.56154429857,0.11123633107613901,1968,2071
2197,44848,2888.228724713862,-2458.3418137746521,0.1111250947450628,1968,2071
2198,44766,2892.7224682695692,-2441.2424481802918,0.11101396965031771,1968,2071
2199,44829,2915.0027557488388,-2460.9704093306482,0.11090295568066739,1968,2071
2200,44795,2897.8143482250912,-2469.9375758108949,0.11079205272498679,1968,2071
2201,44853,2882.1433470740458,-2421.179034511239,0.11068126067226181,1968,2071
2202,44827,2935.3950532485142,-2408.8892310626688,0.1105705794115895,1968,2071
2203,44796,2863.225547153459,-2526.28166255832,0.11046000883217789,1968,2071
2204,44802,2895.2730132067159,-2427.3023151590369,0.1103495488233457,1968,2071
2205,44801,2874.6058705565561,-2509.0971963054849,0.1102391992745224,1968,2071
2206,44827,2924.0852595535421,-2487.6902121129979,0.1101289600752479,1968,2071
2207,44811,2938.1794706019218,-2505.8572983856129,0.11001883111517261,1968,2071
2208,44788,2870.2866657004211,-2506.6566435848822,0.10990881228405749,1968,2071
2209,44846,2929.9344072835229,-2456.4372658509742,0.1097989034717734,1968,2071
2210,44705,2791.5565697435031,-2434.9220925813279,0.1096891045683016,1968,2071
2211,44799,2879.0580348328458,-2434.9721320200688,0.1095794154637333,1968,2071
2212,44738,2855.490235317423,-2376.389766317795,0.1094698360482696,1968,2071
2213,44795,2875.0967196043598,-2455.398868167686,0.1093603662122213,1968,2071
2214,44726,2845.7813237775999,-2428.8208216304561,0.10925100584600909,1968,2071
2215,44733,2851.396762752694,-2446.3126785409991,0.1091417548401631,1968,2071
2216,44832,2955.023669435413,-2429.1789673383641,0.1090326130853229,1968,2071
2217,44748,2858.4890530156772,-2382.0624848512448,0.1089235804722376,1968,2071
2218,44862,2979.9988888068342,-2499.7520595137789,0.10881465689176539,1968,2071
2219,44774,2906.897265543254,-2408.5558830324089,0.1087058422348736,1968,2071
2220,44792,2917.335359676395,-2402.5921530889668,0.1085971363926387,1968,2071
2221,44719,2840.0405895000399,-2397.0398522241062,0.1084885392562461,1968,2071
2222,44775,2852.2640676815722,-2446.7680840298249,0.10838005071698981,1968,2071
2223,44777,2869.890594098666,-2421.194497616842,0.1082716706662729,1968,2071
2224,44758,2837.6283075070442,-2412.3252805207499,0.1081633989956066,1968,2071
2225,44796,2914.5643565256701,-2415.3542534002181,0.108055235596611,1968,2071
2226,44735,2784.143314103796,-2405.2212987213061,0.1079471803610144,1968,2225
2227,44820,2938.6875749187279,-2433.726174171848,0.1078392331806533,1968,2225
2228,44767,2880.4458139553249,-2393.8182223899571,0.10773139394747271,1968,2225
2229,44769,2842.352055617243,-2441.4717397648192,0.10762366255352521,1968,2225
2230,44787,2895.4994641864191,-2445.78183264567,0.10751603889097169,1968,2225
2231,44727,2830.7136052079318,-2388.609707517262,0.1074085228520807,1968,2225
2232,44762,2834.543838601448,-2430.787732926251,0.10730111432922861,1968,2225
2233,44750,2848.9437335037528,-2477.9013721857659,0.1071938132148994,1968,2225
2234,44726,2809.0792255261958,-2443.7022462236009,0.1070866194016845,1968,2225
2235,44797,2881.6533552198721,-2460.1531100255888,0.1069795327822828,1968,2225
2236,44817,2982.0551747262498,-2516.170600874882,0.1068725532495005,1968,2225
2237,44746,2858.2149871975648,-2461.4481481260932,0.106765680696251,1968,2225
2238,44775,2896.151698915613,-2413.2366104520661,0.1066589150155548,1968,2225
2239,44849,2921.942965891838,-2416.1898058600282,0.1065522561005392,1968,2225
2240,44788,2887.1215520900041,-2379.7810740695431,0.1064457038444387,1968,2225
2241,44802,2847.682818382857,-2468.9900591473702,0.1063392581405942,1968,2225
2242,44784,2906.357358775007,-2487.771097000289,0.10623291888245361,1968,2225
2243,44849,2949.8956653713922,-2405.1023410820449,0.10612668596357119,1968,2225
2244,44756,2872.6806482202301,-2401.4370370634451,0.1060205592776076,1968,2225
2245,44815,2928.2099470721041,-2531.9978764648108,0.10591453871833,1968,2225
2246,44782,2912.593235448117,-2482.8725395970901,0.1058086241796117,1968,2225
2247,44803,2889.862606168886,-2440.6100956629671,0.10570281555543209,1968,2225
2248,44740,2846.505845908795,-2381.9035158298288,0.1055971127398766,1968,2225
2249,44783,2831.7880609210301,-2415.9725933621498,0.10549151562713679,1968,2225
2250,44769,2844.3798433335619,-2474.19245842793,0.1053860241115096,1968,2225
2251,44814,2876.6873739118928,-2403.879483004584,0.1052806380873981,1968,2225
2252,44826,2944.643288205355,-2351.7412556760491,0.1051753574493107,1968,2225
2253,44799,2887.2411057810382,-2477.9349500554258,0.10507018209186141,1968,2225
2254,44851,2904.037536932613,-2458.046385019009,0.10496511190976961,1968,2225
2255,44755,2917.3924477814762,-2414.496587285862,0.10486014679785979,1968,2225
2256,44851,3001.5184731637751,-2436.9587718110101,0.1047552866510619,1968,2225
2257,44783,2886.777275044155,-2445.425019307801,0.1046505313644109,1968,2225
2258,44793,2916.942811929754,-2435.8918643807592,0.1045458808330464,1968,2225
2259,44836,2902.5565264638071,-2450.4347719949442,0.1044413349522134,1968,2225
2260,44766,2870.9770716422199,-2451.1679907189741,0.1043368936172612,1968,2225
2261,44750,2891.4056618312952,-2424.2657809287812,0.1042325567236439,1968,2225
2262,44783,2876.5889935152059,-2432.1352621182082,0.10412832416692031,1968,2225
2263,44749,2843.735952018877,-2497.9283037858409,0.10402419584275339,1968,2225
2264,44749,2836.802812900848,-2450.8328668771501,0.1039201716469106,1968,2225
2265,44750,2886.60811374179,-2407.1547549595539,0.1038162514752637,1968,2225
2266,44783,2869.593601273692,-2433.7513959513331,0.1037124352237884,1968,2225
2267,44748,2835.1583602452079,-2424.510059996745,0.1036087227885646,1968,2225
2268,44868,2945.315432017806,-2487.1910229644541,0.1035051140657761,1968,2225
2269,44801,2923.8228502444349,-2480.4197066567758,0.1034016089517103,1968,2225
2270,44746,2860.136605322431,-2419.586624915371,0.1032982073427586,1968,2225
2271,44833,2948.3701945418188,-2506.8701619940771,0.1031949091354158,1968,2225
2272,44794,2922.5956687921298,-2425.2994676772,0.1030917142262804,1968,2225
2273,44786,2885.532375189131,-2473.1181998663628,0.1029886225120541,1968,2225
2274,44856,2934.4490321125122,-2446.9785432558951,0.1028856338895421,1968,2225
2275,44746,2835.7836666680068,-2455.5156220464328,0.10278274825565251,1968,2225
2276,44859,2871.896278866524,-2483.121202451905,0.1026799655073969,1968,2225
2277,44764,2874.683308090212,-2453.192375908789,0.1025772855418895,1968,2225
2278,44736,2896.2045302476299,-2467.4864721719659,0.10247470825634759,1968,2225
2279,44749,2863.1861354803032,-2459.461163898216,0.1023722335480912,1968,2225
2280,44774,2871.5767791673989,-2385.2304709072851,0.1022698613145432,1968,2225
2281,44781,2892.1027307821018,-2442.799858601848,0.1021675914532286,1968,2225
2282,44775,2864.1040906049711,-2458.67521801265,0.1020654238617754,1968,2225
2283,44787,2915.589072850401,-2360.5693435165899,0.1019633584379136,1968,2225
2284,44750,2853.9466132452249,-2387.279013915947,0.1018613950794757,1968,2225
2285,44721,2797.9204136133312,-2470.101934702167,0.10175953368439621,1968,2225
2286,44779,2874.517591708438,-2384.6030016398749,0.1016577741507118,1968,2225
2287,44845,2920.697529096552,-2388.565052986803,0.1015561163765611,1968,2225
2288,44744,2832.2113951073388,-2485.0048629220819,0.1014545602601845,1968,2225
2289,44768,2901.1175755789091,-2481.5757726664342,0.1013531056999244,1968,2225
2290,44850,2958.8979236570481,-2416.635834340238,0.10125175259422441,1968,2225
2291,44807,2868.8253250438702,-2368.5871510587531,0.1011505008416302,1968,2225
2292,44846,2886.283585402261,-2462.477897022467,0.1010493503407886,1968,2225
2293,44760,2890.1982111239358,-2392.527942405618,0.1009483009904478,1968,2225
2294,44748,2860.6577874677282,-2369.2446312758971,0.1008473526894574,1968,2225
2295,44747,2855.722053570611,-2371.925053986673,0.10074650533676791,1968,2225
2296,44791,2844.5152556963749,-2440.2518871191201,0.10064575883143111,1968,2225
2297,44742,2863.758231788705,-2414.516472156145,0.1005451130725997,1968,2225
2298,44782,2863.818124043536,-2440.9914558829291,0.1004445679595271,1968,2225
2299,44798,2852.3053911186712,-2484.313901386075,0.10034412339156761,1968,2225
2300,44755,2837.4647322751698,-2474.3214441751352,0.100243779268176,1968,2225
2301,44777,2850.1343593099641,-2514.146722989411,0.10014353548890779,1968,2225
2302,44797,2839.048152492564,-2473.860307207035,0.10004339195341889,1968,2225
2303,44749,2837.8959763887519,-2430.6951597062839,9.9943348561465487E-2,1968,2225
2304,44748,2879.095811910925,-2386.173296641306,9.9843405212904024E-2,1968,2225
2305,44776,2862.459925997277,-2428.1518327889271,9.9743561807691117E-2,1968,2225
2306,44770,2866.3410982976579,-2482.2136234607101,9.964381824588342E-2,1968,2225
2307,44762,2866.6306481628121,-2380.1810726429599,9.9544174427637536E-2,1968,2225
2308,44809,2974.2904842732069,-2476.3351204077162,9.9444630253209904E-2,1968,2225
2309,44707,2806.0781364068439,-2391.142234007129,9.9345185622956689E-2,1968,2225
2310,44794,2874.0331580593711,-2423.9450390884658,9.9245840437333727E-2,1968,2225
2311,44756,2864.2956453387769,-2409.140824352839,9.9146594596896398E-2,1968,2225
2312,44803,2900.3062403230501,-2420.919492989889,9.9047448002299504E-2,1968,2225
2313,44757,2875.7906756347261,-2479.2016462324868,9.8948400554297211E-2,1968,2225
2314,44831,2916.8444113407509,-2453.3298638101819,9.8849452153742912E-2,1968,2225
2315,44805,2947.277093006086,-2377.7902367834599,9.8750602701589169E-2,1968,2225
2316,44727,2855.615067134298,-2362.4754249973839,9.8651852098887577E-2,1968,2225
2317,44930,2956.3993939731722,-2431.442606103024,9.8553200246788694E-2,1968,2225
2318,44787,2870.9566108899348,-2386.2917206384691,9.8454647046541902E-2,1968,2225
2319,44767,2879.2114994011372,-2477.2593704313508,9.8356192399495362E-2,1968,2225
2320,44792,2908.5054452011459,-2452.6357289864168,9.8257836207095869E-2,1968,2225
2321,44752,2866.8159398189432,-2436.34212641162,9.8159578370888775E-2,1968,2225
2322,44808,2828.8371427602251,-2429.31166030329,9.8061418792517882E-2,1968,2225
2323,44785,2918.1605991879678,-2425.0192561429681,9.7963357373725371E-2,1968,2225
2324,44866,2969.2811215794868,-2485.0671367970081,9.7865394016351651E-2,1968,2225
2325,44803,2860.7204873097999,-2405.8366181444399,9.7767528622335301E-2,1968,2225
2326,44787,2887.7143584866021,-2432.395618004397,9.7669761093712962E-2,1968,2225
2327,44828,2858.6137179758121,-2428.4355681357888,9.7572091332619251E-2,1968,2225
2328,44756,2832.1380922795502,-2426.89260181183,9.7474519241286625E-2,1968,2225
2329,44733,2885.6939021661501,-2442.5243065575569,9.7377044722045336E-2,1968,2225
2330,44778,2888.6654216760071,-2445.4299819140128,9.7279667677323295E-2,1968,2225
2331,44735,2834.511829697029,-2432.3108603758328,9.7182388009645973E-2,1968,2225
2332,44766,2891.9964613275042,-2353.499066215842,9.7085205621636333E-2,1968,2225
2333,44785,2929.8013373582012,-2415.6843326101011,9.6988120416014692E-2,1968,2225
2334,44709,2809.205417532718,-2409.7923460590082,9.6891132295598675E-2,1968,2225
2335,44790,2918.82119836329,-2417.0669655592378,9.6794241163303082E-2,1968,2225
2336,44822,2873.9624097136461,-2476.737324639596,9.6697446922139774E-2,1968,2225
2337,44815,2836.1649030182721,-2380.7335712047129,9.6600749475217629E-2,1968,2225
2338,44784,2926.2079258323238,-2395.8732169264008,9.6504148725742409E-2,1968,2225
2339,44730,2855.4887445850582,-2429.9651099722091,9.6407644577016671E-2,1968,2225
2340,44777,2831.3247436392921,-2417.9347800108371,9.6311236932439648E-2,1968,2225
2341,44748,2874.8760835381358,-2459.052090740654,9.6214925695507214E-2,1968,2225
2342,44773,2880.1863452360881,-2433.6410470910241,9.611871076981171E-2,1968,2225
2343,44774,2921.504230471804,-2453.501319581288,9.60225920590419E-2,1968,2225
2344,44742,2804.545102417052,-2404.13369772134,9.5926569466982858E-2,1968,2225
2345,44766,2857.2749031874159,-2440.9241962264009,9.5830642897515875E-2,1968,2225
2346,44823,2931.331017314621,-2490.903780061898,9.5734812254618357E-2,1968,2225
2347,44772,2879.9794829740931,-2437.1102887235688,9.5639077442363732E-2,1968,2225
2348,44758,2861.7909871960378,-2382.33064290422,9.5543438364921365E-2,1968,2225
2349,44839,2949.3512530167809,-2451.2618372951388,9.5447894926556448E-2,1968,2225
2350,44797,2894.1934830703349,-2446.3399421709851,9.5352447031629886E-2,1968,2225
2351,44767,2863.2850438596711,-2457.0579976551999,9.5257094584598259E-2,1968,2225
2352,44728,2884.9482384805501,-2402.8036174332251,9.5161837490013668E-2,1968,2225
2353,44781,2892.6114832798949,-2408.4299095349611,9.5066675652523649E-2,1968,2225
2354,44791,2892.9768497364289,-2452.1748977356428,9.4971608976871125E-2,1968,2225
2355,44782,2877.7714029476242,-2430.0529335269348,9.4876637367894257E-2,1968,2225
2356,44748,2864.1610232600328,-2418.152231737075,9.4781760730526368E-2,1968,2225
2357,44786,2916.7596404715482,-2532.9926599675068,9.4686978969795846E-2,1968,2225
2358,44710,2811.4826676623752,-2477.591795841,9.4592291990826055E-2,1968,2225
2359,44777,2895.5386700264062,-2434.4251241487932,9.449769969883523E-2,1968,2225
2360,44785,2814.6392539224871,-2432.9695524142689,9.4403201999136391E-2,1968,2225
2361,44698,2785.3419176271918,-2419.799385583513,9.4308798797137258E-2,1968,2225
2362,44832,2902.0544000551431,-2480.5242043771559,9.4214489998340117E-2,1968,2225
2363,44748,2864.3025262837641,-2386.8983241839719,9.4120275508341775E-2,1968,2225
2364,44787,2885.9986460660539,-2491.801711063079,9.4026155232833433E-2,1968,2225
2365,44770,2893.85756661295,-2461.6654103361338,9.3932129077600596E-2,1968,2225
2366,44743,2802.9293951447989,-2463.2385110733821,9.3838196948522995E-2,1968,2225
2367,44755,2876.6891960517692,-2406.876907847216,9.3744358751574469E-2,1968,2225
2368,44746,2889.0061401196122,-2525.1835400644582,9.3650614392822892E-2,1968,2225
2369,44846,2949.32035003585,-2443.161102364144,9.3556963778430063E-2,1968,2225
2370,44783,2898.041055675581,-2454.6774655408949,9.3463406814651637E-2,1968,2225
2371,44852,2891.2289296937251,-2406.1539844455428,9.3369943407836983E-2,1968,2225
2372,44775,2872.8717464176202,-2476.9873162833169,9.3276573464429149E-2,1968,2225
2373,44758,2867.9948686336352,-2376.6522866659311,9.3183296890964717E-2,1968,2225
2374,44745,2832.5775774334879,-2433.817228760407,9.3090113594073751E-2,1968,2225
2375,44742,2856.7678430738101,-2406.292708263838,9.2997023480479682E-2,1968,2225
2376,44768,2890.8304860240082,-2456.1105173478031,9.2904026456999203E-2,1968,2225
2377,44746,2805.2737727713629,-2539.646357421675,9.2811122430542209E-2,1968,2225
2378,44770,2822.278774651782,-2458.6566831253349,9.2718311308111673E-2,1968,2225
2379,44788,2843.9610001049082,-2458.3934341472482,9.2625592996803563E-2,1968,2225
2380,44755,2870.6554218040742,-2407.5265340005349,9.253296740380676E-2,1968,2225
2381,44775,2890.418534142229,-2431.9715385703662,9.2440434436402957E-2,1968,2225
2382,44750,2886.9845825794791,-2410.62032736939,9.2347994001966555E-2,1968,2225
2383,44719,2860.9745747186412,-2382.4703160700592,9.2255646007964584E-2,1968,2225
2384,44792,2888.2715779692548,-2476.5439416838822,9.2163390361956615E-2,1968,2225
2385,44857,2908.8813836170179,-2508.7343257793559,9.2071226971594658E-2,1968,2225
2386,44794,2935.0406574421831,-2415.426980886326,9.1979155744623065E-2,1968,2225
2387,44784,2884.7239243436911,-2435.6395624955958,9.1887176588878447E-2,1968,2225
2388,44713,2776.643507416898,-2441.2259691117461,9.1795289412289566E-2,1968,2387
2389,44804,2863.882386888421,-2456.4746114063892,9.1703494122877274E-2,1968,2387
2390,44784,2870.5178947674372,-2429.6653439698612,9.1611790628754394E-2,1968,2387
2391,44839,2918.622558744677,-2409.8258699226858,9.1520178838125646E-2,1968,2387
2392,44756,2847.3964945799439,-2363.4174238851292,9.1428658659287523E-2,1968,2387
2393,44750,2817.4627587500809,-2370.79648949178,9.1337230000628239E-2,1968,2387
2394,44777,2856.4842965213179,-2500.2056109235941,9.1245892770627612E-2,1968,2387
2395,44892,2902.367578671749,-2398.6878205695421,9.1154646877856987E-2,1968,2387
2396,44761,2856.5460737141329,-2470.540992906876,9.1063492230979134E-2,1968,2387
2397,44743,2865.2164848816651,-2460.0427870368271,9.0972428738748154E-2,1968,2387
2398,44755,2851.4417808605758,-2532.8399972094612,9.0881456310009406E-2,1968,2387
2399,44784,2919.8556648685808,-2494.6617890891439,9.0790574853699402E-2,1968,2387
2400,44767,2848.631519344337,-2411.363289066569,9.0699784278845702E-2,1968,2387
2401,44737,2846.4315190094831,-2422.504693051118,9.0609084494566852E-2,1968,2387
2402,44774,2879.63780297825,-2447.5768456085998,9.0518475410072283E-2,1968,2387
2403,44725,2778.746778499521,-2462.339046068837,9.0427956934662213E-2,1968,2387
2404,44743,2844.9624835224872,-2427.073468596393,9.0337528977727552E-2,1968,2387
2405,44795,2897.6758932822158,-2368.2700823101991,9.0247191448749819E-2,1968,2387
2406,44814,2866.4329400032639,-2454.37118271501,9.0156944257301072E-2,1968,2387
2407,44700,2833.173201486441,-2483.1078644558802,9.0066787313043767E-2,1968,2387
2408,44813,2913.7607652964848,-2439.9031259166022,8.9976720525730719E-2,1968,2387
2409,44767,2867.3605909817461,-2432.9327640207221,8.9886743805204991E-2,1968,2387
2410,44832,2941.8323831528,-2413.9281930010088,8.9796857061399782E-2,1968,2387
2411,44758,2874.5391803736638,-2416.8469000877458,8.9707060204338385E-2,1968,2387
2412,44815,2901.3571254662929,-2507.920657708723,8.9617353144134049E-2,1968,2387
2413,44755,2855.6212763447179,-2424.913113606066,8.952773579098991E-2,1968,2387
2414,44732,2876.8837702743408,-2380.9028907591878,8.943820805519892E-2,1968,2387
2415,44741,2847.2097242423579,-2414.1432601568549,8.9348769847143725E-2,1968,2387
2416,44779,2859.5623518107332,-2468.5064572546548,8.9259421077296577E-2,1968,2387
2417,44752,2868.7306471603001,-2359.1865611769122,8.9170161656219285E-2,1968,2387
2418,44753,2804.408306475334,-2482.7526898555629,8.9080991494563069E-2,1968,2387
2419,44757,2871.2545055165479,-2407.3717501666451,8.8991910503068511E-2,1968,2387
2420,44756,2890.957869466883,-2452.6750711213258,8.8902918592565439E-2,1968,2387
2421,44720,2801.2547641326,-2401.4759609909638,8.8814015673972874E-2,1968,2387
2422,44773,2823.480280780298,-2453.4003888398429,8.8725201658298905E-2,1968,2387
2423,44819,2916.51789688898,-2394.8163004617181,8.8636476456640606E-2,1968,2387
2424,44842,2953.0025381250689,-2450.5223027631851,8.8547839980183965E-2,1968,2387
2425,44758,2881.447198385632,-2453.5116066150072,8.8459292140203774E-2,1968,2387
2426,44764,2858.8072388644568,-2391.7581182521458,8.8370832848063574E-2,1968,2387
2427,44784,2852.8744353975121,-2374.8793711065682,8.8282462015215515E-2,1968,2387
2428,44733,2838.5019809403252,-2482.0969884916872,8.8194179553200303E-2,1968,2387
2429,44846,2900.896891129998,-2446.7898865151951,8.8105985373647097E-2,1968,2387
2430,44752,2839.4566908572019,-2424.5176210095519,8.8017879388273448E-2,1968,2387
2431,44759,2827.7938644830929,-2400.3819709123882,8.7929861508885168E-2,1968,2387
2432,44710,2804.0670707569238,-2455.307420304367,8.784193164737629E-2,1968,2387
2433,44723,2823.6221599428432,-2397.0989139548042,8.7754089715728914E-2,1968,2387
2434,44763,2874.829206984502,-2449.174595127919,8.7666335626013184E-2,1968,2387
2435,44872,2933.814872492911,-2396.1533645067211,8.7578669290387171E-2,1968,2387
2436,44812,2889.7746821005662,-2448.5013814493918,8.7491090621096779E-2,1968,2387
2437,44782,2889.7667937483238,-2432.1465815718921,8.7403599530475676E-2,1968,2387
2438,44766,2877.7190702802641,-2418.5210274712272,8.7316195930945195E-2,1968,2387
2439,44832,2921.553222419167,-2529.0950471283309,8.7228879735014253E-2,1968,2387
2440,44761,2904.725492658928,-2480.701424580684,8.7141650855279237E-2,1968,2387
2441,44768,2836.3778093700548,-2407.2358488077771,8.7054509204423952E-2,1968,2387
2442,44770,2846.1941007246091,-2437.708541504504,8.6967454695219534E-2,1968,2387
2443,44813,2881.0382486271992,-2503.016852202923,8.6880487240524315E-2,1968,2387
2444,44785,2847.6727605108481,-2375.1490874569699,8.6793606753283792E-2,1968,2387
2445,44813,2884.019605743837,-2406.229466824238,8.6706813146530504E-2,1968,2387
2446,44757,2849.879848066972,-2447.9283409105242,8.6620106333383975E-2,1968,2387
2447,44775,2855.995739509282,-2395.853916502736,8.6533486227050593E-2,1968,2387
2448,44847,2942.9941008632868,-2396.2510197085512,8.6446952740823549E-2,1968,2387
2449,44755,2831.8776789901922,-2443.640757615141,8.6360505788082728E-2,1968,2387
2450,44781,2884.4199415781518,-2403.9314497876412,8.6274145282294643E-2,1968,2387
2451,44762,2881.7898904108129,-2415.5837115664231,8.6187871137012345E-2,1968,2387
2452,44827,2886.5019206857,-2438.148256799896,8.6101683265875334E-2,1968,2387
2453,44743,2885.0433322729791,-2499.2384646360988,8.6015581582609454E-2,1968,2387
2454,44730,2855.7761409478799,-2416.9062890276919,8.5929566001026844E-2,1968,2387
2455,44867,2938.9649453474149,-2391.464854439876,8.5843636435025822E-2,1968,2387
2456,44745,2866.8867353741339,-2369.093409233838,8.575779279859079E-2,1968,2387
2457,44859,2908.7060733786038,-2485.4265224835808,8.5672035005792194E-2,1968,2387
2458,44752,2854.9370711719562,-2493.0799280371521,8.5586362970786395E-2,1968,2387
2459,44752,2850.3045313690609,-2444.7290102252591,8.5500776607815604E-2,1968,2387
2460,44783,2855.0893241353651,-2435.3113258958269,8.5415275831207782E-2,1968,2387
2461,44766,2870.7958359921672,-2439.4635257988029,8.5329860555376572E-2,1968,2387
2462,44790,2876.162058635246,-2439.2075248137949,8.5244530694821199E-2,1968,2387
2463,44786,2896.0311706859789,-2474.5166223958099,8.515928616412638E-2,1968,2387
2464,44783,2883.4564655307558,-2375.2593277099022,8.5074126877962258E-2,1968,2387
2465,44729,2872.240242811763,-2425.4887310728191,8.4989052751084301E-2,1968,2387
2466,44728,2836.5626644734102,-2441.6158880569001,8.4904063698333213E-2,1968,2387
2467,44826,2879.2911166092158,-2426.4516392960491,8.4819159634634878E-2,1968,2387
2468,44761,2871.027302240695,-2422.9578170527338,8.4734340475000239E-2,1968,2387
2469,44755,2911.0211518521351,-2515.9286234332531,8.464960613452524E-2,1968,2387
2470,44743,2856.8383714239121,-2413.1792075440439,8.4564956528390717E-2,1968,2387
2471,44754,2862.3689321885372,-2462.2459722521512,8.4480391571862323E-2,1968,2387
2472,44763,2859.8613763953999,-2461.930285339231,8.4395911180290467E-2,1968,2387
2473,44711,2875.5670768979121,-2374.8123992399119,8.4311515269110182E-2,1968,2387
2474,44764,2872.5013893560649,-2439.491560082829,8.4227203753841073E-2,1968,2387
2475,44791,2862.6343391879009,-2422.48512555654,8.4142976550087234E-2,1968,2387
2476,44768,2845.8931623816352,-2373.1337365705581,8.4058833573537148E-2,1968,2387
2477,44803,2873.1785491660389,-2405.355548733728,8.3974774739963606E-2,1968,2387
2478,44759,2920.741285991634,-2405.4348932927578,8.3890799965223639E-2,1968,2387
2479,44800,2908.3754863090689,-2466.5540295329001,8.3806909165258417E-2,1968,2387
2480,44723,2824.4126574548832,-2406.2238106326672,8.3723102256093154E-2,1968,2387
2481,44776,2875.499811708366,-2436.8107632446431,8.3639379153837068E-2,1968,2387
2482,44768,2847.9113287060468,-2426.207475723385,8.3555739774683224E-2,1968,2387
2483,44767,2830.2846688186041,-2398.9837669131962,8.3472184034908539E-2,1968,2387
2484,44764,2840.5269385490092,-2402.9079322776961,8.3388711850873626E-2,1968,2387
2485,44807,2901.1671901868349,-2439.879185636752,8.3305323139022752E-2,1968,2387
2486,44794,2860.5023347502988,-2381.007155625397,8.3222017815883731E-2,1968,2387
2487,44711,2788.1590699791582,-2336.422925198679,8.3138795798067849E-2,1968,2387
2488,44791,2868.6281305591961,-2419.421637166266,8.3055657002269787E-2,1968,2387
2489,44754,2874.215552635018,-2444.5361557640158,8.2972601345267516E-2,1968,2387
2490,44803,2945.798951844612,-2473.371191535351,8.288962874392225E-2,1968,2387
2491,44794,2903.241554016015,-2389.662872057263,8.2806739115178329E-2,1968,2387
2492,44759,2811.0681528125479,-2442.0904700225751,8.2723932376063153E-2,1968,2387
2493,44805,2890.2207860436761,-2478.0425400826039,8.2641208443687095E-2,1968,2387
2494,44856,2941.2397691700462,-2391.1600147514209,8.2558567235243407E-2,1968,2387
2495,44853,2905.0013430618801,-2432.7995556015621,8.2476008668008166E-2,1968,2387
2496,44740,2811.162499821854,-2455.8782156645138,8.2393532659340157E-2,1968,2387
2497,44765,2911.9921573517122,-2510.479100185411,8.2311139126680824E-2,1968,2387
2498,44774,2862.1125037244778,-2373.5059704090531,8.222882798755414E-2,1968,2387
2499,44724,2823.937826542583,-2470.7128258445741,8.2146599159566583E-2,1968,2387
2500,44719,2846.7801698665999,-2399.9438728476512,8.2064452560407022E-2,1968,2387
2501,44754,2873.952571508707,-2418.2496979292168,8.198238810784661E-2,1968,2387
2502,44814,2876.6371776787428,-2473.248800999962,8.1900405719738764E-2,1968,2387
2503,44804,2891.277091821129,-2482.3178152883579,8.1818505314019019E-2,1968,2387
2504,44746,2827.1708402362151,-2460.8253680373032,8.1736686808704995E-2,1968,2387
2505,44880,2910.0330206254362,-2454.617481515344,8.1654950121896289E-2,1968,2387
2506,44736,2807.7191300278919,-2462.840452485359,8.157329517177439E-2,1968,2387
2507,44832,2912.8270221881721,-2402.2279637242332,8.1491721876602613E-2,1968,2387
2508,44771,2887.877441263975,-2420.763809226687,8.141023015472601E-2,1968,2387
2509,44827,2912.173828573119,-2354.635217936976,8.1328819924571277E-2,1968,2387
2510,44780,2906.7211065000752,-2463.9758264599941,8.1247491104646699E-2,1968,2387
2511,44748,2815.510220547395,-2363.6227161108209,8.116624361354205E-2,1968,2387
2512,44779,2873.052855207005,-2383.048328885809,8.108507736992851E-2,1968,2387
2513,44736,2814.569440381812,-2419.421372488503,8.1003992292558585E-2,1968,2387
2514,44837,2909.5166495092212,-2378.4301660492638,8.0922988300266022E-2,1968,2387
2515,44777,2835.380505996151,-2489.681836914719,8.084206531196575E-2,1968,2387
2516,44880,2893.407550633397,-2469.428599932683,8.0761223246653788E-2,1968,2387
2517,44838,2898.4803556910251,-2444.0319847706278,8.0680462023407132E-2,1968,2387
2518,44769,2814.2407345624752,-2352.3820809326539,8.0599781561383727E-2,1968,2387
2519,44736,2851.9471984923562,-2473.7584511713512,8.0519181779822341E-2,1968,2387
2520,44776,2855.524966202549,-2422.949726000013,8.0438662598042512E-2,1968,2387
2521,44774,2874.3352374720048,-2485.7852509637951,8.0358223935444464E-2,1968,2387
2522,44775,2889.6918282390011,-2505.517958970891,8.0277865711509022E-2,1968,2387
2523,44784,2872.1167732894442,-2460.7792598168089,8.0197587845797516E-2,1968,2387
2524,44750,2837.5339377286768,-2385.478299728265,8.0117390257951712E-2,1968,2387
2525,44732,2827.2518756027362,-2505.19498600835,8.0037272867693757E-2,1968,2387
2526,44848,2881.0944369739868,-2433.520192013772,7.9957235594826065E-2,1968,2387
2527,44722,2814.0729124831319,-2407.1463764387272,7.9877278359231238E-2,1968,2387
2528,44741,2877.367332638084,-2360.1214946900818,7.9797401080872007E-2,1968,2387
2529,44741,2881.1126763433522,-2401.2235295616861,7.9717603679791138E-2,1968,2387
2530,44796,2849.965319430667,-2475.869604463076,7.9637886076111344E-2,1968,2387
2531,44737,2842.384434573924,-2442.302629683893,7.9558248190035236E-2,1968,2387
2532,44762,2830.217103031222,-2454.0535732087842,7.9478689941845204E-2,1968,2387
2533,44729,2842.532923776097,-2372.8408423698088,7.9399211251903357E-2,1968,2387
2534,44826,2928.7259189226938,-2433.907759506154,7.9319812040651458E-2,1968,2387
2535,44801,2865.9307953173352,-2384.0531203937821,7.9240492228610807E-2,1968,2387
2536,44836,2886.7783117499539,-2432.5850232016692,7.9161251736382193E-2,1968,2387
2537,44729,2828.3793017714561,-2453.703036842935,7.9082090484645817E-2,1968,2387
2538,44770,2876.0114292639801,-2348.54833615699,7.9003008394161175E-2,1968,2387
2539,44796,2932.0226902515269,-2434.7710737403968,7.8924005385767021E-2,1968,2387
2540,44774,2887.2987601355749,-2418.8285245098591,7.8845081380381252E-2,1968,2387
2541,44719,2830.9960041815939,-2393.093980212122,7.8766236299000869E-2,1968,2387
2542,44783,2882.6530571765161,-2363.7343316609231,7.8687470062701867E-2,1968,2387
2543,44791,2877.139743802958,-2416.827476152821,7.8608782592639162E-2,1968,2387
2544,44768,2920.359802616334,-2413.3915994035192,7.8530173810046525E-2,1968,2387
2545,44778,2889.3262415996551,-2464.371897758911,7.8451643636236482E-2,1968,2387
2546,44762,2798.623832995213,-2451.213390855256,7.8373191992600247E-2,1968,2387
2547,44806,2878.679048917912,-2352.9731000526358,7.8294818800607652E-2,1968,2387
2548,44775,2871.376735718638,-2486.9187136740261,7.8216523981807048E-2,1968,2387
2549,44788,2917.0696643991132,-2429.7241012803729,7.813830745782524E-2,1968,2387
2550,44742,2864.5827403574922,-2408.9546122390761,7.8060169150367412E-2,1968,2387
2551,44732,2822.5862414719691,-2412.7701670169208,7.7982108981217046E-2,1968,2387
2552,44779,2886.6617105571599,-2468.7328340200111,7.7904126872235829E-2,1968,2387
2553,44814,2884.5348418426888,-2428.0950721377731,7.7826222745363591E-2,1968,2387
2554,44770,2926.7883444963991,-2416.7110631479518,7.7748396522618224E-2,1968,2387
2555,44816,2887.4052409556039,-2459.375438471935,7.7670648126095601E-2,1968,2387
2556,44765,2860.8257207726451,-2476.1753186208489,7.7592977477969505E-2,1968,2387
2557,44736,2837.2675475247438,-2426.4922949078359,7.751538450049153E-2,1968,2387
2558,44750,2842.6733383206242,-2465.0451334458462,7.7437869115991043E-2,1968,2387
2559,44747,2861.9447027080791,-2462.7378695443522,7.7360431246875055E-2,1968,2387
2560,44773,2831.068960630234,-2460.9332252398472,7.7283070815628185E-2,1968,2387
2561,44769,2834.927269107679,-2417.051261751486,7.7205787744812557E-2,1968,2387
2562,44763,2859.4583925591,-2425.7954641452379,7.7128581957067746E-2,1968,2387
2563,44760,2856.8401297055548,-2498.895058627274,7.7051453375110684E-2,1968,2387
2564,44843,2937.6116899714389,-2488.339834567696,7.6974401921735575E-2,1968,2387
2565,44750,2836.6845172586468,-2441.8598905071399,7.6897427519813835E-2,1968,2387
2566,44742,2871.4140063464811,-2455.7313919640628,7.6820530092294018E-2,1968,2387
2567,44763,2874.3989645730771,-2426.099646238376,7.6743709562201723E-2,1968,2387
2568,44734,2867.306957393128,-2497.748413145438,7.6666965852639518E-2,1968,2387
2569,44710,2793.792743168804,-2445.1529334211409,7.6590298886786881E-2,1968,2387
2570,44733,2860.9917055227452,-2464.2027673009829,7.6513708587900089E-2,1968,2387
2571,44755,2828.0066461628639,-2472.0999884735329,7.6437194879312192E-2,1968,2387
2572,44766,2855.1296713784541,-2385.951793671758,7.6360757684432887E-2,1968,2387
2573,44842,2920.1964364751138,-2417.1258063390142,7.628439692674846E-2,1968,2387
2574,44781,2886.9138468534861,-2452.233507614972,7.6208112529821709E-2,1968,2387
2575,44767,2852.627752703112,-2404.1694361756099,7.6131904417291882E-2,1968,2387
2576,44894,2932.702437315837,-2421.349349101029,7.6055772512874584E-2,1968,2387
2577,44723,2800.8412891554231,-2468.2516234161608,7.5979716740361705E-2,1968,2387
2578,44790,2915.192768170406,-2437.3801712509339,7.590373702362134E-2,1968,2387
2579,44730,2832.2533783557928,-2460.1599573575731,7.5827833286597715E-2,1968,2387
2580,44787,2912.3820843286171,-2340.0718683918299,7.5752005453311122E-2,1968,2387
2581,44733,2827.2826430191881,-2381.5672728811451,7.5676253447857805E-2,1968,2387
2582,44763,2846.2003214444399,-2396.876145785066,7.5600577194409949E-2,1968,2387
2583,44780,2830.755316819686,-2462.4054984519048,7.5524976617215536E-2,1968,2387
2584,44783,2872.7791045636168,-2478.311419575291,7.5449451640598325E-2,1968,2387
2585,44752,2786.5777256847718,-2407.319559103747,7.537400218895772E-2,1968,2387
2586,44797,2936.1993683082928,-2410.181531067105,7.529862818676876E-2,1968,2387
2587,44831,2891.4888630184728,-2466.7521289744241,7.5223329558581992E-2,1968,2387
2588,44788,2911.655055478991,-2479.020923440416,7.5148106229023404E-2,1968,2387
2589,44782,2909.8155208196181,-2404.6112077941789,7.5072958122794381E-2,1968,2387
2590,44734,2837.8020888210331,-2410.3887981192302,7.4997885164671582E-2,1968,2387
2591,44759,2842.8995897170239,-2435.984383642071,7.4922887279506911E-2,1968,2387
2592,44764,2883.967809893516,-2439.621558926639,7.4847964392227406E-2,1968,2387
2593,44738,2829.0057727783992,-2299.420050838417,7.4773116427835185E-2,1968,2387
2594,44900,2868.9560569294822,-2454.2621598674041,7.4698343311407345E-2,1968,2387
2595,44768,2800.8524960037162,-2418.4222149443249,7.462364496809594E-2,1968,2387
2596,44755,2939.2587253141501,-2429.6404013929682,7.4549021323127837E-2,1968,2387
2597,44747,2826.841649068162,-2356.753498432437,7.4474472301804706E-2,1968,2387
2598,44741,2827.4903287211118,-2436.2118246323339,7.4399997829502906E-2,1968,2387
2599,44810,2867.8540038737301,-2362.1562783941049,7.4325597831673404E-2,1968,2387
2600,44781,2934.876544187061,-2383.2505047103168,7.4251272233841731E-2,1968,2387
2601,44733,2839.864125982052,-2421.2343924269121,7.4177020961607887E-2,1968,2387
2602,44885,2944.263087005088,-2446.043795089096,7.4102843940646285E-2,1968,2387
2603,44832,2890.6082676708202,-2458.9635000655562,7.4028741096705639E-2,1968,2387
2604,44833,2823.6228200136252,-2450.5990689552768,7.3954712355608937E-2,1968,2387
2605,44790,2924.0160284298672,-2416.903465597888,7.3880757643253331E-2,1968,2387
2606,44789,2881.2699153108651,-2498.545634747245,7.3806876885610079E-2,1968,2387
2607,44791,2878.9410576412711,-2482.183753684114,7.3733070008724463E-2,1968,2387
2608,44762,2850.4913377685052,-2442.1098754579102,7.3659336938715736E-2,1968,2387
2609,44748,2819.4186946616978,-2389.43355522514,7.3585677601777019E-2,1968,2387
2610,44756,2858.1328073572822,-2419.1543703842131,7.3512091924175238E-2,1968,2387
2611,44799,2839.5252135663291,-2481.419074747082,7.3438579832251064E-2,1968,2387
2612,44842,2946.8753177901558,-2439.095380349363,7.3365141252418817E-2,1968,2387
2613,44809,2867.84489514898,-2428.6260426459071,7.3291776111166398E-2,1968,2387
2614,44765,2859.0376566235918,-2423.6336524887361,7.3218484335055234E-2,1968,2387
2615,44847,2872.9387789265952,-2367.1574071529622,7.3145265850720176E-2,1968,2387
2616,44762,2882.190497414445,-2413.9438934314262,7.3072120584869449E-2,1968,2387
2617,44824,2886.7995008902631,-2442.721137000658,7.299904846428458E-2,1968,2387
2618,44798,2839.22505907392,-2381.722409689135,7.2926049415820302E-2,1968,2387
2619,44816,2892.7420613603858,-2508.9389303687112,7.2853123366404482E-2,1968,2387
2620,44712,2788.2229490965342,-2433.2110349095979,7.2780270243038084E-2,1968,2387
2621,44742,2840.426601229758,-2414.8866759035641,7.2707489972795039E-2,1968,2387
2622,44782,2904.3179281583562,-2460.5813396405119,7.2634782482822249E-2,1968,2387
2623,44733,2828.552948719238,-2464.655969908099,7.2562147700339433E-2,1968,2387
2624,44760,2878.6412713459608,-2423.5079842525661,7.2489585552639096E-2,1968,2387
2625,44775,2868.9293939440049,-2435.711218013179,7.2417095967086453E-2,1968,2387
2626,44723,2834.576153210096,-2436.5546805974041,7.2344678871119367E-2,1968,2387
2627,44774,2860.5039752161888,-2409.6415971056049,7.2272334192248253E-2,1968,2387
2628,44779,2883.1061233327782,-2368.965640495016,7.2200061858056011E-2,1968,2387
2629,44796,2859.782440605903,-2401.294516493323,7.2127861796197956E-2,1968,2387
2630,44733,2812.6738146079051,-2446.6171217796641,7.2055733934401761E-2,1968,2387
2631,44774,2845.1080433822199,-2477.0171374747301,7.198367820046736E-2,1968,2387
2632,44726,2829.8542929230998,-2439.8207478765471,7.1911694522266895E-2,1968,2387
2633,44752,2858.0017478138539,-2362.2009867460938,7.1839782827744628E-2,1968,2387
2634,44744,2821.4613343593478,-2389.1648996512949,7.1767943044916876E-2,1968,2387
2635,44791,2880.841665450308,-2415.0952191838778,7.1696175101871956E-2,1968,2387
2636,44766,2881.1666366260929,-2424.3275054773171,7.1624478926770083E-2,1968,2387
2637,44775,2897.1157360107268,-2401.5135004081781,7.1552854447843317E-2,1968,2387
2638,44882,2905.5660053989191,-2499.5675087516652,7.1481301593395469E-2,1968,2387
2639,44776,2861.06084344897,-2424.0785399152078,7.1409820291802067E-2,1968,2387
2640,44729,2843.452213219769,-2382.5546450939428,7.1338410471510266E-2,1968,2387
2641,44762,2870.8856476689921,-2426.7473616127518,7.1267072061038758E-2,1968,2387
2642,44753,2846.31916843216,-2474.5824448684371,7.1195804988977721E-2,1968,2387
2643,44734,2785.258934835625,-2415.2913960482688,7.1124609183988746E-2,1968,2387
2644,44992,3023.1621826764658,-2486.9399156938598,7.1053484574804759E-2,1968,2387
2645,44856,2944.7938709456748,-2430.928192052867,7.0982431090229961E-2,1968,2387
2646,44789,2892.7835091837792,-2424.7697758807672,7.0911448659139731E-2,1968,2387
2647,44757,2854.4038874537878,-2367.7484485495638,7.0840537210480586E-2,1968,2387
2648,44726,2791.221552889871,-2408.2354575111908,7.0769696673270099E-2,1968,2387
2649,44753,2844.3739604949592,-2436.1839348336598,7.0698926976596826E-2,1968,2387
2650,44745,2833.7149949401119,-2451.1095538066429,7.0628228049620226E-2,1968,2387
2651,44707,2813.236370889113,-2402.568894612783,7.0557599821570602E-2,1968,2387
2652,44826,2980.5478660820049,-2455.979016474058,7.0487042221749036E-2,1968,2387
2653,44743,2802.1333990799349,-2443.9904831543172,7.0416555179527288E-2,1968,2387
2654,44895,2965.6982018632102,-2423.5453691394969,7.0346138624347757E-2,1968,2387
2655,44749,2812.030330718153,-2364.960051944091,7.027579248572341E-2,1968,2387
2656,44721,2807.134756334061,-2440.8739748548828,7.0205516693237685E-2,1968,2387
2657,44764,2846.926935163599,-2422.9160520838991,7.0135311176544451E-2,1968,2387
2658,44821,2919.7000631418218,-2419.8311846313582,7.006517586536791E-2,1968,2387
2659,44749,2861.9963896882018,-2389.1014607474881,6.9995110689502538E-2,1968,2387
2660,44764,2863.4596983864089,-2375.2358866540339,6.9925115578813035E-2,1968,2387
2661,44729,2853.19884692603,-2392.0387946540491,6.9855190463234226E-2,1968,2387
2662,44819,2929.6333082606779,-2380.1118926315348,6.978533527277099E-2,1968,2387
2663,44786,2853.0266513853171,-2438.3934037415129,6.971554993749822E-2,1968,2387
2664,44776,2878.070418730716,-2406.362786227468,6.9645834387560723E-2,1968,2387
2665,44762,2842.8850938542009,-2394.1643063907168,6.9576188553173157E-2,1968,2387
2666,44717,2803.0420548235302,-2402.3959828181378,6.9506612364619982E-2,1968,2387
2667,44763,2859.3698671559669,-2431.9554875083859,6.9437105752255368E-2,1968,2387
2668,44779,2892.4970936600389,-2441.006990170948,6.9367668646503108E-2,1968,2387
2669,44748,2797.294091460185,-2391.180211575062,6.9298300977856608E-2,1968,2387
2670,44800,2857.835634782582,-2338.1251513889151,6.9229002676878745E-2,1968,2387
2671,44773,2860.4356053637248,-2448.5032903317419,6.9159773674201869E-2,1968,2387
2672,44724,2908.934218022147,-2430.9539361987308,6.9090613900527661E-2,1968,2387
2673,44823,2907.1742405185591,-2384.1306067477199,6.902152328662714E-2,1968,2387
2674,44820,2883.1161407532809,-2442.40485710436,6.8952501763340515E-2,1968,2387
2675,44807,2918.3044683061639,-2414.6582507940202,6.8883549261577179E-2,1968,2387
2676,44763,2827.4209290548679,-2419.4295838637131,6.8814665712315606E-2,1968,2387
2677,44772,2855.332748257691,-2407.4998386380912,6.8745851046603287E-2,1968,2387
2678,44796,2857.6800826105241,-2367.423738161518,6.8677105195556684E-2,1968,2387
2679,44788,2874.578595058098,-2434.697278923672,6.8608428090361134E-2,1968,2387
2680,44810,2860.5877983334508,-2445.3760201062619,6.8539819662270768E-2,1968,2387
2681,44758,2828.941005821634,-2498.6287947288629,6.8471279842608493E-2,1968,2387
2682,44728,2858.3808722824101,-2408.0235479223102,6.8402808562765885E-2,1968,2387
2683,44692,2801.406055316781,-2427.515660195219,6.8334405754203117E-2,2682,2387
2684,44754,2887.8427193667781,-2411.9426969039769,6.826607134844892E-2,2682,2387
2685,44747,2815.06918403279,-2410.6905061502271,6.8197805277100468E-2,2682,2387
2686,44808,2842.4686407112308,-2447.6792035734939,6.8129607471823367E-2,2682,2387
2687,44776,2857.125534880015,-2423.0982232512288,6.8061477864351544E-2,2682,2387
2688,44767,2877.050847158303,-2403.8329061988811,6.799341638648719E-2,2682,2387
2689,44852,2905.700535799921,-2437.386387914009,6.7925422970100707E-2,2682,2387
2690,44902,2927.9569376367231,-2383.3005683233018,6.7857497547130607E-2,2682,2387
2691,44840,2900.752891189542,-2366.4175900179639,6.7789640049583474E-2,2682,2387
2692,44817,2863.3004488055149,-2448.9488486757232,6.7721850409533893E-2,2682,2387
2693,44791,2886.676490306656,-2444.8309086313261,6.7654128559124366E-2,2682,2387
2694,44805,2878.9386144907489,-2485.6994464433792,6.7586474430565244E-2,2682,2387
2695,44756,2822.7347565449459,-2388.3668524721852,6.7518887956134685E-2,2682,2387
2696,44783,2882.055870121967,-2437.9472540528982,6.7451369068178557E-2,2682,2387
2697,44741,2851.1622674559671,-2442.4499232693138,6.7383917699110382E-2,2682,2387
2698,44809,2905.2061550098711,-2448.4534493326619,6.7316533781411267E-2,2682,2387
2699,44832,2903.963956633183,-2437.196117927318,6.7249217247629861E-2,2682,2387
2700,44756,2872.5833472825479,-2413.041784572978,6.7181968030382233E-2,2682,2387
2701,44761,2888.2501251608269,-2405.2344203506691,6.7114786062351856E-2,2682,2387
2702,44750,2863.4818486162221,-2364.758491127156,6.7047671276289508E-2,2682,2387
2703,44779,2885.457744055298,-2356.5349365121542,6.6980623605013223E-2,2682,2387
2704,44764,2865.2866275106539,-2400.514069320453,6.6913642981408214E-2,2682,2387
2705,44774,2906.5712588624242,-2450.1047439951258,6.6846729338426808E-2,2682,2387
2706,44795,2881.6032146128709,-2455.1661052522368,6.6779882609088376E-2,2682,2387
2707,44807,2900.5345389249419,-2434.1269555438321,6.671310272647929E-2,2682,2387
2708,44805,2903.4178203739152,-2456.0466782216859,6.6646389623752814E-2,2682,2387
2709,44748,2857.2479730919422,-2398.7238300200438,6.657974323412906E-2,2682,2387
2710,44734,2840.0748265250231,-2330.0787399727242,6.6513163490894936E-2,2682,2387
2711,44778,2861.6468001865119,-2475.6557044967849,6.6446650327404044E-2,2682,2387
2712,44747,2868.9410758314239,-2393.4148356837072,6.6380203677076643E-2,2682,2387
2713,44791,2903.7583959768472,-2430.6686948076858,6.6313823473399564E-2,2682,2387
2714,44854,2905.4200431161012,-2378.5765435193839,6.6247509649926165E-2,2682,2387
2715,44791,2864.1332383255271,-2442.1603376652811,6.618126214027624E-2,2682,2387
2716,44793,2926.169861281363,-2465.6034471061812,6.6115080878135959E-2,2682,2387
2717,44760,2880.7316258878391,-2437.4676953720541,6.604896579725783E-2,2682,2387
2718,44791,2877.814445749385,-2403.026598752112,6.598291683146057E-2,2682,2387
2719,44755,2820.634765087189,-2424.614775646342,6.5916933914629106E-2,2682,2387
2720,44771,2857.5027603169269,-2412.3802542153248,6.585101698071448E-2,2682,2387
2721,44810,2867.1288868242659,-2437.6345737550309,6.5785165963733766E-2,2682,2387
2722,44750,2823.3551276525282,-2431.1426942016942,6.5719380797770038E-2,2682,2387
2723,44770,2835.605443459011,-2421.3695792177241,6.5653661416972264E-2,2682,2387
2724,44784,2856.790238647141,-2406.6104555888578,6.5588007755555289E-2,2682,2387
2725,44738,2833.1830612674362,-2386.025396280957,6.5522419747799737E-2,2682,2387
2726,44784,2906.613179761106,-2436.2499274610582,6.5456897328051933E-2,2682,2387
2727,44796,2869.4533592915068,-2385.4998329484952,6.5391440430723882E-2,2682,2387
2728,44719,2840.3408732116332,-2491.8970905212382,6.5326048990293165E-2,2682,2387
2729,44782,2851.032945208518,-2403.2309683381809,6.5260722941302876E-2,2682,2387
2730,44775,2852.0777981674269,-2445.465838786286,6.5195462218361575E-2,2682,2387
2731,44745,2857.8087590398868,-2355.0904275681569,6.513026675614321E-2,2682,2387
2732,44863,2902.2962028276461,-2484.9753389594061,6.5065136489387068E-2,2682,2387
2733,44841,2889.1568222686442,-2471.8353162700978,6.5000071352897676E-2,2682,2387
2734,44735,2815.9175429096899,-2539.1264853652428,6.4935071281544784E-2,2682,2387
2735,44766,2832.600838101258,-2415.6873602928358,6.4870136210263246E-2,2682,2387
2736,44769,2858.6041410780272,-2457.4424667329549,6.4805266074052986E-2,2682,2387
2737,44769,2862.6328652564748,-2408.9203581091019,6.4740460807978933E-2,2682,2387
2738,44727,2810.306585335155,-2373.5126423394249,6.4675720347170951E-2,2682,2387
2739,44730,2824.239667097082,-2433.8375682401561,6.461104462682378E-2,2682,2387
2740,44757,2818.5330576565289,-2415.447727492196,6.4546433582196958E-2,2682,2387
2741,44837,2918.5553654410169,-2447.2034971699031,6.4481887148614761E-2,2682,2387
2742,44807,2925.5580323934878,-2368.3664551453862,6.4417405261466151E-2,2682,2387
2743,44806,2900.5332776601972,-2404.578060991646,6.4352987856204691E-2,2682,2387
2744,44754,2874.06028344476,-2366.128180006066,6.4288634868348488E-2,2682,2387
2745,44770,2872.2407390383069,-2395.3514016636609,6.422434623348014E-2,2682,2387
2746,44732,2835.1450338058462,-2442.9531174020281,6.4160121887246666E-2,2682,2387
2747,44846,2845.462935357144,-2474.4331654427142,6.4095961765359422E-2,2682,2387
2748,44727,2816.824726868937,-2407.6961183650951,6.403186580359406E-2,2682,2387
2749,44743,2814.7420174885779,-2453.0742764496222,6.3967833937790472E-2,2682,2387
2750,44787,2880.1049662007131,-2408.6374112048079,6.390386610385268E-2,2682,2387
2751,44727,2809.870412923246,-2386.9482479759422,6.3839962237748821E-2,2682,2387
2752,44770,2866.201686150036,-2432.3509440919329,6.3776122275511077E-2,2682,2387
2753,44744,2869.5119394959829,-2442.311397059947,6.3712346153235566E-2,2682,2387
2754,44814,2906.8179630516879,-2352.8198109389918,6.3648633807082328E-2,2682,2387
2755,44727,2842.554329803218,-2342.6997886020008,6.3584985173275252E-2,2682,2387
2756,44727,2817.732986436547,-2429.3513824394208,6.352140018810197E-2,2682,2387
2757,44785,2889.7217455345171,-2387.7454592892541,6.3457878787913868E-2,2682,2387
2758,44807,2837.8720860939429,-2455.6186848813718,6.3394420909125948E-2,2682,2387
2759,44728,2869.2001475983352,-2380.8526496033919,6.3331026488216827E-2,2682,2387
2760,44706,2798.8232115943142,-2476.1244324607219,6.3267695461728612E-2,2682,2387
2761,44712,2804.874314372109,-2377.892429303698,6.3204427766266877E-2,2682,2387
2762,44804,2923.530511724151,-2456.3333522095841,6.3141223338500613E-2,2682,2387
2763,44724,2797.2110412874358,-2338.585138693682,6.307808211516211E-2,2682,2387
2764,44754,2866.478126767599,-2349.2356266559791,6.3015004033046954E-2,2682,2387
2765,44821,2949.1812674793441,-2383.5249403163248,6.2951989029013902E-2,2682,2387
2766,44803,2846.2660943326391,-2410.307326036921,6.2889037039984885E-2,2682,2387
2767,44855,2900.2696967486108,-2397.4633711602442,6.2826148002944907E-2,2682,2387
2768,44798,2864.344595151666,-2455.9390069013011,6.2763321854941961E-2,2682,2387
2769,44745,2794.8014722605349,-2405.4224233713148,6.2700558533087022E-2,2682,2387
2770,44776,2919.20073091726,-2448.367377714892,6.2637857974553929E-2,2682,2387
2771,44731,2862.530642125862,-2449.174909109598,6.2575220116579372E-2,2682,2387
2772,44819,2862.5950833993311,-2384.3508523160071,6.2512644896462799E-2,2682,2387
2773,44702,2830.5898060403078,-2406.4364772557901,6.2450132251566343E-2,2682,2387
2774,44773,2849.254066521708,-2453.3009605023271,6.2387682119314773E-2,2682,2387
2775,44765,2845.2937008293161,-2386.6018633073159,6.232529443719545E-2,2682,2387
2776,44749,2857.3472632862158,-2397.2743686439471,6.2262969142758251E-2,2682,2387
2777,44755,2875.2281503581639,-2416.1837788927428,6.2200706173615491E-2,2682,2387
2778,44812,2904.743704716815,-2404.5083299073858,6.2138505467441867E-2,2682,2387
2779,44790,2857.3809617348129,-2437.1014753356458,6.2076366961974432E-2,2682,2387
2780,44710,2780.3123310655769,-2408.6145650714761,6.2014290595012463E-2,2682,2387
2781,44777,2836.8724272420041,-2388.321342046585,6.1952276304417443E-2,2682,2387
2782,44738,2853.6632243305262,-2471.1002869059262,6.1890324028113022E-2,2682,2387
2783,44786,2870.076646409364,-2465.557244483085,6.1828433704084911E-2,2682,2387
2784,44820,2880.0256569863982,-2429.2465776271761,6.1766605270380817E-2,2682,2387
2785,44845,2926.2125223424291,-2423.6704309045258,6.1704838665110437E-2,2682,2387
2786,44792,2891.76075653116,-2410.3490255447991,6.1643133826445332E-2,2682,2387
2787,44745,2877.5770678874019,-2447.9834569169439,6.1581490692618888E-2,2682,2387
2788,44751,2821.4614230880729,-2422.1578625022412,6.1519909201926272E-2,2682,2387
2789,44830,2926.8812304627272,-2410.2462664900399,6.1458389292724347E-2,2682,2387
2790,44712,2846.4381194173402,-2347.8219847079681,6.1396930903431617E-2,2682,2387
2791,44724,2815.535820953442,-2407.2091741048448,6.1335533972528188E-2,2682,2387
2792,44807,2881.010846043398,-2494.0754022814872,6.1274198438555673E-2,2682,2387
2793,44830,2856.750224608907,-2388.8131667881189,6.1212924240117109E-2,2682,2387
2794,44720,2788.576650433673,-2382.0284718243101,6.1151711315876989E-2,2682,2387
2795,44723,2836.2579808802948,-2405.9430741745732,6.1090559604561112E-2,2682,2387
2796,44727,2831.4089378126359,-2427.5370673396401,6.1029469044956548E-2,2682,2387
2797,44845,2902.5600397687849,-2417.6994226288248,6.0968439575911589E-2,2682,2387
2798,44712,2838.3705399662758,-2489.0525689212432,6.0907471136335677E-2,2682,2387
2799,44757,2823.9435813052928,-2439.2232354734192,6.0846563665199339E-2,2682,2387
2800,44817,2896.6376282219412,-2462.0800253605589,6.0785717101534138E-2,2682,2387
2801,44769,2827.5993585542128,-2372.8934592072201,6.0724931384432607E-2,2682,2387
2802,44765,2875.259284249315,-2367.7016182860739,6.0664206453048167E-2,2682,2387
2803,44728,2853.199770966105,-2399.5675667833898,6.0603542246595123E-2,2682,2387
2804,44796,2830.0488811029959,-2414.6129563438471,6.0542938704348528E-2,2682,2387
2805,44734,2854.2386491068369,-2449.13327050628,6.0482395765644181E-2,2682,2387
2806,44803,2882.3216629784179,-2395.4603508882042,6.0421913369878538E-2,2682,2387
2807,44729,2846.6462830786581,-2444.3632773282752,6.036149145650866E-2,2682,2387
2808,44770,2846.930217942137,-2380.717188174021,6.0301129965052151E-2,2682,2387
2809,44899,2927.0747183834742,-2395.0860308772631,6.02408288350871E-2,2682,2387
2810,44825,2942.2135310213048,-2414.4906069456688,6.0180588006252013E-2,2682,2387
2811,44775,2824.578509146952,-2437.4174913071251,6.0120407418245758E-2,2682,2387
2812,44779,2867.0463870462122,-2425.9329546662711,6.0060287010827509E-2,2682,2387
2813,44796,2885.3400834668082,-2438.5444410125642,6.0000226723816677E-2,2682,2387
2814,44732,2823.186028681389,-2353.2710801201588,5.9940226497092873E-2,2682,2387
2815,44779,2868.9289564463152,-2348.8888290330929,5.9880286270595773E-2,2682,2387
2816,44847,2867.848300799109,-2456.0878151603101,5.9820405984325177E-2,2682,2387
2817,44799,2851.529342917212,-2425.647969649438,5.9760585578340852E-2,2682,2387
2818,44768,2859.6154132623678,-2467.5575462323441,5.9700824992762511E-2,2682,2387
2819,44781,2894.4965313121711,-2458.752842864616,5.9641124167769753E-2,2682,2387
2820,44719,2849.577299555729,-2396.4751634522358,5.9581483043601967E-2,2682,2387
2821,44787,2844.191808628389,-2446.973724339297,5.9521901560558373E-2,2682,2387
2822,44870,2910.0952744316119,-2471.3893510709599,5.9462379658997817E-2,2682,2387
2823,44770,2869.531448752618,-2369.3256639543752,5.9402917279338822E-2,2682,2387
2824,44777,2875.9828174655599,-2404.0932657164481,5.9343514362059487E-2,2682,2387
2825,44794,2878.70607014696,-2417.9251078053921,5.928417084769743E-2,2682,2387
2826,44828,2950.3947758500171,-2494.8693690061609,5.9224886676849733E-2,2682,2387
2827,44811,2902.2754077505192,-2444.5082694415819,5.9165661790172887E-2,2682,2387
2828,44756,2817.2144189678379,-2374.488322485282,5.9106496128382723E-2,2682,2387
2829,44744,2823.2515060964629,-2414.5401660941211,5.9047389632254331E-2,2682,2387
2830,44733,2823.4570028511948,-2477.6933894234112,5.8988342242622067E-2,2682,2387
2831,44753,2827.8693123234179,-2421.1865124410542,5.8929353900379462E-2,2682,2387
2832,44733,2842.225019984729,-2397.9249864069602,5.8870424546479068E-2,2682,2387
2833,44743,2851.487805066186,-2384.480627026102,5.8811554121932598E-2,2682,2387
2834,44750,2833.303590839686,-2344.6065127288512,5.8752742567810663E-2,2682,2387
2835,44822,2893.3413967512229,-2396.5679918173241,5.8693989825242862E-2,2682,2387
2836,44721,2797.9648486865208,-2376.2802997660478,5.8635295835417607E-2,2682,2387
2837,44748,2879.4262843055139,-2433.8634070474709,5.8576660539582187E-2,2682,2387
2838,44727,2836.2014508824641,-2370.3054317427031,5.8518083879042608E-2,2682,2387
2839,44809,2843.06136656012,-2365.69190506922,5.8459565795163572E-2,2682,2387
2840,44749,2866.8915466856288,-2442.4321130384219,5.8401106229368407E-2,2682,2387
2841,44765,2855.736508836465,-2445.873723802828,5.8342705123139042E-2,2682,2387
2842,44784,2897.096376079141,-2455.2328855908081,5.8284362418015913E-2,2682,2387
2843,44798,2929.8874430602059,-2367.6404432840782,5.8226078055597888E-2,2682,2387
2844,44730,2796.5650672291199,-2434.5288097822649,5.816785197754229E-2,2682,2387
2845,44787,2837.008024777494,-2437.6150031056391,5.8109684125564748E-2,2682,2387
2846,44819,2900.5551690490788,-2472.7396764688669,5.8051574441439192E-2,2682,2387
2847,44768,2839.1482108023652,-2399.6703662106188,5.7993522866997743E-2,2682,2387
2848,44738,2857.3738513985022,-2396.103552176784,5.7935529344130737E-2,2682,2387
2849,44761,2879.0461525844662,-2423.4076795112651,5.7877593814786611E-2,2682,2387
2850,44760,2859.7420263915592,-2401.0144076061028,5.7819716220971817E-2,2682,2387
2851,44788,2900.0500856033618,-2463.6794527090242,5.7761896504750852E-2,2682,2387
2852,44810,2891.9222155047619,-2481.4607180898611,5.7704134608246103E-2,2682,2387
2853,44756,2859.1942255026629,-2412.655589934438,5.7646430473637857E-2,2682,2387
2854,44788,2821.4473439079802,-2473.695824658299,5.7588784043164219E-2,2682,2387
2855,44790,2907.93020512147,-2393.4635023020842,5.7531195259121058E-2,2682,2387
2856,44766,2813.00368062604,-2404.2365970281171,5.7473664063861937E-2,2682,2387
2857,44802,2916.3025336435539,-2397.593018649497,5.7416190399798082E-2,2682,2387
2858,44782,2830.661645688263,-2422.1830722193959,5.7358774209398278E-2,2682,2387
2859,44811,2880.6529250361082,-2414.0330754163929,5.7301415435188879E-2,2682,2387
2860,44796,2884.377325329664,-2481.6458005494601,5.724411401975369E-2,2682,2387
2861,44789,2886.839494383396,-2429.9661231046348,5.7186869905733927E-2,2682,2387
2862,44786,2900.490849090656,-2354.1737447914188,5.7129683035828202E-2,2682,2387
2863,44788,2868.8128208259,-2419.517638812209,5.7072553352792377E-2,2682,2387
2864,44741,2824.6915733359779,-2409.963873858328,5.7015480799439577E-2,2682,2387
2865,44797,2876.584723045019,-2470.561386959223,5.6958465318640142E-2,2682,2387
2866,44790,2889.94235960897,-2472.9252418303149,5.6901506853321501E-2,2682,2387
2867,44707,2820.3185533829819,-2394.5708601405931,5.684460534646818E-2,2682,2387
2868,44756,2824.3998060583572,-2398.3857946168828,5.6787760741121712E-2,2682,2387
2869,44789,2912.6289691359548,-2402.1112639521871,5.6730972980380587E-2,2682,2387
2870,44817,2905.5382229180232,-2386.638081051462,5.6674242007400212E-2,2682,2387
2871,44724,2800.147320392487,-2395.4114521223219,5.6617567765392812E-2,2682,2387
2872,44738,2812.3813340926549,-2429.0746910849039,5.656095019762742E-2,2682,2387
2873,44762,2812.487474269029,-2454.159032186059,5.6504389247429787E-2,2682,2387
2874,44804,2865.0806957604018,-2473.7134719520709,5.6447884858182362E-2,2682,2387
2875,44851,2937.1917609265361,-2439.950269925489,5.6391436973324181E-2,2682,2387
2876,44790,2840.6699171776258,-2387.343057215377,5.633504553635086E-2,2682,2387
2877,44794,2859.9057066368582,-2441.4640533747188,5.627871049081451E-2,2682,2387
2878,44802,2856.5040909473141,-2428.8925870560161,5.6222431780323698E-2,2682,2387
2879,44738,2839.5590742805371,-2404.2250840883189,5.6166209348543383E-2,2682,2387
2880,44752,2832.4109225170382,-2420.3771685049542,5.6110043139194828E-2,2682,2387
2881,44754,2846.9889309016721,-2449.4147940091721,5.6053933096055643E-2,2682,2387
2882,44747,2814.2765857591039,-2421.9637397556698,5.5997879162959577E-2,2682,2387
2883,44795,2925.9483753957929,-2451.193656757142,5.5941881283796617E-2,2682,2387
2884,44840,2910.78393286961,-2430.4797843027759,5.5885939402512817E-2,2682,2387
2885,44740,2827.756391402816,-2395.452897328059,5.5830053463110312E-2,2682,2387
2886,44769,2894.6068788524731,-2376.0552766722749,5.5774223409647203E-2,2682,2387
2887,44781,2847.8556774611689,-2456.6429011554778,5.5718449186237563E-2,2682,2387
2888,44814,2866.4296291357291,-2423.4628086802668,5.5662730737051323E-2,2682,2387
2889,44792,2883.1302030658971,-2470.1484816381571,5.5607068006314257E-2,2682,2387
2890,44733,2814.2747107266068,-2407.9321402162682,5.5551460938307949E-2,2682,2387
2891,44727,2807.735512977345,-2395.3011480370228,5.549590947736964E-2,2682,2387
2892,44792,2948.3675249892599,-2396.3357817021738,5.5440413567892269E-2,2682,2387
2893,44794,2868.1390040831011,-2407.908868615636,5.5384973154324377E-2,2682,2387
2894,44730,2764.4372122728469,-2410.5462440413012,5.532958818117005E-2,2682,2893
2895,44761,2869.110283872536,-2431.635472252206,5.527425859298888E-2,2682,2893
2896,44793,2817.5783730623061,-2439.3714637147241,5.5218984334395892E-2,2682,2893
2897,44833,2881.4483094989951,-2487.5016783371861,5.5163765350061497E-2,2682,2893
2898,44775,2913.920566990862,-2402.870076646609,5.5108601584711432E-2,2682,2893
2899,44765,2854.2994675827531,-2403.4167317484498,5.5053492983126721E-2,2682,2893
2900,44788,2870.5901449229259,-2483.903971837994,5.4998439490143602E-2,2682,2893
2901,44710,2853.2072629896561,-2374.000746286722,5.4943441050653449E-2,2682,2893
2902,44840,2843.3239511332799,-2455.0556623801149,5.4888497609602793E-2,2682,2893
2903,44733,2824.786519626356,-2448.2870733981658,5.4833609111993191E-2,2682,2893
2904,44728,2793.7454885817911,-2432.4967357951259,5.4778775502881197E-2,2682,2893
2905,44799,2910.2790422607,-2427.213284511547,5.4723996727378307E-2,2682,2893
2906,44829,2825.7015781417631,-2450.4086415059392,5.4669272730650927E-2,2682,2893
2907,44733,2789.859196125693,-2389.9701818485719,5.4614603457920283E-2,2682,2893
2908,44733,2874.1307289934389,-2399.9927907817992,5.4559988854462373E-2,2682,2893
2909,44757,2873.9398219204541,-2402.4151275112322,5.4505428865607913E-2,2682,2893
2910,44802,2865.398073378271,-2433.3321430566248,5.44509234367423E-2,2682,2893
2911,44811,2921.0277809064842,-2483.0127023581772,5.4396472513305559E-2,2682,2893
2912,44767,2859.860246702995,-2413.3810005684109,5.4342076040792248E-2,2682,2893
2913,44740,2871.9888467938649,-2357.919292703637,5.4287733964751457E-2,2682,2893
2914,44716,2823.6360368482979,-2349.9184019261661,5.4233446230786707E-2,2682,2893
2915,44759,2859.5542735941922,-2443.2286222353432,5.4179212784555918E-2,2682,2893
2916,44726,2831.1796958538921,-2448.286349053541,5.4125033571771369E-2,2682,2893
2917,44754,2836.5743072042592,-2463.3654477248169,5.4070908538199597E-2,2682,2893
2918,44795,2896.6901433793478,-2411.8915832035782,5.4016837629661398E-2,2682,2893
2919,44779,2886.1901514795741,-2420.958954570071,5.3962820792031727E-2,2682,2893
2920,44727,2838.3280208190108,-2419.4707098497838,5.3908857971239697E-2,2682,2893
2921,44761,2889.263077155254,-2377.433486445349,5.3854949113268463E-2,2682,2893
2922,44741,2833.667611137902,-2409.2111391186641,5.3801094164155197E-2,2682,2893
2923,44741,2848.9835237021562,-2446.6863127805991,5.3747293069991042E-2,2682,2893
2924,44762,2857.603098355426,-2425.502852723725,5.3693545776921051E-2,2682,2893
2925,44760,2827.367040668229,-2382.4898751488631,5.3639852231144133E-2,2682,2893
2926,44796,2852.617751159778,-2427.4146068007171,5.3586212378912992E-2,2682,2893
2927,44822,2890.557043426767,-2430.50453396292,5.3532626166534071E-2,2682,2893
2928,44728,2860.09672761607,-2423.09641894675,5.3479093540367527E-2,2682,2893
2929,44724,2809.3284698946109,-2447.3865264514679,5.3425614446827169E-2,2682,2893
2930,44773,2898.8900720441738,-2435.6715949209088,5.3372188832380339E-2,2682,2893
2931,44769,2872.1016718022479,-2383.8687936398728,5.3318816643547963E-2,2682,2893
2932,44813,2827.8588630008039,-2392.6486455963818,5.3265497826904408E-2,2682,2893
2933,44810,2884.6680333848258,-2409.747036883894,5.3212232329077513E-2,2682,2893
2934,44738,2860.1799946622641,-2423.7887168733369,5.315902009674843E-2,2682,2893
2935,44733,2866.0005851651949,-2435.9324143309241,5.3105861076651682E-2,2682,2893
2936,44774,2874.8812224745848,-2418.201748534877,5.305275521557503E-2,2682,2893
2937,44750,2870.1436985285741,-2424.4461740777579,5.2999702460359448E-2,2682,2893
2938,44744,2851.0090323942341,-2425.1472375769181,5.2946702757899103E-2,2682,2893
2939,44772,2843.3084372781441,-2387.5666863023912,5.2893756055141197E-2,2682,2893
2940,44726,2815.201489106913,-2434.436179398856,5.2840862299086057E-2,2682,2893
2941,44763,2783.2658743661068,-2461.0233725274679,5.2788021436786972E-2,2682,2893
2942,44794,2833.9570796849898,-2412.1659291869578,5.2735233415350177E-2,2682,2893
2943,44725,2845.6905287870059,-2431.7534888130758,5.2682498181934843E-2,2682,2893
2944,44730,2832.903949811277,-2432.0654231832359,5.2629815683752898E-2,2682,2893
2945,44863,2888.641780097731,-2408.843585091252,5.257718586806915E-2,2682,2893
2946,44805,2831.49418780219,-2395.3146094659892,5.2524608682201081E-2,2682,2893
2947,44813,2926.0193932593679,-2375.5738294689731,5.2472084073518881E-2,2682,2893
2948,44766,2863.9231442919158,-2452.4725609277339,5.2419611989445357E-2,2682,2893
2949,44833,2905.4936244675491,-2393.6248166150549,5.2367192377455921E-2,2682,2893
2950,44825,2863.4521731461882,-2418.3252176824822,5.2314825185078462E-2,2682,2893
2951,44819,2851.2041905903411,-2405.8513810749268,5.2262510359893377E-2,2682,2893
2952,44762,2829.584293611576,-2432.515407554743,5.2210247849533493E-2,2682,2893
2953,44750,2846.701340178277,-2411.521885835431,5.2158037601683957E-2,2682,2893
2954,44728,2833.8425941009141,-2423.1110792094,5.2105879564082268E-2,2682,2893
2955,44767,2884.9660236647492,-2413.6411005749342,5.205377368451819E-2,2682,2893
2956,44741,2867.0900814013239,-2472.68601902809,5.2001719910833667E-2,2682,2893
2957,44771,2874.553309761337,-2411.2284307001319,5.1949718190922839E-2,2682,2893
2958,44737,2787.8373862314552,-2514.9444765015592,5.1897768472731913E-2,2682,2893
2959,44784,2905.7350527646172,-2482.0802302815609,5.1845870704259181E-2,2682,2893
2960,44708,2813.2434294205009,-2371.2771391789038,5.1794024833554921E-2,2682,2893
2961,44750,2875.4512201622051,-2367.5290878752612,5.1742230808721368E-2,2682,2893
2962,44784,2867.1746974632852,-2402.262896908459,5.1690488577912648E-2,2682,2893
2963,44766,2889.5687730294399,-2561.7619729832918,5.1638798089334727E-2,2682,2893
2964,44730,2846.9395843572079,-2406.6977267528978,5.1587159291245403E-2,2682,2893
2965,44802,2882.7618519343159,-2420.7482930528372,5.1535572131954151E-2,2682,2893
2966,44743,2811.1549614469159,-2423.4392415339239,5.1484036559822199E-2,2682,2893
2967,44762,2850.454867178611,-2343.372031574856,5.1432552523262377E-2,2682,2893
2968,44742,2835.7671633518821,-2416.355949741976,5.1381119970739117E-2,2682,2893
2969,44771,2872.4602642184818,-2460.368162402634,5.1329738850768379E-2,2682,2893
2970,44779,2909.3555726902978,-2411.757142025665,5.1278409111917611E-2,2682,2893
2971,44756,2876.0900565168222,-2400.0785774853161,5.1227130702805691E-2,2682,2893
2972,44765,2835.308861868406,-2394.320993390907,5.1175903572102888E-2,2682,2893
2973,44810,2901.506677578182,-2482.6114307581111,5.1124727668530788E-2,2682,2893
2974,44783,2897.516321243495,-2510.898538334915,5.1073602940862259E-2,2682,2893
2975,44837,2906.4566448419969,-2453.695476463683,5.1022529337921403E-2,2682,2893
2976,44726,2841.5059861861,-2336.771651326967,5.0971506808583478E-2,2682,2893
2977,44778,2862.0985469686502,-2429.553864287589,5.0920535301774893E-2,2682,2893
2978,44761,2864.4439159696799,-2425.749668764221,5.0869614766473108E-2,2682,2893
2979,44793,2889.74450184949,-2478.548952545495,5.0818745151706639E-2,2682,2893
2980,44761,2901.9596333168679,-2428.1741291327521,5.0767926406554927E-2,2682,2893
2981,44796,2849.1581969994509,-2436.9762689376162,5.0717158480148378E-2,2682,2893
2982,44804,2911.7659866204381,-2419.503781638326,5.0666441321668233E-2,2682,2893
2983,44815,2869.1725443411979,-2396.590671914953,5.0615774880346548E-2,2682,2893
2984,44685,2790.6078651486218,-2393.055366307402,5.0565159105466211E-2,2983,2893
2985,44779,2808.5798830510662,-2399.9142382300211,5.0514593946360743E-2,2983,2893
2986,44742,2816.2824785008761,-2439.3319691702541,5.0464079352414377E-2,2983,2893
2987,44801,2882.4512326122708,-2413.7374698755129,5.0413615273061971E-2,2983,2893
2988,44717,2834.0147568617972,-2386.1909446655159,5.036320165778891E-2,2983,2893
2989,44776,2835.3277993594779,-2426.618061750652,5.0312838456131118E-2,2983,2893
2990,44743,2810.0577173800662,-2392.341753891908,5.026252561767499E-2,2983,2893
2991,44799,2872.0949027131628,-2440.5259280692021,5.0212263092057313E-2,2983,2893
2992,44733,2852.7025765593721,-2405.449819201332,5.0162050828965257E-2,2983,2893
2993,44805,2876.4603544692309,-2394.9225038126228,5.0111888778136292E-2,2983,2893
2994,44739,2843.4215846671368,-2489.6148245183708,5.0061776889358159E-2,2983,2893
2995,44741,2861.9363506862969,-2413.828497134813,5.0011715112468803E-2,2983,2893
2996,44702,2828.8600460992661,-2477.415564433375,4.9961703397356332E-2,2983,2893
2997,44724,2875.26190408709,-2323.3521643476038,4.9911741693958983E-2,2983,2893
2998,44754,2852.586277225319,-2415.678269710827,4.986182995226502E-2,2983,2893
2999,44816,2849.435231358128,-2377.7218598644558,4.9811968122312762E-2,2983,2893
3000,44782,2908.3640540296451,-2447.0036408812189,4.976215615419044E-2,2983,2893
