seq_id,ship_id,block_id,block_type,length_m,width_m,weight_ton,assembly_start_date,earliest_start_date,due_date,lead_time_days,block_output_value,is_combined,combined_block_id,block_area_m2,aspect_ratio,density_ton_per_m2,est_dt,due_dt,total_window_days,slack_days,urgency_ratio,cluster_id,cluster_name
757,H1088,284,FLAT,20.0,18.4,211.017142857143,2018-03-03,2018-02-24,2018-06-30,72,368.0,,,368.0,1.0869565217391306,0.5734161490683234,2018-02-24,2018-06-30,126,54,0.5714285714285714,2,Type-C (Large Heavy)
758,H1088,294,FLAT,20.0,18.4,211.017142857143,2018-03-03,2018-02-24,2018-06-29,71,368.0,,,368.0,1.0869565217391306,0.5734161490683234,2018-02-24,2018-06-29,125,54,0.568,2,Type-C (Large Heavy)
823,H1088,836,FLAT,6.45,21.691,146.314851714286,2018-03-18,2018-03-17,2018-06-04,53,139.90695,,,139.90695,0.29735835138997746,1.0458011679497408,2018-03-17,2018-06-04,79,26,0.6708860759493671,1,Type-B (Small Light)
822,H1088,826,FLAT,20.852,21.691,240.0,2018-03-18,2018-03-17,2018-06-04,53,452.300732,,,452.300732,0.9613203632843115,0.5306204103158516,2018-03-17,2018-06-04,79,26,0.6708860759493671,2,Type-C (Large Heavy)
819,H1088,101,FLAT,30.66,9.4,240.0,2018-03-25,2018-03-18,2018-06-11,61,288.204,,,288.204,3.2617021276595746,0.8327434733730275,2018-03-18,2018-06-11,85,24,0.7176470588235294,2,Type-C (Large Heavy)
881,H1087,102,FLAT,16.588,12.377,122.386249428571,2018-03-25,2018-03-24,2018-05-09,39,205.309676,,,205.30967600000002,1.340227841964935,0.59610560891719,2018-03-24,2018-05-09,46,7,0.8478260869565217,0,Type-A (Standard Medium)
856,H1088,110,FLAT,13.0,5.487,56.8877625714286,2018-03-25,2018-03-25,2018-05-22,42,71.331,,,71.331,2.3692363768908327,0.7975180857050735,2018-03-25,2018-05-22,58,16,0.7241379310344828,0,Type-A (Standard Medium)
810,H1088,835,FLAT,18.0,17.3,178.082857142857,2018-03-26,2018-03-17,2018-06-17,40,311.4,,,311.40000000000003,1.0404624277456647,0.5718781539590783,2018-03-17,2018-06-17,92,52,0.43478260869565216,3,Type-D (Long-lead Urgent)
809,H1088,825,FLAT,18.455,17.3,182.822007142857,2018-03-26,2018-03-17,2018-06-17,40,319.2715,,,319.2715,1.0667630057803468,0.5726223829651472,2018-03-17,2018-06-17,92,52,0.43478260869565216,3,Type-D (Long-lead Urgent)
847,H1087,272,FLAT,15.89,20.773,195.431322571429,2018-03-27,2018-03-25,2018-06-09,35,330.08297,,,330.08297,0.7649352524912146,0.592067268939773,2018-03-25,2018-06-09,76,41,0.4605263157894737,1,Type-B (Small Light)
803,H1088,694,FLAT,16.7,18.4,176.414285714286,2018-03-31,2018-03-17,2018-06-17,39,307.28,,,307.28,0.907608695652174,0.5741157436679446,2018-03-17,2018-06-17,92,53,0.42391304347826086,3,Type-D (Long-lead Urgent)
802,H1087,684,FLAT,17.5,18.4,184.231428571429,2018-03-31,2018-03-17,2018-06-17,39,322.0,,,322.0,0.9510869565217392,0.5721472937000901,2018-03-17,2018-06-17,92,53,0.42391304347826086,3,Type-D (Long-lead Urgent)
880,H1087,101,CURVED,13.007,16.37,124.902556857143,2018-04-01,2018-03-31,2018-05-09,36,212.92459,,,212.92459,0.7945632254123396,0.5866046606319307,2018-03-31,2018-05-09,39,3,0.9230769230769231,1,Type-B (Small Light)
869,H1088,161,FLAT,14.057,15.486,124.975841428571,2018-04-03,2018-04-02,2018-06-03,32,217.686702,,,217.68670200000003,0.9077231047397649,0.574108754831386,2018-04-02,2018-06-03,62,30,0.5161290322580645,1,Type-B (Small Light)
874,H1088,103,FLAT,24.0,11.0,199.142857142857,2018-04-03,2018-04-02,2018-05-22,39,264.0,,,264.0,2.1818181818181817,0.7543290043290037,2018-04-02,2018-05-22,50,11,0.78,2,Type-C (Large Heavy)
793,H1088,182,FLAT,7.9,19.9,130.977142857143,2018-04-06,2018-03-27,2018-06-20,42,157.21,,,157.21,0.39698492462311563,0.8331349332557916,2018-03-27,2018-06-20,85,43,0.49411764705882355,1,Type-B (Small Light)
794,H1088,192,FLAT,23.8,19.9,240.0,2018-04-06,2018-03-27,2018-06-20,42,473.62,,,473.62,1.1959798994974875,0.5067353574595668,2018-03-27,2018-06-20,85,43,0.49411764705882355,2,Type-C (Large Heavy)
867,H1088,163,FLAT,16.387,11.151,112.25102,2018-04-08,2018-04-01,2018-06-04,29,182.731437,,,182.731437,1.4695543000627747,0.6142950651671393,2018-04-01,2018-06-04,64,35,0.453125,0,Type-A (Standard Medium)
870,H1088,173,FLAT,16.387,11.151,112.25102,2018-04-08,2018-04-01,2018-06-03,29,182.731437,,,182.731437,1.4695543000627747,0.6142950651671393,2018-04-01,2018-06-03,63,34,0.4603174603174603,0,Type-A (Standard Medium)
830,H1087,143,FLAT,14.606,16.186,135.806237714286,2018-04-11,2018-04-03,2018-06-11,45,236.412716,,,236.412716,0.9023847769677499,0.5744455713384131,2018-04-03,2018-06-11,69,24,0.6521739130434783,1,Type-B (Small Light)
831,H1087,153,FLAT,19.167,16.07,178.748225428571,2018-04-11,2018-04-03,2018-06-11,45,308.01369,,,308.01369000000005,1.1927193528313629,0.5803255869197599,2018-04-03,2018-06-11,69,24,0.6521739130434783,2,Type-C (Large Heavy)
857,H1088,112,FLAT,21.0,5.15,133.577857142857,2018-04-11,2018-04-11,2018-05-20,26,108.15,,,108.15,4.077669902912621,1.2351165709002034,2018-04-11,2018-05-20,39,13,0.6666666666666666,0,Type-A (Standard Medium)
828,H1087,683,FLAT,16.6,18.9,180.791428571429,2018-04-13,2018-03-27,2018-06-12,25,313.74,,,313.74,0.8783068783068785,0.5762460271926723,2018-03-27,2018-06-12,77,52,0.3246753246753247,3,Type-D (Long-lead Urgent)
829,H1087,693,FLAT,16.6,18.9,180.791428571429,2018-04-13,2018-03-27,2018-06-12,25,313.74,,,313.74,0.8783068783068785,0.5762460271926723,2018-03-27,2018-06-12,77,52,0.3246753246753247,3,Type-D (Long-lead Urgent)
804,H1088,134,FLAT,19.318,18.5,204.410035428571,2018-04-13,2018-04-01,2018-06-15,45,357.383,,,357.38300000000004,1.0442162162162163,0.5719635109352459,2018-04-01,2018-06-15,75,30,0.6,2,Type-C (Large Heavy)
864,H1087,144,FLAT,15.117,16.07,139.076739714286,2018-04-13,2018-04-11,2018-06-04,24,242.93019,,,242.93019,0.9406969508400748,0.5724967313213972,2018-04-11,2018-06-04,54,30,0.4444444444444444,3,Type-D (Long-lead Urgent)
865,H1087,154,FLAT,19.39,16.07,181.204857142857,2018-04-13,2018-04-11,2018-06-04,24,311.5973,,,311.5973,1.206596141879278,0.581535389243928,2018-04-11,2018-06-04,54,30,0.4444444444444444,3,Type-D (Long-lead Urgent)
805,H1088,124,FLAT,16.142,18.85,175.967618285714,2018-04-14,2018-04-01,2018-06-15,45,304.2767,,,304.2767,0.856339522546419,0.578314469315968,2018-04-01,2018-06-15,75,30,0.6,1,Type-B (Small Light)
861,H1087,122,FLAT,15.531,12.2,111.443417428571,2018-04-14,2018-04-07,2018-06-08,24,189.4782,,,189.4782,1.273032786885246,0.5881595741809401,2018-04-07,2018-06-08,62,38,0.3870967741935484,3,Type-D (Long-lead Urgent)
848,H1087,132,FLAT,18.94,12.2,145.018171428571,2018-04-14,2018-04-07,2018-06-11,27,231.068,,,231.068,1.5524590163934429,0.6275995439808671,2018-04-07,2018-06-11,65,38,0.4153846153846154,3,Type-D (Long-lead Urgent)
879,H1087,101,FLAT,11.523,8.65,59.3148654285714,2018-04-14,2018-04-13,2018-05-21,29,99.67395,,,99.67395,1.3321387283236994,0.595088941780389,2018-04-13,2018-05-21,38,9,0.7631578947368421,0,Type-A (Standard Medium)
862,H1087,103,CURVED,29.101,15.68,240.0,2018-04-15,2018-04-08,2018-06-08,51,456.30368,,,456.30368,1.8559311224489796,0.5259655148956941,2018-04-08,2018-06-08,61,10,0.8360655737704918,2,Type-C (Large Heavy)
871,H1088,102,CURVED,26.372,14.65,240.0,2018-04-15,2018-04-14,2018-05-29,37,386.3498,,,386.3498,1.800136518771331,0.6211987168105173,2018-04-14,2018-05-29,45,8,0.8222222222222222,2,Type-C (Large Heavy)
797,H1087,801,FLAT,20.814,15.31,190.748198857143,2018-04-16,2018-04-11,2018-06-17,50,318.66234,,,318.66234000000003,1.3595035924232528,0.5985903412908565,2018-04-11,2018-06-17,67,17,0.746268656716418,2,Type-C (Large Heavy)
866,H1087,632,FLAT,13.38,17.28,136.463657142857,2018-04-16,2018-04-12,2018-06-09,15,231.2064,,,231.20640000000003,0.7743055555555556,0.5902243931952444,2018-04-12,2018-06-09,58,43,0.25862068965517243,3,Type-D (Long-lead Urgent)
787,H1088,111,FLAT,22.2,13.8,195.222857142857,2018-04-17,2018-04-10,2018-06-19,40,306.36,,,306.36,1.6086956521739129,0.6372335067987237,2018-04-10,2018-06-19,70,30,0.5714285714285714,2,Type-C (Large Heavy)
863,H1087,622,FLAT,13.38,17.28,136.463657142857,2018-04-17,2018-04-12,2018-06-10,15,231.2064,,,231.20640000000003,0.7743055555555556,0.5902243931952444,2018-04-12,2018-06-10,59,44,0.2542372881355932,3,Type-D (Long-lead Urgent)
792,H1088,154,FLAT,24.839,16.385,240.0,2018-04-20,2018-03-27,2018-06-19,40,406.987015,,,406.98701500000004,1.5159597192554164,0.5896994035546809,2018-03-27,2018-06-19,84,44,0.47619047619047616,2,Type-C (Large Heavy)
843,H1087,834,FLAT,26.0,13.72,240.0,2018-04-20,2018-04-15,2018-06-09,25,356.72,,,356.72,1.8950437317784257,0.6727965911639381,2018-04-15,2018-06-09,55,30,0.45454545454545453,2,Type-C (Large Heavy)
842,H1088,824,FLAT,14.342,13.72,112.551818285714,2018-04-20,2018-04-15,2018-06-09,25,196.77224,,,196.77224,1.04533527696793,0.5719903289494189,2018-04-15,2018-06-09,55,30,0.45454545454545453,3,Type-D (Long-lead Urgent)
859,H1087,835,FLAT,5.59,17.008,91.5771897142857,2018-04-21,2018-04-17,2018-06-05,28,95.07472,,,95.07472,0.3286688617121355,0.9632128258099072,2018-04-17,2018-06-05,49,21,0.5714285714285714,1,Type-B (Small Light)
858,H1088,825,FLAT,17.18,16.97,166.609514285714,2018-04-21,2018-04-17,2018-06-05,28,291.5446,,,291.5446,1.0123747790218032,0.5714717895159575,2018-04-17,2018-06-05,49,21,0.5714285714285714,1,Type-B (Small Light)
878,H1087,832,FLAT,15.0,10.3,94.5971428571429,2018-04-21,2018-04-18,2018-05-29,23,154.5,,,154.5,1.4563106796116503,0.6122792417938052,2018-04-18,2018-05-29,41,18,0.5609756097560976,0,Type-A (Standard Medium)
877,H1087,822,FLAT,12.6,10.3,75.6714285714286,2018-04-21,2018-04-18,2018-05-29,23,129.78,,,129.78,1.2233009708737863,0.5830746538097442,2018-04-18,2018-05-29,41,18,0.5609756097560976,0,Type-A (Standard Medium)
760,H1088,144,FLAT,17.566,15.678,158.389725714286,2018-04-22,2018-04-15,2018-07-06,49,275.399748,,,275.399748,1.120423523408598,0.5751266181779005,2018-04-15,2018-07-06,82,33,0.5975609756097561,1,Type-B (Small Light)
759,H1088,154,FLAT,19.932,15.976,186.433485714286,2018-04-22,2018-04-15,2018-07-07,51,318.433632,,,318.433632,1.2476214321482222,0.5854704622226776,2018-04-15,2018-07-07,83,32,0.6144578313253012,2,Type-C (Large Heavy)
849,H1087,143,FLAT,13.809,15.686,124.782593428571,2018-04-23,2018-04-18,2018-06-09,22,216.607974,,,216.60797399999998,0.8803391559352288,0.576075714685236,2018-04-18,2018-06-09,52,30,0.4230769230769231,3,Type-D (Long-lead Urgent)
850,H1087,153,FLAT,18.919,15.5,170.908160285714,2018-04-23,2018-04-18,2018-06-09,22,293.2445,,,293.2445,1.2205806451612904,0.5828179566393026,2018-04-18,2018-06-09,52,30,0.4230769230769231,3,Type-D (Long-lead Urgent)
795,H1087,183,FLAT,8.82,15.798,93.5340582857143,2018-04-23,2018-04-19,2018-06-22,22,139.33836,,,139.33836,0.5582985187998482,0.6712728518242521,2018-04-19,2018-06-22,64,42,0.34375,3,Type-D (Long-lead Urgent)
796,H1087,193,FLAT,15.59,15.978,142.384166857143,2018-04-23,2018-04-19,2018-06-22,22,249.09702,,,249.09702,0.9757166103392164,0.571601245398853,2018-04-19,2018-06-22,64,42,0.34375,3,Type-D (Long-lead Urgent)
765,H1087,124,FLAT,18.618,14.354,157.904925714286,2018-04-24,2018-04-18,2018-07-05,47,267.242772,,,267.24277199999995,1.2970600529469136,0.590866965390877,2018-04-18,2018-07-05,78,31,0.6025641025641025,2,Type-C (Large Heavy)
761,H1088,134,FLAT,22.828,14.354,207.758542857143,2018-04-24,2018-04-18,2018-07-06,48,327.673112,,,327.67311199999995,1.5903580883377457,0.6340420841644859,2018-04-18,2018-07-06,79,31,0.6075949367088608,2,Type-C (Large Heavy)
853,H1088,835,CURVED,7.416,16.884,97.1618605714286,2018-04-25,2018-04-19,2018-06-07,22,125.211744,,,125.21174400000001,0.43923240938166314,0.7759804110022507,2018-04-19,2018-06-07,49,27,0.4489795918367347,3,Type-D (Long-lead Urgent)
852,H1088,825,FLAT,19.167,16.931,186.866471428571,2018-04-25,2018-04-19,2018-06-07,22,324.516477,,,324.51647700000007,1.1320654420884768,0.5758304575350451,2018-04-19,2018-06-07,49,27,0.4489795918367347,3,Type-D (Long-lead Urgent)
873,H1088,832,FLAT,6.767,14.288,71.4112094285714,2018-04-25,2018-04-20,2018-06-05,18,96.686896,,,96.686896,0.4736142217245241,0.7385820869517974,2018-04-20,2018-06-05,46,28,0.391304347826087,3,Type-D (Long-lead Urgent)
872,H1088,822,FLAT,16.086,14.292,132.291617142857,2018-04-25,2018-04-20,2018-06-05,18,229.901112,,,229.90111199999998,1.1255247691015953,0.5754283482667845,2018-04-20,2018-06-05,46,28,0.391304347826087,3,Type-D (Long-lead Urgent)
824,H1088,631,FLAT,10.53,15.97,104.549085714286,2018-04-25,2018-04-25,2018-06-18,15,168.1641,,,168.1641,0.6593613024420788,0.6217087102079814,2018-04-25,2018-06-18,54,39,0.2777777777777778,3,Type-D (Long-lead Urgent)
812,H1087,803,FLAT,15.5,21.0,194.642857142857,2018-04-26,2018-04-25,2018-06-12,30,325.5,,,325.5,0.7380952380952381,0.5979811279350445,2018-04-25,2018-06-12,48,18,0.625,1,Type-B (Small Light)
815,H1087,283,FLAT,13.7,18.32,149.517828571429,2018-04-27,2018-04-20,2018-06-17,31,250.984,,,250.98399999999998,0.7478165938864628,0.5957265346453519,2018-04-20,2018-06-17,58,27,0.5344827586206896,1,Type-B (Small Light)
811,H1087,293,FLAT,22.5,18.32,240.0,2018-04-27,2018-04-20,2018-06-18,31,412.2,,,412.2,1.2281659388646289,0.5822416302765648,2018-04-20,2018-06-18,59,28,0.5254237288135594,2,Type-C (Large Heavy)
825,H1088,621,FLAT,8.95,15.97,95.7552571428572,2018-04-27,2018-04-27,2018-06-18,15,142.9315,,,142.9315,0.5604257983719473,0.6699380972203972,2018-04-27,2018-06-18,52,37,0.28846153846153844,3,Type-D (Long-lead Urgent)
789,H1088,273,FLAT,14.5,18.79,160.946885714286,2018-04-28,2018-04-27,2018-06-25,25,272.455,,,272.455,0.7716870675891432,0.590728324729904,2018-04-27,2018-06-25,59,34,0.423728813559322,3,Type-D (Long-lead Urgent)
788,H1088,263,FLAT,16.6,18.79,179.606885714286,2018-04-28,2018-04-27,2018-06-25,25,311.914,,,311.914,0.8834486428951571,0.5758218153538668,2018-04-27,2018-06-25,59,34,0.423728813559322,3,Type-D (Long-lead Urgent)
838,H1088,623,FLAT,13.38,18.79,152.025285714286,2018-04-29,2018-04-28,2018-06-15,15,251.4102,,,251.4102,0.7120808940926026,0.6046902063412145,2018-04-28,2018-06-15,48,33,0.3125,3,Type-D (Long-lead Urgent)
839,H1088,633,FLAT,13.38,18.79,152.025285714286,2018-04-29,2018-04-28,2018-06-15,15,251.4102,,,251.4102,0.7120808940926026,0.6046902063412145,2018-04-28,2018-06-15,48,33,0.3125,3,Type-D (Long-lead Urgent)
844,H1087,102,CURVED,19.76,18.47,209.028142857143,2018-04-29,2018-04-29,2018-06-06,21,364.9672,,,364.9672,1.0698429886302112,0.5727313108058559,2018-04-29,2018-06-06,38,17,0.5526315789473685,2,Type-C (Large Heavy)
777,H1088,261,FLAT,20.5,18.8,221.054285714286,2018-04-30,2018-04-30,2018-06-28,34,385.4,,,385.40000000000003,1.0904255319148937,0.5735710578990295,2018-04-30,2018-06-28,59,25,0.576271186440678,2,Type-C (Large Heavy)
771,H1088,628,FLAT,15.6,20.0,183.817142857143,2018-05-01,2018-04-24,2018-07-02,23,312.0,,,312.0,0.78,0.5891575091575096,2018-04-24,2018-07-02,69,46,0.3333333333333333,3,Type-D (Long-lead Urgent)
772,H1088,638,CURVED,15.6,20.0,183.817142857143,2018-05-01,2018-04-24,2018-07-02,23,312.0,,,312.0,0.78,0.5891575091575096,2018-04-24,2018-07-02,69,46,0.3333333333333333,3,Type-D (Long-lead Urgent)
820,H1088,133,FLAT,21.1,18.1,220.805714285714,2018-05-01,2018-04-30,2018-06-11,29,381.91,,,381.9100000000001,1.1657458563535912,0.5781616461619595,2018-04-30,2018-06-11,42,13,0.6904761904761905,2,Type-C (Large Heavy)
821,H1088,123,FLAT,20.9,18.1,218.405714285714,2018-05-02,2018-05-01,2018-06-11,29,378.29,,,378.29,1.154696132596685,0.5773499544944725,2018-05-01,2018-06-11,41,12,0.7073170731707317,2,Type-C (Large Heavy)
766,H1087,268,FLAT,10.8,20.0,147.611428571429,2018-05-02,2018-05-02,2018-07-04,29,216.0,,,216.0,0.54,0.6833862433862454,2018-05-02,2018-07-04,63,34,0.4603174603174603,3,Type-D (Long-lead Urgent)
776,H1088,271,FLAT,15.2,18.8,166.994285714286,2018-05-02,2018-05-02,2018-06-29,34,285.76,,,285.76,0.8085106382978723,0.5843864981602954,2018-05-02,2018-06-29,58,24,0.5862068965517241,1,Type-B (Small Light)
875,H1087,161,FLAT,13.792,9.4,79.5940754285714,2018-05-03,2018-05-03,2018-05-31,18,129.6448,,,129.6448,1.4672340425531913,0.6139395905471827,2018-05-03,2018-05-31,28,10,0.6428571428571429,0,Type-A (Standard Medium)
876,H1087,171,FLAT,16.655,9.4,104.499721428571,2018-05-03,2018-05-03,2018-05-31,18,156.557,,,156.55700000000002,1.771808510638298,0.6674867391976786,2018-05-03,2018-05-31,28,10,0.6428571428571429,0,Type-A (Standard Medium)
767,H1087,278,FLAT,10.8,20.0,147.611428571429,2018-05-03,2018-05-03,2018-07-04,28,216.0,,,216.0,0.54,0.6833862433862454,2018-05-03,2018-07-04,62,34,0.45161290322580644,3,Type-D (Long-lead Urgent)
779,H1087,272,FLAT,14.4,17.28,144.559542857143,2018-05-03,2018-05-03,2018-07-02,31,248.832,,,248.83200000000002,0.8333333333333333,0.5809523809523814,2018-05-03,2018-07-02,60,29,0.5166666666666667,1,Type-B (Small Light)
778,H1088,262,FLAT,14.6,17.28,146.216685714286,2018-05-03,2018-05-03,2018-07-02,31,252.288,,,252.288,0.8449074074074073,0.5795625860694364,2018-05-03,2018-07-02,60,29,0.5166666666666667,1,Type-B (Small Light)
840,H1088,103,FLAT,23.857,9.5,188.401842571429,2018-05-04,2018-05-02,2018-06-07,30,226.6415,,,226.6415,2.511263157894737,0.8312768957645841,2018-05-02,2018-06-07,36,6,0.8333333333333334,2,Type-C (Large Heavy)
836,H1088,194,FLAT,18.0,8.3,112.254285714286,2018-05-04,2018-05-03,2018-06-08,30,149.4,,,149.4,2.1686746987951806,0.7513673742589424,2018-05-03,2018-06-08,36,6,0.8333333333333334,0,Type-A (Standard Medium)
841,H1088,184,FLAT,13.9,8.3,74.8857142857143,2018-05-05,2018-05-03,2018-06-07,30,115.37,,,115.37000000000002,1.6746987951807228,0.649091742096856,2018-05-03,2018-06-07,35,5,0.8571428571428571,0,Type-A (Standard Medium)
845,H1087,182,FLAT,19.0,14.248,161.144429714286,2018-05-10,2018-05-09,2018-06-13,18,270.712,,,270.712,1.3335204941044358,0.5952614945561556,2018-05-09,2018-06-13,35,17,0.5142857142857142,0,Type-A (Standard Medium)
791,H1088,832,FLAT,6.662,14.583,73.4417522857143,2018-05-10,2018-05-10,2018-06-22,36,97.151946,,,97.151946,0.45683329904683534,0.755947310470902,2018-05-10,2018-06-22,43,7,0.8372093023255814,0,Type-A (Standard Medium)
790,H1088,822,CURVED,16.055,14.575,134.341042857143,2018-05-10,2018-05-10,2018-06-22,36,234.001625,,,234.001625,1.1015437392795884,0.574103033930397,2018-05-10,2018-06-22,43,7,0.8372093023255814,1,Type-B (Small Light)
832,H1087,182,FLAT,23.0,7.3,166.368571428571,2018-05-11,2018-05-07,2018-06-17,17,167.9,,,167.9,3.1506849315068495,0.9908789245299046,2018-05-07,2018-06-17,41,24,0.4146341463414634,0,Type-A (Standard Medium)
833,H1087,192,FLAT,13.889,7.3,70.3412345714286,2018-05-11,2018-05-07,2018-06-17,17,101.3897,,,101.38969999999999,1.9026027397260274,0.6937710099884762,2018-05-07,2018-06-17,41,24,0.4146341463414634,0,Type-A (Standard Medium)
846,H1087,192,FLAT,10.441,14.248,89.1485671428571,2018-05-11,2018-05-09,2018-06-13,18,148.763368,,,148.763368,0.7328046041549692,0.599264243216496,2018-05-09,2018-06-13,35,17,0.5142857142857142,0,Type-A (Standard Medium)
783,H1087,183,FLAT,7.507,14.276,74.3312071428571,2018-05-12,2018-05-06,2018-06-27,20,107.169932,,,107.16993199999999,0.5258475763519193,0.6935826659184323,2018-05-06,2018-06-27,52,32,0.38461538461538464,3,Type-D (Long-lead Urgent)
784,H1087,193,FLAT,14.445,14.246,117.601868857143,2018-05-12,2018-05-06,2018-06-27,20,205.78347,,,205.78347000000002,1.0139688333567316,0.5714835543260253,2018-05-06,2018-06-27,52,32,0.38461538461538464,3,Type-D (Long-lead Urgent)
816,H1087,642,FLAT,13.412,19.5,160.037641142857,2018-05-12,2018-05-07,2018-06-21,16,261.534,,,261.534,0.6877948717948719,0.6119190665185292,2018-05-07,2018-06-21,45,29,0.35555555555555557,3,Type-D (Long-lead Urgent)
817,H1087,652,CURVED,13.412,19.5,160.037641142857,2018-05-12,2018-05-07,2018-06-21,16,261.534,,,261.534,0.6877948717948719,0.6119190665185292,2018-05-07,2018-06-21,45,29,0.35555555555555557,3,Type-D (Long-lead Urgent)
798,H1087,125,FLAT,9.8,18.5,125.225714285714,2018-05-12,2018-05-11,2018-06-17,34,181.3,,,181.3,0.5297297297297298,0.6907099519344402,2018-05-11,2018-06-17,37,3,0.918918918918919,1,Type-B (Small Light)
834,H1087,123,FLAT,16.106,12.2,116.640924571429,2018-05-12,2018-05-11,2018-06-11,22,196.4932,,,196.4932,1.3201639344262297,0.5936130337916478,2018-05-11,2018-06-11,31,9,0.7096774193548387,0,Type-A (Standard Medium)
780,H1087,135,FLAT,13.1,18.5,146.817142857143,2018-05-12,2018-05-11,2018-06-27,43,242.35,,,242.35,0.7081081081081081,0.6058062424474645,2018-05-11,2018-06-27,47,4,0.9148936170212766,1,Type-B (Small Light)
835,H1088,133,CURVED,24.07,12.2,208.058542857143,2018-05-12,2018-05-11,2018-06-11,22,293.654,,,293.654,1.9729508196721313,0.7085159502582734,2018-05-11,2018-06-11,31,9,0.7096774193548387,2,Type-C (Large Heavy)
818,H1087,834,FLAT,7.062,14.636,75.4526685714286,2018-05-12,2018-05-12,2018-06-16,25,103.359432,,,103.359432,0.48250888220825366,0.730002740063709,2018-05-12,2018-06-16,35,10,0.7142857142857143,0,Type-A (Standard Medium)
813,H1087,824,FLAT,17.596,14.575,149.157097428571,2018-05-13,2018-05-12,2018-06-17,27,256.4617,,,256.4617,1.2072727272727273,0.5815959943670771,2018-05-12,2018-06-17,36,9,0.75,1,Type-B (Small Light)
800,H1087,836,FLAT,8.0,21.0,144.285714285714,2018-05-14,2018-05-11,2018-06-16,29,168.0,,,168.0,0.38095238095238093,0.8588435374149642,2018-05-11,2018-06-16,36,7,0.8055555555555556,1,Type-B (Small Light)
799,H1087,826,CURVED,20.5,21.0,240.0,2018-05-14,2018-05-11,2018-06-16,29,430.5,,,430.5,0.9761904761904762,0.5574912891986062,2018-05-11,2018-06-16,36,7,0.8055555555555556,2,Type-C (Large Heavy)
762,H1088,801,FLAT,28.614,19.075,240.0,2018-05-15,2018-05-06,2018-07-03,34,545.81205,,,545.81205,1.500078636959371,0.4397118018922448,2018-05-06,2018-07-03,58,24,0.5862068965517241,2,Type-C (Large Heavy)
851,H1088,144,FLAT,24.366,16.385,240.0,2018-05-15,2018-05-13,2018-06-06,15,399.23691,,,399.23691,1.4870918523039363,0.6011468228225691,2018-05-13,2018-06-06,24,9,0.625,2,Type-C (Large Heavy)
774,H1088,271,FLAT,17.8,16.0,163.668571428571,2018-05-16,2018-05-10,2018-07-01,32,284.8,,,284.8,1.1125,0.5746789727126791,2018-05-10,2018-07-01,52,20,0.6153846153846154,1,Type-B (Small Light)
773,H1088,261,FLAT,20.1,16.0,188.574285714286,2018-05-16,2018-05-10,2018-07-01,32,321.6,,,321.6,1.25625,0.5863628287135758,2018-05-10,2018-07-01,52,20,0.6153846153846154,2,Type-C (Large Heavy)
769,H1087,124,FLAT,21.0,18.1,219.602857142857,2018-05-17,2018-05-08,2018-07-02,25,380.1,,,380.1,1.160220994475138,0.5777502161085425,2018-05-08,2018-07-02,55,30,0.45454545454545453,2,Type-C (Large Heavy)
770,H1087,134,FLAT,21.0,18.1,219.602857142857,2018-05-17,2018-05-08,2018-07-02,25,380.1,,,380.1,1.160220994475138,0.5777502161085425,2018-05-08,2018-07-02,55,30,0.45454545454545453,2,Type-C (Large Heavy)
827,H1087,833,FLAT,7.281,14.575,75.8410245714286,2018-05-17,2018-05-17,2018-06-15,24,106.120575,,,106.12057499999999,0.4995540308747856,0.7146684285439333,2018-05-17,2018-06-15,29,5,0.8275862068965517,0,Type-A (Standard Medium)
826,H1088,823,CURVED,17.548,14.578,148.700110857143,2018-05-17,2018-05-17,2018-06-15,27,255.814744,,,255.81474399999996,1.203731650432158,0.581280455270174,2018-05-17,2018-06-15,29,2,0.9310344827586207,1,Type-B (Small Light)
801,H1087,292,FLAT,16.6,19.5,187.374285714286,2018-05-21,2018-05-15,2018-06-22,30,323.7,,,323.70000000000005,0.8512820512820514,0.5788516704179363,2018-05-15,2018-06-22,38,8,0.7894736842105263,1,Type-B (Small Light)
755,H1088,269,FLAT,10.5,18.9,133.56,2018-05-21,2018-05-18,2018-07-13,29,198.45,,,198.45,0.5555555555555556,0.6730158730158731,2018-05-18,2018-07-13,56,27,0.5178571428571429,1,Type-B (Small Light)
756,H1088,279,FLAT,10.5,18.9,133.56,2018-05-21,2018-05-18,2018-07-13,29,198.45,,,198.45,0.5555555555555556,0.6730158730158731,2018-05-18,2018-07-13,56,27,0.5178571428571429,1,Type-B (Small Light)
806,H1088,282,FLAT,14.7,19.5,170.382857142857,2018-05-22,2018-05-15,2018-06-21,30,286.65,,,286.65,0.7538461538461538,0.5943933617403001,2018-05-15,2018-06-21,37,7,0.8108108108108109,1,Type-B (Small Light)
814,H1087,112,FLAT,21.0,8.6,147.131428571429,2018-05-22,2018-05-17,2018-06-16,18,180.6,,,180.6,2.441860465116279,0.814681221325742,2018-05-17,2018-06-16,30,12,0.6,0,Type-A (Standard Medium)
855,H1088,834,FLAT,9.215,10.9,58.2074928571429,2018-05-22,2018-05-18,2018-06-12,19,100.4435,,,100.4435,0.8454128440366973,0.5795048246739999,2018-05-18,2018-06-12,25,6,0.76,0,Type-A (Standard Medium)
854,H1088,824,FLAT,15.665,11.094,105.276874571429,2018-05-22,2018-05-18,2018-06-12,19,173.78751,,,173.78750999999997,1.4120245177573463,0.605779290879011,2018-05-18,2018-06-12,25,6,0.76,0,Type-A (Standard Medium)
775,H1088,102,FLAT,16.588,12.377,122.386249428571,2018-05-22,2018-05-21,2018-06-26,35,205.309676,,,205.30967600000002,1.340227841964935,0.59610560891719,2018-05-21,2018-06-26,36,1,0.9722222222222222,0,Type-A (Standard Medium)
860,H1087,833,FLAT,8.709,14.287,79.9900142857143,2018-05-22,2018-05-22,2018-06-12,16,124.425483,,,124.425483,0.6095751382375586,0.6428748545481981,2018-05-22,2018-06-12,21,5,0.7619047619047619,0,Type-A (Standard Medium)
837,H1088,823,FLAT,16.231,14.307,133.753031428571,2018-05-22,2018-05-22,2018-06-17,18,232.216917,,,232.21691700000002,1.1344796253582163,0.5759831503945554,2018-05-22,2018-06-17,26,8,0.6923076923076923,0,Type-A (Standard Medium)
763,H1087,629,CURVED,15.6,18.9,171.591428571429,2018-05-23,2018-05-12,2018-07-06,32,294.84,,,294.84,0.8253968253968255,0.5819815105529406,2018-05-12,2018-07-06,55,23,0.5818181818181818,1,Type-B (Small Light)
764,H1087,639,FLAT,15.6,18.9,171.591428571429,2018-05-23,2018-05-12,2018-07-06,32,294.84,,,294.84,0.8253968253968255,0.5819815105529406,2018-05-12,2018-07-06,55,23,0.5818181818181818,1,Type-B (Small Light)
785,H1087,122,FLAT,12.0,12.3,84.3685714285714,2018-05-23,2018-05-16,2018-07-01,28,147.6,,,147.60000000000002,0.975609756097561,0.5716027874564457,2018-05-16,2018-07-01,46,18,0.6086956521739131,0,Type-A (Standard Medium)
786,H1087,132,FLAT,10.219,12.3,73.0622745714286,2018-05-23,2018-05-16,2018-07-01,28,125.6937,,,125.6937,0.8308130081300812,0.5812723674410778,2018-05-16,2018-07-01,46,18,0.6086956521739131,0,Type-A (Standard Medium)
736,H1087,101,CURVED,11.523,8.65,59.3148654285714,2018-05-23,2018-05-18,2018-07-22,28,99.67395,,,99.67395,1.3321387283236994,0.595088941780389,2018-05-18,2018-07-22,65,37,0.4307692307692308,0,Type-A (Standard Medium)
808,H1088,653,CURVED,11.2,17.72,125.553828571429,2018-05-23,2018-05-20,2018-06-23,16,198.464,,,198.46399999999997,0.6320541760722348,0.6326277237757427,2018-05-20,2018-06-23,34,18,0.47058823529411764,3,Type-D (Long-lead Urgent)
807,H1088,643,FLAT,13.412,17.72,141.108612571429,2018-05-23,2018-05-20,2018-06-23,16,237.66064,,,237.66064,0.7568848758465012,0.5937399334253624,2018-05-20,2018-06-23,34,18,0.47058823529411764,3,Type-D (Long-lead Urgent)
685,H1087,110,FLAT,12.0,5.487,49.7449054285714,2018-05-24,2018-05-19,2018-07-24,41,65.844,,,65.844,2.1869874248223073,0.7554964070920874,2018-05-19,2018-07-24,66,25,0.6212121212121212,0,Type-A (Standard Medium)
725,H1088,123,FLAT,16.13,18.505,172.174835714286,2018-05-27,2018-05-22,2018-07-26,42,298.48565,,,298.48564999999996,0.8716563091056471,0.5768278498959196,2018-05-22,2018-07-26,65,23,0.6461538461538462,1,Type-B (Small Light)
726,H1088,133,FLAT,23.777,18.85,240.0,2018-05-27,2018-05-22,2018-07-26,42,448.19645,,,448.19645,1.2613793103448276,0.5354794755737132,2018-05-22,2018-07-26,65,23,0.6461538461538462,2,Type-C (Large Heavy)
741,H1088,143,FLAT,5.23,16.375,84.4267214285714,2018-05-28,2018-05-24,2018-07-23,35,85.64125,,,85.64125000000001,0.31938931297709927,0.9858184161087254,2018-05-24,2018-07-23,60,25,0.5833333333333334,1,Type-B (Small Light)
742,H1088,153,FLAT,15.0,16.375,140.897321428571,2018-05-28,2018-05-24,2018-07-23,35,245.625,,,245.625,0.916030534351145,0.573627771719373,2018-05-24,2018-07-23,60,25,0.5833333333333334,1,Type-B (Small Light)
656,H1087,124,FLAT,21.0,18.1,219.602857142857,2018-05-30,2018-05-23,2018-08-17,26,380.1,,,380.1,1.160220994475138,0.5777502161085425,2018-05-23,2018-08-17,86,60,0.3023255813953488,3,Type-D (Long-lead Urgent)
657,H1087,134,FLAT,21.0,18.1,219.602857142857,2018-05-30,2018-05-23,2018-08-17,26,380.1,,,380.1,1.160220994475138,0.5777502161085425,2018-05-23,2018-08-17,86,60,0.3023255813953488,3,Type-D (Long-lead Urgent)
781,H1087,142,CURVED,16.252,5.15,83.0428582857143,2018-05-31,2018-05-26,2018-07-05,30,83.6978,,,83.6978,3.1557281553398053,0.9921749231845317,2018-05-26,2018-07-05,40,10,0.75,0,Type-A (Standard Medium)
782,H1087,152,FLAT,16.252,5.15,83.0428582857143,2018-05-31,2018-05-26,2018-07-05,30,83.6978,,,83.6978,3.1557281553398053,0.9921749231845317,2018-05-26,2018-07-05,40,10,0.75,0,Type-A (Standard Medium)
697,H1088,683,FLAT,16.6,18.9,180.791428571429,2018-06-01,2018-05-16,2018-08-04,24,313.74,,,313.74,0.8783068783068785,0.5762460271926723,2018-05-16,2018-08-04,80,56,0.3,3,Type-D (Long-lead Urgent)
698,H1088,693,FLAT,16.6,18.9,180.791428571429,2018-06-01,2018-05-16,2018-08-04,24,313.74,,,313.74,0.8783068783068785,0.5762460271926723,2018-05-16,2018-08-04,80,56,0.3,3,Type-D (Long-lead Urgent)
768,H1087,101,FLAT,13.007,16.37,124.902556857143,2018-06-01,2018-05-30,2018-06-27,22,212.92459,,,212.92459,0.7945632254123396,0.5866046606319307,2018-05-30,2018-06-27,28,6,0.7857142857142857,1,Type-B (Small Light)
671,H1087,183,FLAT,11.2,20.0,150.125714285714,2018-06-02,2018-05-26,2018-08-10,35,224.0,,,224.0,0.5599999999999999,0.6702040816326518,2018-05-26,2018-08-10,76,41,0.4605263157894737,1,Type-B (Small Light)
746,H1088,103,FLAT,24.0,11.0,199.142857142857,2018-06-02,2018-05-27,2018-07-13,38,264.0,,,264.0,2.1818181818181817,0.7543290043290037,2018-05-27,2018-07-13,47,9,0.8085106382978723,2,Type-C (Large Heavy)
678,H1088,193,FLAT,19.9,20.0,227.431428571429,2018-06-03,2018-05-26,2018-08-09,35,398.0,,,398.0,0.9949999999999999,0.5714357501794698,2018-05-26,2018-08-09,75,40,0.4666666666666667,2,Type-C (Large Heavy)
666,H1088,261,FLAT,19.155,12.423,148.927129714286,2018-06-03,2018-05-28,2018-08-12,39,237.962565,,,237.962565,1.5418980922482493,0.6258426812397403,2018-05-28,2018-08-12,76,37,0.5131578947368421,2,Type-C (Large Heavy)
667,H1087,271,FLAT,21.56,12.423,176.904151142857,2018-06-03,2018-05-28,2018-08-12,39,267.83988,,,267.83988,1.735490622232955,0.6604847311866217,2018-05-28,2018-08-12,76,37,0.5131578947368421,2,Type-C (Large Heavy)
636,H1087,144,FLAT,15.117,16.07,139.076739714286,2018-06-03,2018-05-29,2018-08-24,25,242.93019,,,242.93019,0.9406969508400748,0.5724967313213972,2018-05-29,2018-08-24,87,62,0.28735632183908044,3,Type-D (Long-lead Urgent)
643,H1088,154,FLAT,19.39,16.07,181.204857142857,2018-06-03,2018-05-29,2018-08-23,24,311.5973,,,311.5973,1.206596141879278,0.581535389243928,2018-05-29,2018-08-23,86,62,0.27906976744186046,3,Type-D (Long-lead Urgent)
595,H1088,283,FLAT,18.4,18.9,198.791428571429,2018-06-03,2018-05-29,2018-08-23,43,347.76,,,347.75999999999993,0.9735449735449735,0.5716339675967019,2018-05-29,2018-08-23,86,43,0.5,2,Type-C (Large Heavy)
600,H1088,293,FLAT,19.5,18.9,210.702857142857,2018-06-03,2018-05-29,2018-08-20,43,368.55,,,368.54999999999995,1.0317460317460319,0.5717076574219428,2018-05-29,2018-08-20,83,40,0.5180722891566265,2,Type-C (Large Heavy)
683,H1087,182,FLAT,7.9,19.9,130.977142857143,2018-06-04,2018-05-27,2018-08-09,40,157.21,,,157.21,0.39698492462311563,0.8331349332557916,2018-05-27,2018-08-09,74,34,0.5405405405405406,1,Type-B (Small Light)
684,H1087,192,FLAT,23.8,19.9,240.0,2018-06-04,2018-05-27,2018-08-09,40,473.62,,,473.62,1.1959798994974875,0.5067353574595668,2018-05-27,2018-08-09,74,34,0.5405405405405406,2,Type-C (Large Heavy)
747,H1087,184,FLAT,13.9,8.3,74.8857142857143,2018-06-04,2018-05-28,2018-07-15,28,115.37,,,115.37000000000002,1.6746987951807228,0.649091742096856,2018-05-28,2018-07-15,48,20,0.5833333333333334,0,Type-A (Standard Medium)
748,H1087,194,FLAT,18.0,8.3,112.254285714286,2018-06-04,2018-05-28,2018-07-15,28,149.4,,,149.4,2.1686746987951806,0.7513673742589424,2018-05-28,2018-07-15,48,20,0.5833333333333334,0,Type-A (Standard Medium)
596,H1088,294,FLAT,20.0,18.4,211.017142857143,2018-06-04,2018-05-29,2018-08-22,45,368.0,,,368.0,1.0869565217391306,0.5734161490683234,2018-05-29,2018-08-22,85,40,0.5294117647058824,2,Type-C (Large Heavy)
711,H1088,103,FLAT,23.857,9.5,188.401842571429,2018-06-04,2018-06-02,2018-07-28,34,226.6415,,,226.6415,2.511263157894737,0.8312768957645841,2018-06-02,2018-07-28,56,22,0.6071428571428571,2,Type-C (Large Heavy)
753,H1087,161,FLAT,14.057,15.486,124.975841428571,2018-06-05,2018-05-28,2018-07-13,37,217.686702,,,217.68670200000003,0.9077231047397649,0.574108754831386,2018-05-28,2018-07-13,46,9,0.8043478260869565,1,Type-B (Small Light)
754,H1087,171,CURVED,20.177,15.486,184.836435714286,2018-06-05,2018-05-28,2018-07-13,37,312.461022,,,312.461022,1.302918765336433,0.5915503781277589,2018-05-28,2018-07-13,46,9,0.8043478260869565,2,Type-C (Large Heavy)
658,H1087,101,FLAT,30.66,9.4,240.0,2018-06-05,2018-05-29,2018-08-15,31,288.204,,,288.204,3.2617021276595746,0.8327434733730275,2018-05-29,2018-08-15,78,47,0.3974358974358974,2,Type-C (Large Heavy)
659,H1088,101,FLAT,30.66,9.4,240.0,2018-06-05,2018-05-29,2018-08-15,31,288.204,,,288.204,3.2617021276595746,0.8327434733730275,2018-05-29,2018-08-15,78,47,0.3974358974358974,2,Type-C (Large Heavy)
589,H1087,284,FLAT,20.0,18.4,211.017142857143,2018-06-05,2018-05-29,2018-08-23,45,368.0,,,368.0,1.0869565217391306,0.5734161490683234,2018-05-29,2018-08-23,86,41,0.5232558139534884,2,Type-C (Large Heavy)
668,H1087,112,FLAT,20.0,5.15,121.863571428571,2018-06-06,2018-05-30,2018-07-27,41,103.0,,,103.0,3.8834951456310676,1.1831414701803011,2018-05-30,2018-07-27,58,17,0.7068965517241379,0,Type-A (Standard Medium)
613,H1088,144,FLAT,15.117,16.07,139.076739714286,2018-06-06,2018-06-01,2018-08-26,25,242.93019,,,242.93019,0.9406969508400748,0.5724967313213972,2018-06-01,2018-08-26,86,61,0.29069767441860467,3,Type-D (Long-lead Urgent)
614,H1088,154,FLAT,19.39,16.07,181.204857142857,2018-06-06,2018-06-01,2018-08-26,25,311.5973,,,311.5973,1.206596141879278,0.581535389243928,2018-06-01,2018-08-26,86,61,0.29069767441860467,3,Type-D (Long-lead Urgent)
687,H1087,801,FLAT,20.814,15.31,190.748198857143,2018-06-06,2018-06-04,2018-08-06,33,318.66234,,,318.66234000000003,1.3595035924232528,0.5985903412908565,2018-06-04,2018-08-06,63,30,0.5238095238095238,2,Type-C (Large Heavy)
679,H1088,272,FLAT,15.89,20.773,195.431322571429,2018-06-07,2018-05-29,2018-08-11,33,330.08297,,,330.08297,0.7649352524912146,0.592067268939773,2018-05-29,2018-08-11,74,41,0.44594594594594594,3,Type-D (Long-lead Urgent)
699,H1087,144,FLAT,24.366,16.385,240.0,2018-06-07,2018-05-29,2018-08-01,38,399.23691,,,399.23691,1.4870918523039363,0.6011468228225691,2018-05-29,2018-08-01,64,26,0.59375,2,Type-C (Large Heavy)
680,H1088,262,FLAT,11.65,20.773,162.068579714286,2018-06-08,2018-05-29,2018-08-11,33,242.00545,,,242.00545,0.560824146728927,0.6696897929955131,2018-05-29,2018-08-11,74,41,0.44594594594594594,3,Type-D (Long-lead Urgent)
692,H1088,154,FLAT,24.839,16.385,240.0,2018-06-08,2018-05-29,2018-08-03,39,406.987015,,,406.98701500000004,1.5159597192554164,0.5896994035546809,2018-05-29,2018-08-03,66,27,0.5909090909090909,2,Type-C (Large Heavy)
700,H1087,143,CURVED,14.606,16.186,135.806237714286,2018-06-08,2018-06-03,2018-08-02,26,236.412716,,,236.412716,0.9023847769677499,0.5744455713384131,2018-06-03,2018-08-02,60,34,0.43333333333333335,3,Type-D (Long-lead Urgent)
701,H1087,153,FLAT,19.167,16.07,178.748225428571,2018-06-08,2018-06-03,2018-08-02,26,308.01369,,,308.01369000000005,1.1927193528313629,0.5803255869197599,2018-06-03,2018-08-02,60,34,0.43333333333333335,3,Type-D (Long-lead Urgent)
686,H1087,162,FLAT,18.5,15.5,166.428571428571,2018-06-09,2018-06-01,2018-08-05,32,286.75,,,286.75,1.1935483870967742,0.5803960642670305,2018-06-01,2018-08-05,65,33,0.49230769230769234,1,Type-B (Small Light)
615,H1088,172,FLAT,18.5,15.698,168.193486857143,2018-06-09,2018-06-01,2018-08-23,32,290.413,,,290.413,1.1784940756784303,0.579152747491135,2018-06-01,2018-08-23,83,51,0.3855421686746988,3,Type-D (Long-lead Urgent)
727,H1088,102,CURVED,26.372,14.65,240.0,2018-06-09,2018-06-04,2018-07-24,35,386.3498,,,386.3498,1.800136518771331,0.6211987168105173,2018-06-04,2018-07-24,50,15,0.7,2,Type-C (Large Heavy)
728,H1088,102,FLAT,26.372,14.65,240.0,2018-06-09,2018-06-04,2018-07-24,35,386.3498,,,386.3498,1.800136518771331,0.6211987168105173,2018-06-04,2018-07-24,50,15,0.7,2,Type-C (Large Heavy)
745,H1088,104,CURVED,18.3,18.2,190.322857142857,2018-06-09,2018-06-07,2018-07-25,21,333.06,,,333.06,1.0054945054945055,0.571437149891482,2018-06-07,2018-07-25,48,27,0.4375,3,Type-D (Long-lead Urgent)
693,H1088,322,FLAT,12.4,19.6,153.691428571429,2018-06-09,2018-06-08,2018-08-02,39,243.04,,,243.04000000000002,0.6326530612244897,0.6323709207185195,2018-06-08,2018-08-02,55,16,0.7090909090909091,1,Type-B (Small Light)
694,H1088,332,FLAT,12.4,19.6,153.691428571429,2018-06-09,2018-06-08,2018-08-02,39,243.04,,,243.04000000000002,0.6326530612244897,0.6323709207185195,2018-06-08,2018-08-02,55,16,0.7090909090909091,1,Type-B (Small Light)
661,H1088,836,FLAT,6.45,21.691,146.314851714286,2018-06-10,2018-06-03,2018-08-09,55,139.90695,,,139.90695,0.29735835138997746,1.0458011679497408,2018-06-03,2018-08-09,67,12,0.8208955223880597,1,Type-B (Small Light)
628,H1088,125,CURVED,9.8,18.5,125.225714285714,2018-06-10,2018-06-03,2018-08-23,42,181.3,,,181.3,0.5297297297297298,0.6907099519344402,2018-06-03,2018-08-23,81,39,0.5185185185185185,1,Type-B (Small Light)
629,H1088,135,FLAT,13.1,18.5,146.817142857143,2018-06-10,2018-06-03,2018-08-23,42,242.35,,,242.35,0.7081081081081081,0.6058062424474645,2018-06-03,2018-08-23,81,39,0.5185185185185185,1,Type-B (Small Light)
719,H1087,801,FLAT,20.814,15.31,190.748198857143,2018-06-10,2018-06-03,2018-07-27,33,318.66234,,,318.66234000000003,1.3595035924232528,0.5985903412908565,2018-06-03,2018-07-27,54,21,0.6111111111111112,2,Type-C (Large Heavy)
660,H1088,826,FLAT,20.852,21.691,240.0,2018-06-10,2018-06-03,2018-08-09,55,452.300732,,,452.300732,0.9613203632843115,0.5306204103158516,2018-06-03,2018-08-09,67,12,0.8208955223880597,2,Type-C (Large Heavy)
720,H1087,103,FLAT,23.857,9.5,188.401842571429,2018-06-10,2018-06-05,2018-07-26,34,226.6415,,,226.6415,2.511263157894737,0.8312768957645841,2018-06-05,2018-07-26,51,17,0.6666666666666666,2,Type-C (Large Heavy)
650,H1088,628,FLAT,15.6,20.0,183.817142857143,2018-06-11,2018-06-04,2018-08-20,23,312.0,,,312.0,0.78,0.5891575091575096,2018-06-04,2018-08-20,77,54,0.2987012987012987,3,Type-D (Long-lead Urgent)
651,H1087,638,FLAT,15.6,20.0,183.817142857143,2018-06-11,2018-06-04,2018-08-20,23,312.0,,,312.0,0.78,0.5891575091575096,2018-06-04,2018-08-20,77,54,0.2987012987012987,3,Type-D (Long-lead Urgent)
712,H1088,134,FLAT,19.318,18.5,204.410035428571,2018-06-11,2018-06-04,2018-07-28,44,357.383,,,357.38300000000004,1.0442162162162163,0.5719635109352459,2018-06-04,2018-07-28,54,10,0.8148148148148148,2,Type-C (Large Heavy)
730,H1088,331,FLAT,8.6,20.5,141.202857142857,2018-06-12,2018-06-02,2018-07-28,32,176.3,,,176.29999999999998,0.4195121951219512,0.8009237501012877,2018-06-02,2018-07-28,56,24,0.5714285714285714,1,Type-B (Small Light)
729,H1088,321,FLAT,14.8,20.5,182.654285714286,2018-06-12,2018-06-02,2018-07-28,32,303.4,,,303.40000000000003,0.7219512195121952,0.6020246727563809,2018-06-02,2018-07-28,56,24,0.5714285714285714,1,Type-B (Small Light)
713,H1088,124,FLAT,16.142,18.85,175.967618285714,2018-06-12,2018-06-05,2018-07-28,44,304.2767,,,304.2767,0.856339522546419,0.578314469315968,2018-06-05,2018-07-28,53,9,0.8301886792452831,1,Type-B (Small Light)
731,H1087,101,FLAT,11.523,8.65,59.3148654285714,2018-06-12,2018-06-07,2018-07-24,28,99.67395,,,99.67395,1.3321387283236994,0.595088941780389,2018-06-07,2018-07-24,47,19,0.5957446808510638,0,Type-A (Standard Medium)
705,H1087,123,FLAT,20.9,18.1,218.405714285714,2018-06-13,2018-06-06,2018-07-29,28,378.29,,,378.29,1.154696132596685,0.5773499544944725,2018-06-06,2018-07-29,53,25,0.5283018867924528,2,Type-C (Large Heavy)
706,H1087,123,FLAT,20.9,18.1,218.405714285714,2018-06-13,2018-06-06,2018-07-29,28,378.29,,,378.29,1.154696132596685,0.5773499544944725,2018-06-06,2018-07-29,53,25,0.5283018867924528,2,Type-C (Large Heavy)
707,H1088,133,FLAT,21.1,18.1,220.805714285714,2018-06-13,2018-06-06,2018-07-29,28,381.91,,,381.9100000000001,1.1657458563535912,0.5781616461619595,2018-06-06,2018-07-29,53,25,0.5283018867924528,2,Type-C (Large Heavy)
708,H1088,133,FLAT,21.1,18.1,220.805714285714,2018-06-13,2018-06-06,2018-07-29,28,381.91,,,381.9100000000001,1.1657458563535912,0.5781616461619595,2018-06-06,2018-07-29,53,25,0.5283018867924528,2,Type-C (Large Heavy)
695,H1088,221,FLAT,15.0,15.97,137.154542857143,2018-06-13,2018-06-12,2018-08-16,12,239.55,,,239.55,0.939261114589856,0.5725507946447214,2018-06-12,2018-08-16,65,53,0.18461538461538463,3,Type-D (Long-lead Urgent)
696,H1088,221,FLAT,16.0,15.97,146.011685714286,2018-06-13,2018-06-12,2018-08-16,12,255.52,,,255.52,1.0018785222291797,0.5714295777797667,2018-06-12,2018-08-16,65,53,0.18461538461538463,3,Type-D (Long-lead Urgent)
703,H1087,834,FLAT,7.062,14.636,75.4526685714286,2018-06-15,2018-06-08,2018-08-02,33,103.359432,,,103.359432,0.48250888220825366,0.730002740063709,2018-06-08,2018-08-02,55,22,0.6,0,Type-A (Standard Medium)
749,H1087,161,FLAT,13.792,9.4,79.5940754285714,2018-06-15,2018-06-08,2018-07-20,17,129.6448,,,129.6448,1.4672340425531913,0.6139395905471827,2018-06-08,2018-07-20,42,25,0.40476190476190477,0,Type-A (Standard Medium)
750,H1087,161,FLAT,13.792,9.4,79.5940754285714,2018-06-15,2018-06-08,2018-07-20,17,129.6448,,,129.6448,1.4672340425531913,0.6139395905471827,2018-06-08,2018-07-20,42,25,0.40476190476190477,0,Type-A (Standard Medium)
743,H1088,142,FLAT,8.276,16.07,93.3534502857143,2018-06-15,2018-06-08,2018-07-25,22,132.99532,,,132.99532,0.5149968886123211,0.7019303407496919,2018-06-08,2018-07-25,47,25,0.46808510638297873,3,Type-D (Long-lead Urgent)
751,H1087,171,FLAT,16.655,9.4,104.499721428571,2018-06-15,2018-06-08,2018-07-20,17,156.557,,,156.55700000000002,1.771808510638298,0.6674867391976786,2018-06-08,2018-07-20,42,25,0.40476190476190477,0,Type-A (Standard Medium)
752,H1087,171,FLAT,16.655,9.4,104.499721428571,2018-06-15,2018-06-08,2018-07-20,17,156.557,,,156.55700000000002,1.771808510638298,0.6674867391976786,2018-06-08,2018-07-20,42,25,0.40476190476190477,0,Type-A (Standard Medium)
744,H1088,152,FLAT,15.186,16.07,139.674141714286,2018-06-15,2018-06-08,2018-07-25,22,244.03902,,,244.03902,0.9449906658369632,0.572343478982525,2018-06-08,2018-07-25,47,25,0.46808510638297873,3,Type-D (Long-lead Urgent)
702,H1087,824,FLAT,17.596,14.575,149.157097428571,2018-06-15,2018-06-08,2018-08-02,33,256.4617,,,256.4617,1.2072727272727273,0.5815959943670771,2018-06-08,2018-08-02,55,22,0.6,1,Type-B (Small Light)
733,H1087,835,FLAT,5.59,17.008,91.5771897142857,2018-06-15,2018-06-10,2018-07-25,26,95.07472,,,95.07472,0.3286688617121355,0.9632128258099072,2018-06-10,2018-07-25,45,19,0.5777777777777777,1,Type-B (Small Light)
732,H1087,825,FLAT,17.18,16.97,166.609514285714,2018-06-15,2018-06-10,2018-07-25,26,291.5446,,,291.5446,1.0123747790218032,0.5714717895159575,2018-06-10,2018-07-25,45,19,0.5777777777777777,1,Type-B (Small Light)
709,H1088,173,CURVED,16.387,11.151,112.25102,2018-06-16,2018-06-08,2018-08-02,22,182.731437,,,182.731437,1.4695543000627747,0.6142950651671393,2018-06-08,2018-08-02,55,33,0.4,0,Type-A (Standard Medium)
704,H1087,163,FLAT,16.387,11.151,112.25102,2018-06-17,2018-06-09,2018-08-03,22,182.731437,,,182.731437,1.4695543000627747,0.6142950651671393,2018-06-09,2018-08-03,55,33,0.4,0,Type-A (Standard Medium)
740,H1088,832,FLAT,14.0,10.3,86.3114285714286,2018-06-17,2018-06-10,2018-07-27,22,144.2,,,144.20000000000002,1.3592233009708736,0.59855359619576,2018-06-10,2018-07-27,47,25,0.46808510638297873,0,Type-A (Standard Medium)
715,H1087,833,FLAT,7.281,14.575,75.8410245714286,2018-06-17,2018-06-10,2018-08-02,31,106.120575,,,106.12057499999999,0.4995540308747856,0.7146684285439333,2018-06-10,2018-08-02,53,22,0.5849056603773585,0,Type-A (Standard Medium)
739,H1088,822,FLAT,12.6,10.3,75.6714285714286,2018-06-17,2018-06-10,2018-07-27,22,129.78,,,129.78,1.2233009708737863,0.5830746538097442,2018-06-10,2018-07-27,47,25,0.46808510638297873,0,Type-A (Standard Medium)
737,H1087,142,FLAT,8.276,16.07,93.3534502857143,2018-06-17,2018-06-10,2018-07-27,22,132.99532,,,132.99532,0.5149968886123211,0.7019303407496919,2018-06-10,2018-07-27,47,25,0.46808510638297873,3,Type-D (Long-lead Urgent)
738,H1087,152,FLAT,15.186,16.07,139.674141714286,2018-06-17,2018-06-10,2018-07-27,22,244.03902,,,244.03902,0.9449906658369632,0.572343478982525,2018-06-10,2018-07-27,47,25,0.46808510638297873,3,Type-D (Long-lead Urgent)
714,H1088,823,FLAT,17.548,14.578,148.700110857143,2018-06-17,2018-06-10,2018-08-02,31,255.814744,,,255.81474399999996,1.203731650432158,0.581280455270174,2018-06-10,2018-08-02,53,22,0.5849056603773585,1,Type-B (Small Light)
682,H1088,694,CURVED,16.7,18.4,176.414285714286,2018-06-17,2018-06-10,2018-08-09,38,307.28,,,307.28,0.907608695652174,0.5741157436679446,2018-06-10,2018-08-09,60,22,0.6333333333333333,1,Type-B (Small Light)
681,H1088,684,FLAT,17.5,18.4,184.231428571429,2018-06-17,2018-06-10,2018-08-09,38,322.0,,,322.0,0.9510869565217392,0.5721472937000901,2018-06-10,2018-08-09,60,22,0.6333333333333333,1,Type-B (Small Light)
722,H1087,835,FLAT,5.59,17.008,91.5771897142857,2018-06-17,2018-06-12,2018-07-28,27,95.07472,,,95.07472,0.3286688617121355,0.9632128258099072,2018-06-12,2018-07-28,46,19,0.5869565217391305,1,Type-B (Small Light)
721,H1087,825,FLAT,17.18,16.97,166.609514285714,2018-06-17,2018-06-12,2018-07-28,27,291.5446,,,291.5446,1.0123747790218032,0.5714717895159575,2018-06-12,2018-07-28,46,19,0.5869565217391305,1,Type-B (Small Light)
688,H1087,231,FLAT,14.308,15.97,131.359932571429,2018-06-17,2018-06-13,2018-08-16,14,228.49876,,,228.49876,0.8959298685034439,0.5748824745107107,2018-06-13,2018-08-16,64,50,0.21875,3,Type-D (Long-lead Urgent)
689,H1087,231,FLAT,14.308,15.97,131.359932571429,2018-06-17,2018-06-13,2018-08-16,14,228.49876,,,228.49876,0.8959298685034439,0.5748824745107107,2018-06-13,2018-08-16,64,50,0.21875,3,Type-D (Long-lead Urgent)
670,H1087,835,FLAT,17.0,17.3,168.082857142857,2018-06-19,2018-06-12,2018-08-13,40,294.1,,,294.1,0.9826589595375722,0.5715160052460285,2018-06-12,2018-08-13,62,22,0.6451612903225806,1,Type-B (Small Light)
735,H1087,832,FLAT,13.0,10.3,78.5971428571429,2018-06-19,2018-06-12,2018-07-29,22,133.9,,,133.9,1.262135922330097,0.5869838898965115,2018-06-12,2018-07-29,47,25,0.46808510638297873,0,Type-A (Standard Medium)
734,H1087,822,FLAT,12.6,10.3,75.6714285714286,2018-06-19,2018-06-12,2018-07-29,22,129.78,,,129.78,1.2233009708737863,0.5830746538097442,2018-06-12,2018-07-29,47,25,0.46808510638297873,0,Type-A (Standard Medium)
669,H1087,825,FLAT,18.455,17.3,182.822007142857,2018-06-19,2018-06-12,2018-08-13,40,319.2715,,,319.2715,1.0667630057803468,0.5726223829651472,2018-06-12,2018-08-13,62,22,0.6451612903225806,1,Type-B (Small Light)
716,H1087,834,FLAT,25.0,13.72,232.353828571429,2018-06-20,2018-06-15,2018-07-30,26,343.0,,,343.0,1.8221574344023324,0.6774164098292391,2018-06-15,2018-07-30,45,19,0.5777777777777777,2,Type-C (Large Heavy)
710,H1088,834,FLAT,24.0,13.72,218.353828571429,2018-06-23,2018-06-18,2018-08-01,25,329.28,,,329.28000000000003,1.749271137026239,0.6631250867694028,2018-06-18,2018-08-01,44,19,0.5681818181818182,2,Type-C (Large Heavy)
665,H1088,832,FLAT,6.662,14.583,73.4417522857143,2018-06-25,2018-06-18,2018-08-16,35,97.151946,,,97.151946,0.45683329904683534,0.755947310470902,2018-06-18,2018-08-16,59,24,0.5932203389830508,0,Type-A (Standard Medium)
664,H1088,822,CURVED,16.055,14.575,134.341042857143,2018-06-25,2018-06-18,2018-08-16,35,234.001625,,,234.001625,1.1015437392795884,0.574103033930397,2018-06-18,2018-08-16,59,24,0.5932203389830508,1,Type-B (Small Light)
723,H1088,182,FLAT,18.0,14.248,150.573001142857,2018-06-26,2018-06-19,2018-08-02,19,256.464,,,256.464,1.2633352049410445,0.5871116458561709,2018-06-19,2018-08-02,44,25,0.4318181818181818,3,Type-D (Long-lead Urgent)
724,H1088,192,FLAT,10.441,14.248,89.1485671428571,2018-06-26,2018-06-19,2018-08-02,19,148.763368,,,148.763368,0.7328046041549692,0.599264243216496,2018-06-19,2018-08-02,44,25,0.4318181818181818,0,Type-A (Standard Medium)
690,H1087,143,FLAT,14.606,16.186,135.806237714286,2018-06-26,2018-06-21,2018-08-05,26,236.412716,,,236.412716,0.9023847769677499,0.5744455713384131,2018-06-21,2018-08-05,45,19,0.5777777777777777,1,Type-B (Small Light)
691,H1088,153,CURVED,19.167,16.07,178.748225428571,2018-06-26,2018-06-21,2018-08-05,26,308.01369,,,308.01369000000005,1.1927193528313629,0.5803255869197599,2018-06-21,2018-08-05,45,19,0.5777777777777777,1,Type-B (Small Light)
717,H1087,182,FLAT,17.0,14.248,140.573001142857,2018-06-27,2018-06-20,2018-08-03,19,242.216,,,242.21599999999998,1.193149915777653,0.5803621608104214,2018-06-20,2018-08-03,44,25,0.4318181818181818,3,Type-D (Long-lead Urgent)
718,H1087,192,CURVED,10.441,14.248,89.1485671428571,2018-06-27,2018-06-20,2018-08-03,19,148.763368,,,148.763368,0.7328046041549692,0.599264243216496,2018-06-20,2018-08-03,44,25,0.4318181818181818,0,Type-A (Standard Medium)
672,H1087,122,FLAT,15.531,12.2,111.443417428571,2018-06-27,2018-06-20,2018-08-14,17,189.4782,,,189.4782,1.273032786885246,0.5881595741809401,2018-06-20,2018-08-14,55,38,0.3090909090909091,3,Type-D (Long-lead Urgent)
673,H1087,122,CURVED,15.531,12.2,111.443417428571,2018-06-27,2018-06-20,2018-08-14,17,189.4782,,,189.4782,1.273032786885246,0.5881595741809401,2018-06-20,2018-08-14,55,38,0.3090909090909091,3,Type-D (Long-lead Urgent)
674,H1087,132,FLAT,18.94,12.2,145.018171428571,2018-06-27,2018-06-20,2018-08-14,17,231.068,,,231.068,1.5524590163934429,0.6275995439808671,2018-06-20,2018-08-14,55,38,0.3090909090909091,3,Type-D (Long-lead Urgent)
675,H1088,132,FLAT,18.94,12.2,145.018171428571,2018-06-27,2018-06-20,2018-08-14,17,231.068,,,231.068,1.5524590163934429,0.6275995439808671,2018-06-20,2018-08-14,55,38,0.3090909090909091,3,Type-D (Long-lead Urgent)
481,H1087,836,FLAT,6.45,21.691,146.314851714286,2018-06-29,2018-06-22,2018-09-26,54,139.90695,,,139.90695,0.29735835138997746,1.0458011679497408,2018-06-22,2018-09-26,96,42,0.5625,1,Type-B (Small Light)
480,H1087,826,FLAT,20.852,21.691,240.0,2018-06-29,2018-06-22,2018-09-26,54,452.300732,,,452.300732,0.9613203632843115,0.5306204103158516,2018-06-22,2018-09-26,96,42,0.5625,2,Type-C (Large Heavy)
676,H1088,103,FLAT,29.101,15.68,240.0,2018-06-29,2018-06-22,2018-08-14,16,456.30368,,,456.30368,1.8559311224489796,0.5259655148956941,2018-06-22,2018-08-14,53,37,0.3018867924528302,2,Type-C (Large Heavy)
677,H1088,103,FLAT,29.101,15.68,240.0,2018-06-29,2018-06-22,2018-08-14,16,456.30368,,,456.30368,1.8559311224489796,0.5259655148956941,2018-06-22,2018-08-14,53,37,0.3018867924528302,2,Type-C (Large Heavy)
639,H1087,271,FLAT,15.2,18.8,166.994285714286,2018-07-02,2018-06-25,2018-08-23,34,285.76,,,285.76,0.8085106382978723,0.5843864981602954,2018-06-25,2018-08-23,59,25,0.576271186440678,1,Type-B (Small Light)
640,H1087,271,FLAT,15.2,18.8,166.994285714286,2018-07-02,2018-06-25,2018-08-23,34,285.76,,,285.76,0.8085106382978723,0.5843864981602954,2018-06-25,2018-08-23,59,25,0.576271186440678,1,Type-B (Small Light)
637,H1087,261,CURVED,20.5,18.8,221.054285714286,2018-07-02,2018-06-25,2018-08-23,34,385.4,,,385.40000000000003,1.0904255319148937,0.5735710578990295,2018-06-25,2018-08-23,59,25,0.576271186440678,2,Type-C (Large Heavy)
638,H1087,261,FLAT,20.5,18.8,221.054285714286,2018-07-02,2018-06-25,2018-08-23,34,385.4,,,385.40000000000003,1.0904255319148937,0.5735710578990295,2018-06-25,2018-08-23,59,25,0.576271186440678,2,Type-C (Large Heavy)
616,H1088,632,FLAT,13.38,17.28,136.463657142857,2018-07-02,2018-06-28,2018-08-31,14,231.2064,,,231.20640000000003,0.7743055555555556,0.5902243931952444,2018-06-28,2018-08-31,64,50,0.21875,3,Type-D (Long-lead Urgent)
617,H1088,632,FLAT,13.38,17.28,136.463657142857,2018-07-02,2018-06-28,2018-08-31,14,231.2064,,,231.20640000000003,0.7743055555555556,0.5902243931952444,2018-06-28,2018-08-31,64,50,0.21875,3,Type-D (Long-lead Urgent)
585,H1088,111,FLAT,22.2,13.8,195.222857142857,2018-07-03,2018-06-26,2018-08-30,25,306.36,,,306.36,1.6086956521739129,0.6372335067987237,2018-06-26,2018-08-30,65,40,0.38461538461538464,3,Type-D (Long-lead Urgent)
586,H1088,111,FLAT,22.2,13.8,195.222857142857,2018-07-03,2018-06-26,2018-08-30,25,306.36,,,306.36,1.6086956521739129,0.6372335067987237,2018-06-26,2018-08-30,65,40,0.38461538461538464,3,Type-D (Long-lead Urgent)
641,H1087,622,FLAT,13.38,17.28,136.463657142857,2018-07-03,2018-06-28,2018-08-29,13,231.2064,,,231.20640000000003,0.7743055555555556,0.5902243931952444,2018-06-28,2018-08-29,62,49,0.20967741935483872,3,Type-D (Long-lead Urgent)
642,H1087,622,FLAT,13.38,17.28,136.463657142857,2018-07-03,2018-06-28,2018-08-29,13,231.2064,,,231.20640000000003,0.7743055555555556,0.5902243931952444,2018-06-28,2018-08-29,62,49,0.20967741935483872,3,Type-D (Long-lead Urgent)
630,H1088,629,FLAT,15.6,18.9,171.591428571429,2018-07-06,2018-06-29,2018-08-25,32,294.84,,,294.84,0.8253968253968255,0.5819815105529406,2018-06-29,2018-08-25,57,25,0.5614035087719298,1,Type-B (Small Light)
631,H1088,629,FLAT,15.6,18.9,171.591428571429,2018-07-06,2018-06-29,2018-08-25,32,294.84,,,294.84,0.8253968253968255,0.5819815105529406,2018-06-29,2018-08-25,57,25,0.5614035087719298,1,Type-B (Small Light)
632,H1088,639,FLAT,15.6,18.9,171.591428571429,2018-07-06,2018-06-29,2018-08-25,32,294.84,,,294.84,0.8253968253968255,0.5819815105529406,2018-06-29,2018-08-25,57,25,0.5614035087719298,1,Type-B (Small Light)
633,H1088,639,FLAT,15.6,18.9,171.591428571429,2018-07-06,2018-06-29,2018-08-25,32,294.84,,,294.84,0.8253968253968255,0.5819815105529406,2018-06-29,2018-08-25,57,25,0.5614035087719298,1,Type-B (Small Light)
529,H1087,102,CURVED,22.89,15.65,219.678457142857,2018-07-06,2018-06-30,2018-09-05,47,358.2285,,,358.2285,1.4626198083067092,0.6132355665248773,2018-06-30,2018-09-05,67,20,0.7014925373134329,2,Type-C (Large Heavy)
590,H1087,183,FLAT,8.82,15.798,93.5340582857143,2018-07-06,2018-07-02,2018-09-03,21,139.33836,,,139.33836,0.5582985187998482,0.6712728518242521,2018-07-02,2018-09-03,63,42,0.3333333333333333,3,Type-D (Long-lead Urgent)
591,H1087,193,FLAT,15.59,15.978,142.384166857143,2018-07-06,2018-07-02,2018-09-03,21,249.09702,,,249.09702,0.9757166103392164,0.571601245398853,2018-07-02,2018-09-03,63,42,0.3333333333333333,3,Type-D (Long-lead Urgent)
557,H1087,144,FLAT,17.566,15.678,158.389725714286,2018-07-07,2018-06-30,2018-09-14,23,275.399748,,,275.399748,1.120423523408598,0.5751266181779005,2018-06-30,2018-09-14,76,53,0.3026315789473684,3,Type-D (Long-lead Urgent)
558,H1087,144,FLAT,17.566,15.678,158.389725714286,2018-07-07,2018-06-30,2018-09-14,23,275.399748,,,275.399748,1.120423523408598,0.5751266181779005,2018-06-30,2018-09-14,76,53,0.3026315789473684,3,Type-D (Long-lead Urgent)
559,H1087,154,FLAT,19.932,15.976,186.433485714286,2018-07-07,2018-06-30,2018-09-14,23,318.433632,,,318.433632,1.2476214321482222,0.5854704622226776,2018-06-30,2018-09-14,76,53,0.3026315789473684,3,Type-D (Long-lead Urgent)
560,H1087,154,FLAT,19.932,15.976,186.433485714286,2018-07-07,2018-06-30,2018-09-14,23,318.433632,,,318.433632,1.2476214321482222,0.5854704622226776,2018-06-30,2018-09-14,76,53,0.3026315789473684,3,Type-D (Long-lead Urgent)
574,H1087,101,CURVED,11.577,13.021,86.7352485714286,2018-07-07,2018-07-01,2018-09-04,45,150.744117,,,150.74411700000002,0.8891022194915904,0.57538065363724,2018-07-01,2018-09-04,65,20,0.6923076923076923,1,Type-B (Small Light)
587,H1087,183,FLAT,8.82,15.798,93.5340582857143,2018-07-07,2018-07-03,2018-09-04,21,139.33836,,,139.33836,0.5582985187998482,0.6712728518242521,2018-07-03,2018-09-04,63,42,0.3333333333333333,3,Type-D (Long-lead Urgent)
588,H1087,193,FLAT,15.59,15.978,142.384166857143,2018-07-07,2018-07-03,2018-09-04,21,249.09702,,,249.09702,0.9757166103392164,0.571601245398853,2018-07-03,2018-09-04,63,42,0.3333333333333333,3,Type-D (Long-lead Urgent)
618,H1088,268,FLAT,10.8,20.0,147.611428571429,2018-07-08,2018-07-01,2018-08-25,30,216.0,,,216.0,0.54,0.6833862433862454,2018-07-01,2018-08-25,55,25,0.5454545454545454,1,Type-B (Small Light)
619,H1087,278,CURVED,10.8,20.0,147.611428571429,2018-07-08,2018-07-01,2018-08-25,30,216.0,,,216.0,0.54,0.6833862433862454,2018-07-01,2018-08-25,55,25,0.5454545454545454,1,Type-B (Small Light)
605,H1087,268,FLAT,10.8,20.0,147.611428571429,2018-07-09,2018-07-02,2018-08-26,30,216.0,,,216.0,0.54,0.6833862433862454,2018-07-02,2018-08-26,55,25,0.5454545454545454,1,Type-B (Small Light)
606,H1087,278,FLAT,10.8,20.0,147.611428571429,2018-07-09,2018-07-02,2018-08-26,30,216.0,,,216.0,0.54,0.6833862433862454,2018-07-02,2018-08-26,55,25,0.5454545454545454,1,Type-B (Small Light)
644,H1088,143,FLAT,13.809,15.686,124.782593428571,2018-07-09,2018-07-03,2018-08-24,21,216.607974,,,216.60797399999998,0.8803391559352288,0.576075714685236,2018-07-03,2018-08-24,52,31,0.40384615384615385,3,Type-D (Long-lead Urgent)
645,H1088,143,FLAT,13.809,15.686,124.782593428571,2018-07-09,2018-07-03,2018-08-24,21,216.607974,,,216.60797399999998,0.8803391559352288,0.576075714685236,2018-07-03,2018-08-24,52,31,0.40384615384615385,3,Type-D (Long-lead Urgent)
562,H1087,124,FLAT,18.618,14.354,157.904925714286,2018-07-09,2018-07-03,2018-09-12,22,267.242772,,,267.24277199999995,1.2970600529469136,0.590866965390877,2018-07-03,2018-09-12,71,49,0.30985915492957744,3,Type-D (Long-lead Urgent)
563,H1088,124,FLAT,18.618,14.354,157.904925714286,2018-07-09,2018-07-03,2018-09-12,22,267.242772,,,267.24277199999995,1.2970600529469136,0.590866965390877,2018-07-03,2018-09-12,71,49,0.30985915492957744,3,Type-D (Long-lead Urgent)
646,H1088,153,CURVED,18.919,15.5,170.908160285714,2018-07-09,2018-07-03,2018-08-24,21,293.2445,,,293.2445,1.2205806451612904,0.5828179566393026,2018-07-03,2018-08-24,52,31,0.40384615384615385,3,Type-D (Long-lead Urgent)
647,H1088,153,FLAT,18.919,15.5,170.908160285714,2018-07-09,2018-07-03,2018-08-24,21,293.2445,,,293.2445,1.2205806451612904,0.5828179566393026,2018-07-03,2018-08-24,52,31,0.40384615384615385,3,Type-D (Long-lead Urgent)
564,H1088,134,FLAT,22.828,14.354,207.758542857143,2018-07-09,2018-07-03,2018-09-12,22,327.673112,,,327.67311199999995,1.5903580883377457,0.6340420841644859,2018-07-03,2018-09-12,71,49,0.30985915492957744,3,Type-D (Long-lead Urgent)
565,H1088,134,CURVED,22.828,14.354,207.758542857143,2018-07-09,2018-07-03,2018-09-12,22,327.673112,,,327.67311199999995,1.5903580883377457,0.6340420841644859,2018-07-03,2018-09-12,71,49,0.30985915492957744,3,Type-D (Long-lead Urgent)
652,H1087,102,FLAT,19.76,18.47,209.028142857143,2018-07-10,2018-07-10,2018-08-16,20,364.9672,,,364.9672,1.0698429886302112,0.5727313108058559,2018-07-10,2018-08-16,37,17,0.5405405405405406,2,Type-C (Large Heavy)
653,H1087,102,FLAT,19.76,18.47,209.028142857143,2018-07-10,2018-07-10,2018-08-16,20,364.9672,,,364.9672,1.0698429886302112,0.5727313108058559,2018-07-10,2018-08-16,37,17,0.5405405405405406,2,Type-C (Large Heavy)
634,H1088,124,FLAT,21.0,18.1,219.602857142857,2018-07-11,2018-07-04,2018-08-24,26,380.1,,,380.1,1.160220994475138,0.5777502161085425,2018-07-04,2018-08-24,51,25,0.5098039215686274,2,Type-C (Large Heavy)
635,H1087,134,FLAT,21.0,18.1,219.602857142857,2018-07-11,2018-07-04,2018-08-24,26,380.1,,,380.1,1.160220994475138,0.5777502161085425,2018-07-04,2018-08-24,51,25,0.5098039215686274,2,Type-C (Large Heavy)
620,H1087,621,FLAT,8.95,15.97,95.7552571428572,2018-07-11,2018-07-11,2018-08-31,14,142.9315,,,142.9315,0.5604257983719473,0.6699380972203972,2018-07-11,2018-08-31,51,37,0.27450980392156865,3,Type-D (Long-lead Urgent)
621,H1087,621,FLAT,8.95,15.97,95.7552571428572,2018-07-11,2018-07-11,2018-08-31,14,142.9315,,,142.9315,0.5604257983719473,0.6699380972203972,2018-07-11,2018-08-31,51,37,0.27450980392156865,3,Type-D (Long-lead Urgent)
607,H1087,631,FLAT,10.53,15.97,104.549085714286,2018-07-11,2018-07-11,2018-09-01,13,168.1641,,,168.1641,0.6593613024420788,0.6217087102079814,2018-07-11,2018-09-01,52,39,0.25,3,Type-D (Long-lead Urgent)
608,H1087,631,FLAT,10.53,15.97,104.549085714286,2018-07-11,2018-07-11,2018-09-01,13,168.1641,,,168.1641,0.6593613024420788,0.6217087102079814,2018-07-11,2018-09-01,52,39,0.25,3,Type-D (Long-lead Urgent)
601,H1088,269,CURVED,10.5,18.9,133.56,2018-07-13,2018-07-06,2018-08-29,29,198.45,,,198.45,0.5555555555555556,0.6730158730158731,2018-07-06,2018-08-29,54,25,0.5370370370370371,1,Type-B (Small Light)
602,H1088,269,FLAT,10.5,18.9,133.56,2018-07-13,2018-07-06,2018-08-29,29,198.45,,,198.45,0.5555555555555556,0.6730158730158731,2018-07-06,2018-08-29,54,25,0.5370370370370371,1,Type-B (Small Light)
603,H1087,279,FLAT,10.5,18.9,133.56,2018-07-13,2018-07-06,2018-08-29,29,198.45,,,198.45,0.5555555555555556,0.6730158730158731,2018-07-06,2018-08-29,54,25,0.5370370370370371,1,Type-B (Small Light)
604,H1087,279,FLAT,10.5,18.9,133.56,2018-07-13,2018-07-06,2018-08-29,29,198.45,,,198.45,0.5555555555555556,0.6730158730158731,2018-07-06,2018-08-29,54,25,0.5370370370370371,1,Type-B (Small Light)
581,H1088,272,FLAT,14.4,17.28,144.559542857143,2018-07-13,2018-07-13,2018-09-11,31,248.832,,,248.83200000000002,0.8333333333333333,0.5809523809523814,2018-07-13,2018-09-11,60,29,0.5166666666666667,1,Type-B (Small Light)
582,H1088,272,FLAT,14.4,17.28,144.559542857143,2018-07-13,2018-07-13,2018-09-11,31,248.832,,,248.83200000000002,0.8333333333333333,0.5809523809523814,2018-07-13,2018-09-11,60,29,0.5166666666666667,1,Type-B (Small Light)
579,H1088,262,FLAT,14.6,17.28,146.216685714286,2018-07-13,2018-07-13,2018-09-11,31,252.288,,,252.288,0.8449074074074073,0.5795625860694364,2018-07-13,2018-09-11,60,29,0.5166666666666667,1,Type-B (Small Light)
580,H1088,262,FLAT,14.6,17.28,146.216685714286,2018-07-13,2018-07-13,2018-09-11,31,252.288,,,252.288,0.8449074074074073,0.5795625860694364,2018-07-13,2018-09-11,60,29,0.5166666666666667,1,Type-B (Small Light)
535,H1088,834,FLAT,7.062,14.636,75.4526685714286,2018-07-14,2018-07-07,2018-09-21,34,103.359432,,,103.359432,0.48250888220825366,0.730002740063709,2018-07-07,2018-09-21,76,42,0.4473684210526316,3,Type-D (Long-lead Urgent)
534,H1088,824,FLAT,17.596,14.575,149.157097428571,2018-07-14,2018-07-07,2018-09-21,34,256.4617,,,256.4617,1.2072727272727273,0.5815959943670771,2018-07-07,2018-09-21,76,42,0.4473684210526316,3,Type-D (Long-lead Urgent)
648,H1088,628,FLAT,15.6,20.0,183.817142857143,2018-07-14,2018-07-07,2018-08-24,23,312.0,,,312.0,0.78,0.5891575091575096,2018-07-07,2018-08-24,48,25,0.4791666666666667,1,Type-B (Small Light)
649,H1088,638,FLAT,15.6,20.0,183.817142857143,2018-07-14,2018-07-07,2018-08-24,23,312.0,,,312.0,0.78,0.5891575091575096,2018-07-07,2018-08-24,48,25,0.4791666666666667,1,Type-B (Small Light)
597,H1088,101,FLAT,30.66,9.4,240.0,2018-07-15,2018-07-15,2018-08-28,30,288.204,,,288.204,3.2617021276595746,0.8327434733730275,2018-07-15,2018-08-28,44,14,0.6818181818181818,2,Type-C (Large Heavy)
543,H1087,833,FLAT,7.281,14.575,75.8410245714286,2018-07-16,2018-07-09,2018-09-21,32,106.120575,,,106.12057499999999,0.4995540308747856,0.7146684285439333,2018-07-09,2018-09-21,74,42,0.43243243243243246,3,Type-D (Long-lead Urgent)
599,H1088,824,FLAT,14.342,13.72,112.551818285714,2018-07-16,2018-07-09,2018-08-29,26,196.77224,,,196.77224,1.04533527696793,0.5719903289494189,2018-07-09,2018-08-29,51,25,0.5098039215686274,0,Type-A (Standard Medium)
542,H1087,823,FLAT,17.548,14.578,148.700110857143,2018-07-16,2018-07-09,2018-09-21,32,255.814744,,,255.81474399999996,1.203731650432158,0.581280455270174,2018-07-09,2018-09-21,74,42,0.43243243243243246,3,Type-D (Long-lead Urgent)
598,H1088,824,FLAT,14.342,13.72,112.551818285714,2018-07-17,2018-07-10,2018-08-30,26,196.77224,,,196.77224,1.04533527696793,0.5719903289494189,2018-07-10,2018-08-30,51,25,0.5098039215686274,0,Type-A (Standard Medium)
662,H1088,183,FLAT,7.507,14.276,74.3312071428571,2018-07-18,2018-07-13,2018-08-21,20,107.169932,,,107.16993199999999,0.5258475763519193,0.6935826659184323,2018-07-13,2018-08-21,39,19,0.5128205128205128,0,Type-A (Standard Medium)
663,H1088,193,FLAT,14.445,14.246,117.601868857143,2018-07-18,2018-07-13,2018-08-21,20,205.78347,,,205.78347000000002,1.0139688333567316,0.5714835543260253,2018-07-13,2018-08-21,39,19,0.5128205128205128,0,Type-A (Standard Medium)
494,H1087,835,FLAT,16.0,17.3,158.654285714286,2018-07-20,2018-07-13,2018-10-02,39,276.8,,,276.8,0.9248554913294798,0.5731729975227096,2018-07-13,2018-10-02,81,42,0.48148148148148145,1,Type-B (Small Light)
493,H1087,825,CURVED,18.455,17.3,182.822007142857,2018-07-20,2018-07-13,2018-10-02,39,319.2715,,,319.2715,1.0667630057803468,0.5726223829651472,2018-07-13,2018-10-02,81,42,0.48148148148148145,2,Type-C (Large Heavy)
654,H1087,183,FLAT,7.507,14.276,74.3312071428571,2018-07-20,2018-07-15,2018-08-22,19,107.169932,,,107.16993199999999,0.5258475763519193,0.6935826659184323,2018-07-15,2018-08-22,38,19,0.5,0,Type-A (Standard Medium)
655,H1087,193,CURVED,14.445,14.246,117.601868857143,2018-07-20,2018-07-15,2018-08-22,19,205.78347,,,205.78347000000002,1.0139688333567316,0.5714835543260253,2018-07-15,2018-08-22,38,19,0.5,0,Type-A (Standard Medium)
538,H1088,283,CURVED,13.7,18.32,149.517828571429,2018-07-22,2018-07-16,2018-09-21,31,250.984,,,250.98399999999998,0.7478165938864628,0.5957265346453519,2018-07-16,2018-09-21,67,36,0.4626865671641791,3,Type-D (Long-lead Urgent)
539,H1087,293,FLAT,22.5,18.32,240.0,2018-07-22,2018-07-16,2018-09-21,31,412.2,,,412.2,1.2281659388646289,0.5822416302765648,2018-07-16,2018-09-21,67,36,0.4626865671641791,2,Type-C (Large Heavy)
497,H1087,832,FLAT,6.662,14.583,73.4417522857143,2018-07-23,2018-07-16,2018-10-01,35,97.151946,,,97.151946,0.45683329904683534,0.755947310470902,2018-07-16,2018-10-01,77,42,0.45454545454545453,3,Type-D (Long-lead Urgent)
496,H1087,822,FLAT,16.055,14.575,134.341042857143,2018-07-23,2018-07-16,2018-10-01,35,234.001625,,,234.001625,1.1015437392795884,0.574103033930397,2018-07-16,2018-10-01,77,42,0.45454545454545453,3,Type-D (Long-lead Urgent)
548,H1088,282,FLAT,14.7,19.5,170.382857142857,2018-07-23,2018-07-17,2018-09-21,30,286.65,,,286.65,0.7538461538461538,0.5943933617403001,2018-07-17,2018-09-21,66,36,0.45454545454545453,3,Type-D (Long-lead Urgent)
549,H1088,292,FLAT,16.6,19.5,187.374285714286,2018-07-23,2018-07-17,2018-09-21,30,323.7,,,323.70000000000005,0.8512820512820514,0.5788516704179363,2018-07-17,2018-09-21,66,36,0.45454545454545453,3,Type-D (Long-lead Urgent)
609,H1087,182,FLAT,21.0,7.3,141.225714285714,2018-07-25,2018-07-21,2018-09-01,18,153.3,,,153.29999999999998,2.8767123287671232,0.9212375361103328,2018-07-21,2018-09-01,42,24,0.42857142857142855,0,Type-A (Standard Medium)
610,H1087,182,CURVED,22.0,7.3,153.511428571429,2018-07-25,2018-07-21,2018-09-01,18,160.6,,,160.6,3.0136986301369864,0.9558619462729079,2018-07-21,2018-09-01,42,24,0.42857142857142855,0,Type-A (Standard Medium)
611,H1088,192,FLAT,13.889,7.3,70.3412345714286,2018-07-25,2018-07-21,2018-09-01,18,101.3897,,,101.38969999999999,1.9026027397260274,0.6937710099884762,2018-07-21,2018-09-01,42,24,0.42857142857142855,0,Type-A (Standard Medium)
612,H1088,192,FLAT,13.889,7.3,70.3412345714286,2018-07-25,2018-07-21,2018-09-01,18,101.3897,,,101.38969999999999,1.9026027397260274,0.6937710099884762,2018-07-21,2018-09-01,42,24,0.42857142857142855,0,Type-A (Standard Medium)
622,H1087,123,FLAT,16.106,12.2,116.640924571429,2018-07-25,2018-07-24,2018-08-25,23,196.4932,,,196.4932,1.3201639344262297,0.5936130337916478,2018-07-24,2018-08-25,32,9,0.71875,0,Type-A (Standard Medium)
623,H1087,123,FLAT,16.106,12.2,116.640924571429,2018-07-25,2018-07-24,2018-08-25,23,196.4932,,,196.4932,1.3201639344262297,0.5936130337916478,2018-07-24,2018-08-25,32,9,0.71875,0,Type-A (Standard Medium)
624,H1087,133,FLAT,24.07,12.2,208.058542857143,2018-07-25,2018-07-24,2018-08-25,23,293.654,,,293.654,1.9729508196721313,0.7085159502582734,2018-07-24,2018-08-25,32,9,0.71875,2,Type-C (Large Heavy)
625,H1087,133,FLAT,24.07,12.2,208.058542857143,2018-07-25,2018-07-24,2018-08-25,23,293.654,,,293.654,1.9729508196721313,0.7085159502582734,2018-07-24,2018-08-25,32,9,0.71875,2,Type-C (Large Heavy)
501,H1088,694,FLAT,16.7,18.4,176.414285714286,2018-07-27,2018-07-20,2018-09-28,38,307.28,,,307.28,0.907608695652174,0.5741157436679446,2018-07-20,2018-09-28,70,32,0.5428571428571428,1,Type-B (Small Light)
500,H1088,684,FLAT,17.5,18.4,184.231428571429,2018-07-27,2018-07-20,2018-09-28,38,322.0,,,322.0,0.9510869565217392,0.5721472937000901,2018-07-20,2018-09-28,70,32,0.5428571428571428,1,Type-B (Small Light)
526,H1087,123,FLAT,19.5,18.75,209.089285714286,2018-07-27,2018-07-21,2018-09-18,39,365.625,,,365.625,1.04,0.5718681318681327,2018-07-21,2018-09-18,59,20,0.6610169491525424,2,Type-C (Large Heavy)
567,H1088,102,FLAT,19.76,18.47,209.028142857143,2018-07-27,2018-07-27,2018-09-09,38,364.9672,,,364.9672,1.0698429886302112,0.5727313108058559,2018-07-27,2018-09-09,44,6,0.8636363636363636,2,Type-C (Large Heavy)
423,H1088,110,FLAT,16.0,4.932,80.0927497142857,2018-07-28,2018-07-22,2018-10-01,51,78.912,,,78.912,3.2441200324412,1.0149628664117714,2018-07-22,2018-10-01,71,20,0.7183098591549296,0,Type-A (Standard Medium)
528,H1087,182,FLAT,12.25,9.2,67.0578571428571,2018-07-28,2018-07-22,2018-09-17,37,112.7,,,112.69999999999999,1.3315217391304348,0.595012042083914,2018-07-22,2018-09-17,57,20,0.6491228070175439,0,Type-A (Standard Medium)
570,H1088,271,FLAT,17.8,16.0,163.668571428571,2018-07-28,2018-07-22,2018-09-11,31,284.8,,,284.8,1.1125,0.5746789727126791,2018-07-22,2018-09-11,51,20,0.6078431372549019,1,Type-B (Small Light)
571,H1087,271,FLAT,17.8,16.0,163.668571428571,2018-07-28,2018-07-22,2018-09-11,31,284.8,,,284.8,1.1125,0.5746789727126791,2018-07-22,2018-09-11,51,20,0.6078431372549019,1,Type-B (Small Light)
568,H1088,261,FLAT,20.1,16.0,188.574285714286,2018-07-28,2018-07-22,2018-09-11,31,321.6,,,321.6,1.25625,0.5863628287135758,2018-07-22,2018-09-11,51,20,0.6078431372549019,2,Type-C (Large Heavy)
569,H1088,261,FLAT,20.1,16.0,188.574285714286,2018-07-28,2018-07-22,2018-09-11,31,321.6,,,321.6,1.25625,0.5863628287135758,2018-07-22,2018-09-11,51,20,0.6078431372549019,2,Type-C (Large Heavy)
550,H1088,123,FLAT,16.106,12.2,116.640924571429,2018-07-28,2018-07-24,2018-09-17,28,196.4932,,,196.4932,1.3201639344262297,0.5936130337916478,2018-07-24,2018-09-17,55,27,0.509090909090909,0,Type-A (Standard Medium)
561,H1087,133,FLAT,24.07,12.2,208.058542857143,2018-07-28,2018-07-24,2018-09-13,28,293.654,,,293.654,1.9729508196721313,0.7085159502582734,2018-07-24,2018-09-13,51,23,0.5490196078431373,2,Type-C (Large Heavy)
592,H1087,231,CURVED,14.308,15.97,131.359932571429,2018-07-29,2018-07-15,2018-09-10,21,228.49876,,,228.49876,0.8959298685034439,0.5748824745107107,2018-07-15,2018-09-10,57,36,0.3684210526315789,3,Type-D (Long-lead Urgent)
575,H1087,122,FLAT,15.531,12.2,111.443417428571,2018-07-30,2018-07-31,2018-09-12,27,189.4782,,,189.4782,1.273032786885246,0.5881595741809401,2018-07-31,2018-09-12,43,16,0.627906976744186,0,Type-A (Standard Medium)
576,H1087,132,FLAT,18.94,12.2,145.018171428571,2018-07-30,2018-07-31,2018-09-12,27,231.068,,,231.068,1.5524590163934429,0.6275995439808671,2018-07-31,2018-09-12,43,16,0.627906976744186,0,Type-A (Standard Medium)
502,H1088,192,CURVED,16.9,9.2,105.785714285714,2018-08-03,2018-07-28,2018-09-23,37,155.48,,,155.47999999999996,1.8369565217391304,0.680381491418279,2018-07-28,2018-09-23,57,20,0.6491228070175439,0,Type-A (Standard Medium)
420,H1088,294,FLAT,20.0,18.4,211.017142857143,2018-08-04,2018-07-28,2018-10-13,45,368.0,,,368.0,1.0869565217391306,0.5734161490683234,2018-07-28,2018-10-13,77,32,0.5844155844155844,2,Type-C (Large Heavy)
419,H1088,284,FLAT,20.0,18.4,211.017142857143,2018-08-05,2018-07-29,2018-10-14,45,368.0,,,368.0,1.0869565217391306,0.5734161490683234,2018-07-29,2018-10-14,77,32,0.5844155844155844,2,Type-C (Large Heavy)
627,H1088,231,FLAT,15.25,8.2,85.6578571428571,2018-08-05,2018-07-30,2018-09-02,14,125.05,,,125.04999999999998,1.8597560975609757,0.6849888615982176,2018-07-30,2018-09-02,34,20,0.4117647058823529,0,Type-A (Standard Medium)
626,H1087,221,FLAT,18.25,8.2,114.372142857143,2018-08-05,2018-07-30,2018-09-02,14,149.65,,,149.64999999999998,2.225609756097561,0.7642642355973472,2018-07-30,2018-09-02,34,20,0.4117647058823529,0,Type-A (Standard Medium)
523,H1087,633,FLAT,12.7,19.8,158.094285714286,2018-08-05,2018-07-30,2018-09-22,34,251.46,,,251.46,0.6414141414141413,0.6287055027212519,2018-07-30,2018-09-22,54,20,0.6296296296296297,1,Type-B (Small Light)
522,H1088,623,FLAT,13.6,19.8,164.857142857143,2018-08-05,2018-07-30,2018-09-22,34,269.28,,,269.28000000000003,0.6868686868686869,0.6122145828028186,2018-07-30,2018-09-22,54,20,0.6296296296296297,1,Type-B (Small Light)
566,H1088,111,FLAT,22.2,13.8,195.222857142857,2018-08-06,2018-07-22,2018-09-09,25,306.36,,,306.36,1.6086956521739129,0.6372335067987237,2018-07-22,2018-09-09,49,24,0.5102040816326531,2,Type-C (Large Heavy)
424,H1088,293,FLAT,19.5,18.9,210.702857142857,2018-08-06,2018-07-30,2018-10-13,43,368.55,,,368.54999999999995,1.0317460317460319,0.5717076574219428,2018-07-30,2018-10-13,75,32,0.5733333333333334,2,Type-C (Large Heavy)
438,H1088,111,FLAT,11.85,25.0,218.692142857143,2018-08-06,2018-07-31,2018-09-29,40,296.25,,,296.25,0.474,0.7382013261000608,2018-07-31,2018-09-29,60,20,0.6666666666666666,1,Type-B (Small Light)
467,H1088,103,FLAT,34.122,13.75,240.0,2018-08-06,2018-07-31,2018-09-29,40,469.1775,,,469.1775,2.4816,0.511533481464904,2018-07-31,2018-09-29,60,20,0.6666666666666666,2,Type-C (Large Heavy)
593,H1087,112,FLAT,21.0,8.6,147.131428571429,2018-08-06,2018-08-01,2018-08-31,18,180.6,,,180.6,2.441860465116279,0.814681221325742,2018-08-01,2018-08-31,30,12,0.6,0,Type-A (Standard Medium)
594,H1087,112,FLAT,21.0,8.6,147.131428571429,2018-08-06,2018-08-01,2018-08-31,18,180.6,,,180.6,2.441860465116279,0.814681221325742,2018-08-01,2018-08-31,30,12,0.6,0,Type-A (Standard Medium)
584,H1088,221,FLAT,14.0,15.97,128.868828571429,2018-08-07,2018-07-16,2018-09-18,20,223.58,,,223.58,0.8766437069505322,0.5763879979042356,2018-07-16,2018-09-18,64,44,0.3125,3,Type-D (Long-lead Urgent)
418,H1087,283,FLAT,18.4,18.9,198.791428571429,2018-08-08,2018-08-01,2018-10-16,44,347.76,,,347.75999999999993,0.9735449735449735,0.5716339675967019,2018-08-01,2018-10-16,76,32,0.5789473684210527,2,Type-C (Large Heavy)
545,H1087,273,FLAT,14.5,18.79,160.946885714286,2018-08-08,2018-08-02,2018-09-22,26,272.455,,,272.455,0.7716870675891432,0.590728324729904,2018-08-02,2018-09-22,51,25,0.5098039215686274,1,Type-B (Small Light)
541,H1087,263,FLAT,16.6,18.79,179.606885714286,2018-08-08,2018-08-02,2018-09-23,26,311.914,,,311.914,0.8834486428951571,0.5758218153538668,2018-08-02,2018-09-23,52,26,0.5,1,Type-B (Small Light)
583,H1088,112,CURVED,21.0,8.6,147.131428571429,2018-08-08,2018-08-03,2018-09-07,18,180.6,,,180.6,2.441860465116279,0.814681221325742,2018-08-03,2018-09-07,35,17,0.5142857142857142,0,Type-A (Standard Medium)
536,H1088,143,FLAT,13.809,15.686,124.782593428571,2018-08-10,2018-08-03,2018-09-22,31,216.607974,,,216.60797399999998,0.8803391559352288,0.576075714685236,2018-08-03,2018-09-22,50,19,0.62,1,Type-B (Small Light)
537,H1088,153,FLAT,18.919,15.5,170.908160285714,2018-08-10,2018-08-03,2018-09-22,31,293.2445,,,293.2445,1.2205806451612904,0.5828179566393026,2018-08-03,2018-09-22,50,19,0.62,1,Type-B (Small Light)
509,H1087,683,FLAT,16.6,18.9,180.791428571429,2018-08-10,2018-08-03,2018-09-28,24,313.74,,,313.74,0.8783068783068785,0.5762460271926723,2018-08-03,2018-09-28,56,32,0.42857142857142855,3,Type-D (Long-lead Urgent)
510,H1087,693,FLAT,16.6,18.9,180.791428571429,2018-08-10,2018-08-03,2018-09-28,24,313.74,,,313.74,0.8783068783068785,0.5762460271926723,2018-08-03,2018-09-28,56,32,0.42857142857142855,3,Type-D (Long-lead Urgent)
531,H1088,632,FLAT,13.5,20.0,166.357142857143,2018-08-11,2018-08-05,2018-09-23,29,270.0,,,270.0,0.675,0.6161375661375667,2018-08-05,2018-09-23,49,20,0.5918367346938775,1,Type-B (Small Light)
530,H1087,622,FLAT,16.9,20.0,195.888571428571,2018-08-11,2018-08-05,2018-09-23,29,338.0,,,338.0,0.845,0.5795519864750621,2018-08-05,2018-09-23,49,20,0.5918367346938775,1,Type-B (Small Light)
553,H1088,182,FLAT,20.0,7.3,129.511428571429,2018-08-12,2018-08-06,2018-09-22,17,146.0,,,146.0,2.73972602739726,0.8870645792563631,2018-08-06,2018-09-22,47,30,0.3617021276595745,0,Type-A (Standard Medium)
554,H1088,192,FLAT,13.889,7.3,70.3412345714286,2018-08-12,2018-08-06,2018-09-22,17,101.3897,,,101.38969999999999,1.9026027397260274,0.6937710099884762,2018-08-06,2018-09-22,47,30,0.3617021276595745,0,Type-A (Standard Medium)
483,H1088,271,FLAT,17.8,16.0,163.668571428571,2018-08-12,2018-08-06,2018-10-05,31,284.8,,,284.8,1.1125,0.5746789727126791,2018-08-06,2018-10-05,60,29,0.5166666666666667,1,Type-B (Small Light)
482,H1087,261,FLAT,20.1,16.0,188.574285714286,2018-08-12,2018-08-06,2018-10-05,31,321.6,,,321.6,1.25625,0.5863628287135758,2018-08-06,2018-10-05,60,29,0.5166666666666667,2,Type-C (Large Heavy)
516,H1088,124,FLAT,18.618,14.354,157.904925714286,2018-08-13,2018-08-03,2018-09-27,32,267.242772,,,267.24277199999995,1.2970600529469136,0.590866965390877,2018-08-03,2018-09-27,55,23,0.5818181818181818,1,Type-B (Small Light)
517,H1088,134,FLAT,22.828,14.354,207.758542857143,2018-08-13,2018-08-03,2018-09-27,32,327.673112,,,327.67311199999995,1.5903580883377457,0.6340420841644859,2018-08-03,2018-09-27,55,23,0.5818181818181818,2,Type-C (Large Heavy)
470,H1088,273,FLAT,14.5,18.79,160.946885714286,2018-08-13,2018-08-12,2018-10-10,25,272.455,,,272.455,0.7716870675891432,0.590728324729904,2018-08-12,2018-10-10,59,34,0.423728813559322,3,Type-D (Long-lead Urgent)
469,H1088,263,FLAT,16.6,18.79,179.606885714286,2018-08-13,2018-08-12,2018-10-10,25,311.914,,,311.914,0.8834486428951571,0.5758218153538668,2018-08-12,2018-10-10,59,34,0.423728813559322,3,Type-D (Long-lead Urgent)
572,H1087,103,FLAT,29.101,15.68,240.0,2018-08-14,2018-08-09,2018-09-13,26,456.30368,,,456.30368,1.8559311224489796,0.5259655148956941,2018-08-09,2018-09-13,35,9,0.7428571428571429,2,Type-C (Large Heavy)
460,H1087,273,FLAT,14.5,18.79,160.946885714286,2018-08-14,2018-08-13,2018-10-11,25,272.455,,,272.455,0.7716870675891432,0.590728324729904,2018-08-13,2018-10-11,59,34,0.423728813559322,3,Type-D (Long-lead Urgent)
459,H1087,263,FLAT,16.6,18.79,179.606885714286,2018-08-14,2018-08-13,2018-10-11,25,311.914,,,311.914,0.8834486428951571,0.5758218153538668,2018-08-13,2018-10-11,59,34,0.423728813559322,3,Type-D (Long-lead Urgent)
555,H1087,632,FLAT,13.38,17.28,136.463657142857,2018-08-15,2018-08-03,2018-09-20,16,231.2064,,,231.20640000000003,0.7743055555555556,0.5902243931952444,2018-08-03,2018-09-20,48,32,0.3333333333333333,3,Type-D (Long-lead Urgent)
503,H1088,144,FLAT,17.566,15.678,158.389725714286,2018-08-15,2018-08-07,2018-09-29,31,275.399748,,,275.399748,1.120423523408598,0.5751266181779005,2018-08-07,2018-09-29,53,22,0.5849056603773585,1,Type-B (Small Light)
468,H1088,154,FLAT,19.932,15.976,186.433485714286,2018-08-15,2018-08-07,2018-10-07,39,318.433632,,,318.433632,1.2476214321482222,0.5854704622226776,2018-08-07,2018-10-07,61,22,0.639344262295082,2,Type-C (Large Heavy)
556,H1087,622,CURVED,13.38,17.28,136.463657142857,2018-08-17,2018-08-05,2018-09-20,15,231.2064,,,231.20640000000003,0.7743055555555556,0.5902243931952444,2018-08-05,2018-09-20,46,31,0.32608695652173914,3,Type-D (Long-lead Urgent)
513,H1087,835,FLAT,7.416,16.884,97.1618605714286,2018-08-18,2018-08-12,2018-09-28,20,125.211744,,,125.21174400000001,0.43923240938166314,0.7759804110022507,2018-08-12,2018-09-28,47,27,0.425531914893617,3,Type-D (Long-lead Urgent)
514,H1087,835,FLAT,7.416,16.884,97.1618605714286,2018-08-18,2018-08-12,2018-09-28,20,125.211744,,,125.21174400000001,0.43923240938166314,0.7759804110022507,2018-08-12,2018-09-28,47,27,0.425531914893617,3,Type-D (Long-lead Urgent)
511,H1087,825,CURVED,19.167,16.931,186.866471428571,2018-08-18,2018-08-12,2018-09-28,20,324.516477,,,324.51647700000007,1.1320654420884768,0.5758304575350451,2018-08-12,2018-09-28,47,27,0.425531914893617,3,Type-D (Long-lead Urgent)
512,H1087,825,FLAT,19.167,16.931,186.866471428571,2018-08-18,2018-08-12,2018-09-28,20,324.516477,,,324.51647700000007,1.1320654420884768,0.5758304575350451,2018-08-12,2018-09-28,47,27,0.425531914893617,3,Type-D (Long-lead Urgent)
573,H1087,104,FLAT,13.35,13.05,99.5785714285714,2018-08-19,2018-08-13,2018-09-17,15,174.2175,,,174.2175,1.0229885057471264,0.5715761701813618,2018-08-13,2018-09-17,35,20,0.42857142857142855,0,Type-A (Standard Medium)
461,H1087,124,FLAT,15.49,19.15,173.332171428571,2018-08-19,2018-08-13,2018-10-05,33,296.6335,,,296.63349999999997,0.8088772845953003,0.5843310732893319,2018-08-13,2018-10-05,53,20,0.6226415094339622,1,Type-B (Small Light)
525,H1087,832,FLAT,6.767,14.288,71.4112094285714,2018-08-19,2018-08-14,2018-09-30,16,96.686896,,,96.686896,0.4736142217245241,0.7385820869517974,2018-08-14,2018-09-30,47,31,0.3404255319148936,3,Type-D (Long-lead Urgent)
524,H1087,822,FLAT,16.086,14.292,132.291617142857,2018-08-19,2018-08-14,2018-09-30,16,229.901112,,,229.90111199999998,1.1255247691015953,0.5754283482667845,2018-08-14,2018-09-30,47,31,0.3404255319148936,3,Type-D (Long-lead Urgent)
406,H1088,801,FLAT,28.614,19.075,240.0,2018-08-19,2018-08-17,2018-11-01,58,545.81205,,,545.81205,1.500078636959371,0.4397118018922448,2018-08-17,2018-11-01,76,18,0.7631578947368421,2,Type-C (Large Heavy)
452,H1088,803,FLAT,15.5,20.0,182.928571428571,2018-08-19,2018-08-18,2018-10-04,29,310.0,,,310.0,0.775,0.5900921658986161,2018-08-18,2018-10-04,47,18,0.6170212765957447,1,Type-B (Small Light)
462,H1087,283,FLAT,13.7,18.32,149.517828571429,2018-08-20,2018-08-13,2018-10-09,30,250.984,,,250.98399999999998,0.7478165938864628,0.5957265346453519,2018-08-13,2018-10-09,57,27,0.5263157894736842,1,Type-B (Small Light)
450,H1087,293,FLAT,22.5,18.32,240.0,2018-08-20,2018-08-13,2018-10-10,30,412.2,,,412.2,1.2281659388646289,0.5822416302765648,2018-08-13,2018-10-10,58,28,0.5172413793103449,2,Type-C (Large Heavy)
578,H1087,132,FLAT,11.0,9.55,60.6292857142857,2018-08-20,2018-08-14,2018-09-17,14,105.05,,,105.05000000000001,1.1518324607329842,0.5771469368328005,2018-08-14,2018-09-17,34,20,0.4117647058823529,0,Type-A (Standard Medium)
577,H1087,122,FLAT,18.0,9.55,118.629285714286,2018-08-20,2018-08-14,2018-09-17,14,171.9,,,171.9,1.8848167539267013,0.6901063741377894,2018-08-14,2018-09-17,34,20,0.4117647058823529,0,Type-A (Standard Medium)
532,H1088,162,FLAT,17.86,7.8,108.519885714286,2018-08-20,2018-08-14,2018-09-24,21,139.308,,,139.308,2.2897435897435896,0.7789924894068252,2018-08-14,2018-09-24,41,20,0.5121951219512195,0,Type-A (Standard Medium)
533,H1088,172,FLAT,18.45,12.45,141.544285714286,2018-08-20,2018-08-14,2018-09-24,21,229.7025,,,229.7025,1.4819277108433735,0.6162069882316735,2018-08-14,2018-09-24,41,20,0.5121951219512195,0,Type-A (Standard Medium)
504,H1088,662,FLAT,14.6,20.0,175.188571428571,2018-08-20,2018-08-14,2018-09-30,27,292.0,,,292.0,0.73,0.5999608610567501,2018-08-14,2018-09-30,47,20,0.574468085106383,1,Type-B (Small Light)
505,H1088,672,FLAT,14.6,20.0,175.188571428571,2018-08-20,2018-08-14,2018-09-30,27,292.0,,,292.0,0.73,0.5999608610567501,2018-08-14,2018-09-30,47,20,0.574468085106383,1,Type-B (Small Light)
451,H1088,134,FLAT,18.74,19.44,208.314628571429,2018-08-20,2018-08-14,2018-10-06,33,364.3056,,,364.30559999999997,0.9639917695473249,0.5718128641761999,2018-08-14,2018-10-06,53,20,0.6226415094339622,2,Type-C (Large Heavy)
446,H1087,193,FLAT,20.1,20.9,240.0,2018-08-20,2018-08-14,2018-10-08,35,420.09,,,420.09,0.9617224880382776,0.5713061486824252,2018-08-14,2018-10-08,55,20,0.6363636363636364,2,Type-C (Large Heavy)
520,H1088,832,CURVED,6.767,14.288,71.4112094285714,2018-08-20,2018-08-15,2018-10-01,16,96.686896,,,96.686896,0.4736142217245241,0.7385820869517974,2018-08-15,2018-10-01,47,31,0.3404255319148936,3,Type-D (Long-lead Urgent)
519,H1088,822,FLAT,16.086,14.292,132.291617142857,2018-08-20,2018-08-15,2018-10-01,16,229.901112,,,229.90111199999998,1.1255247691015953,0.5754283482667845,2018-08-15,2018-10-01,47,31,0.3404255319148936,3,Type-D (Long-lead Urgent)
551,H1088,623,FLAT,13.38,18.79,152.025285714286,2018-08-20,2018-08-17,2018-09-23,15,251.4102,,,251.4102,0.7120808940926026,0.6046902063412145,2018-08-17,2018-09-23,37,22,0.40540540540540543,3,Type-D (Long-lead Urgent)
552,H1088,633,FLAT,13.38,18.79,152.025285714286,2018-08-20,2018-08-17,2018-09-23,15,251.4102,,,251.4102,0.7120808940926026,0.6046902063412145,2018-08-17,2018-09-23,37,22,0.40540540540540543,3,Type-D (Long-lead Urgent)
449,H1087,803,FLAT,15.5,19.0,171.785714285714,2018-08-20,2018-08-19,2018-10-05,29,294.5,,,294.5,0.8157894736842105,0.58331312151346,2018-08-19,2018-10-05,47,18,0.6170212765957447,1,Type-B (Small Light)
544,H1087,631,FLAT,10.53,15.97,104.549085714286,2018-08-21,2018-07-19,2018-09-24,8,168.1641,,,168.1641,0.6593613024420788,0.6217087102079814,2018-07-19,2018-09-24,67,59,0.11940298507462686,3,Type-D (Long-lead Urgent)
447,H1087,283,FLAT,13.7,18.32,149.517828571429,2018-08-21,2018-08-14,2018-10-11,31,250.984,,,250.98399999999998,0.7478165938864628,0.5957265346453519,2018-08-14,2018-10-11,58,27,0.5344827586206896,1,Type-B (Small Light)
445,H1087,293,FLAT,22.5,18.32,240.0,2018-08-21,2018-08-14,2018-10-12,31,412.2,,,412.2,1.2281659388646289,0.5822416302765648,2018-08-14,2018-10-12,59,28,0.5254237288135594,2,Type-C (Large Heavy)
521,H1088,191,FLAT,9.0,11.95,63.9435714285714,2018-08-21,2018-08-15,2018-09-28,24,107.55,,,107.55,0.7531380753138076,0.5945473865975955,2018-08-15,2018-09-28,44,20,0.5454545454545454,0,Type-A (Standard Medium)
506,H1088,143,FLAT,10.97,13.152,83.8045725714286,2018-08-21,2018-08-15,2018-09-29,25,144.27744,,,144.27744,0.8340936739659368,0.5808570804377219,2018-08-15,2018-09-29,45,20,0.5555555555555556,0,Type-A (Standard Medium)
507,H1087,153,FLAT,18.861,13.05,150.297091714286,2018-08-21,2018-08-15,2018-09-29,25,246.13605,,,246.13605,1.4452873563218391,0.610626081446769,2018-08-15,2018-09-29,45,20,0.5555555555555556,0,Type-A (Standard Medium)
540,H1087,621,FLAT,8.95,15.97,95.7552571428572,2018-08-22,2018-07-20,2018-09-25,10,142.9315,,,142.9315,0.5604257983719473,0.6699380972203972,2018-07-20,2018-09-25,67,57,0.14925373134328357,3,Type-D (Long-lead Urgent)
518,H1088,181,FLAT,15.0,11.95,105.086428571429,2018-08-22,2018-08-16,2018-09-29,24,179.25,,,179.25,1.2552301255230127,0.5862562263399107,2018-08-16,2018-09-29,44,20,0.5454545454545454,0,Type-A (Standard Medium)
546,H1087,161,FLAT,11.58,12.405,82.2801214285714,2018-08-22,2018-08-16,2018-09-24,19,143.6499,,,143.6499,0.9334945586457074,0.572782309131934,2018-08-16,2018-09-24,39,20,0.48717948717948717,0,Type-A (Standard Medium)
547,H1088,171,CURVED,21.526,7.65,149.111764571429,2018-08-22,2018-08-16,2018-09-24,19,164.6739,,,164.6739,2.8138562091503267,0.9054972559186915,2018-08-16,2018-09-24,39,20,0.48717948717948717,0,Type-A (Standard Medium)
448,H1087,183,CURVED,9.9,20.9,152.805714285714,2018-08-22,2018-08-16,2018-10-08,33,206.91,,,206.91,0.4736842105263158,0.7385129490392635,2018-08-16,2018-10-08,53,20,0.6226415094339622,1,Type-B (Small Light)
463,H1087,125,FLAT,14.8,19.15,167.360714285714,2018-08-22,2018-08-16,2018-10-06,31,283.42,,,283.42,0.772845953002611,0.5905042491204361,2018-08-16,2018-10-06,51,20,0.6078431372549019,1,Type-B (Small Light)
433,H1087,631,FLAT,16.117,19.25,180.091482571429,2018-08-24,2018-08-18,2018-10-14,37,310.25225,,,310.25225,0.8372467532467532,0.5804679339841339,2018-08-18,2018-10-14,57,20,0.6491228070175439,1,Type-B (Small Light)
432,H1087,621,FLAT,18.334,19.25,201.913730285714,2018-08-24,2018-08-18,2018-10-14,37,352.9295,,,352.9295,0.9524155844155844,0.5721078297102226,2018-08-18,2018-10-14,57,20,0.6491228070175439,2,Type-C (Large Heavy)
453,H1088,135,FLAT,18.6,19.35,205.823571428571,2018-08-24,2018-08-18,2018-10-07,30,359.91,,,359.9100000000001,0.9612403100775194,0.5718751116350503,2018-08-18,2018-10-07,50,20,0.6,2,Type-C (Large Heavy)
484,H1088,623,CURVED,13.38,18.79,152.025285714286,2018-08-24,2018-08-24,2018-10-10,15,251.4102,,,251.4102,0.7120808940926026,0.6046902063412145,2018-08-24,2018-10-10,47,32,0.3191489361702128,3,Type-D (Long-lead Urgent)
485,H1088,633,FLAT,13.38,18.79,152.025285714286,2018-08-24,2018-08-24,2018-10-10,15,251.4102,,,251.4102,0.7120808940926026,0.6046902063412145,2018-08-24,2018-10-10,47,32,0.3191489361702128,3,Type-D (Long-lead Urgent)
472,H1088,272,FLAT,14.4,17.28,144.559542857143,2018-08-25,2018-08-19,2018-10-10,31,248.832,,,248.83200000000002,0.8333333333333333,0.5809523809523814,2018-08-19,2018-10-10,52,21,0.5961538461538461,1,Type-B (Small Light)
471,H1088,262,FLAT,14.6,17.28,146.216685714286,2018-08-25,2018-08-19,2018-10-10,31,252.288,,,252.288,0.8449074074074073,0.5795625860694364,2018-08-19,2018-10-10,52,21,0.5961538461538461,1,Type-B (Small Light)
476,H1087,623,FLAT,13.38,18.79,152.025285714286,2018-08-25,2018-08-25,2018-10-11,15,251.4102,,,251.4102,0.7120808940926026,0.6046902063412145,2018-08-25,2018-10-11,47,32,0.3191489361702128,3,Type-D (Long-lead Urgent)
477,H1087,633,FLAT,13.38,18.79,152.025285714286,2018-08-25,2018-08-25,2018-10-11,15,251.4102,,,251.4102,0.7120808940926026,0.6046902063412145,2018-08-25,2018-10-11,47,32,0.3191489361702128,3,Type-D (Long-lead Urgent)
454,H1088,194,FLAT,20.1,21.05,240.0,2018-08-26,2018-08-20,2018-10-07,28,423.105,,,423.105,0.9548693586698338,0.5672350834899138,2018-08-20,2018-10-07,48,20,0.5833333333333334,2,Type-C (Large Heavy)
498,H1087,183,FLAT,8.82,15.798,93.5340582857143,2018-08-27,2018-08-21,2018-10-02,22,139.33836,,,139.33836,0.5582985187998482,0.6712728518242521,2018-08-21,2018-10-02,42,20,0.5238095238095238,0,Type-A (Standard Medium)
455,H1088,184,FLAT,9.804,21.05,154.063118857143,2018-08-27,2018-08-21,2018-10-07,27,206.3742,,,206.3742,0.4657482185273159,0.7465231548184947,2018-08-21,2018-10-07,47,20,0.574468085106383,1,Type-B (Small Light)
499,H1088,193,FLAT,15.59,15.978,142.384166857143,2018-08-27,2018-08-21,2018-10-02,22,249.09702,,,249.09702,0.9757166103392164,0.571601245398853,2018-08-21,2018-10-02,42,20,0.5238095238095238,1,Type-B (Small Light)
377,H1088,102,FLAT,22.89,15.65,219.678457142857,2018-08-28,2018-08-22,2018-11-02,52,358.2285,,,358.2285,1.4626198083067092,0.6132355665248773,2018-08-22,2018-11-02,72,20,0.7222222222222222,2,Type-C (Large Heavy)
436,H1088,112,FLAT,14.612,23.0,212.145869714286,2018-08-29,2018-08-23,2018-10-12,30,336.076,,,336.076,0.6353043478260869,0.6312437356856365,2018-08-23,2018-10-12,50,20,0.6,1,Type-B (Small Light)
402,H1087,101,FLAT,11.577,13.021,86.7352485714286,2018-08-29,2018-08-23,2018-10-31,49,150.744117,,,150.74411700000002,0.8891022194915904,0.57538065363724,2018-08-23,2018-10-31,69,20,0.7101449275362319,1,Type-B (Small Light)
489,H1088,155,FLAT,14.7,13.05,110.397857142857,2018-08-31,2018-08-25,2018-10-06,22,191.835,,,191.835,1.1264367816091954,0.5754833953285741,2018-08-25,2018-10-06,42,20,0.5238095238095238,0,Type-A (Standard Medium)
495,H1087,144,FLAT,10.5,13.05,80.1578571428571,2018-09-01,2018-08-26,2018-10-05,20,137.025,,,137.025,0.8045977011494252,0.5849870982875905,2018-08-26,2018-10-05,40,20,0.5,0,Type-A (Standard Medium)
456,H1088,671,FLAT,18.6,14.9,162.277142857143,2018-09-01,2018-08-26,2018-10-10,25,277.14,,,277.14000000000004,1.2483221476510067,0.5855421189909178,2018-08-26,2018-10-10,45,20,0.5555555555555556,1,Type-B (Small Light)
478,H1087,642,FLAT,13.412,19.5,160.037641142857,2018-09-01,2018-08-27,2018-10-11,16,261.534,,,261.534,0.6877948717948719,0.6119190665185292,2018-08-27,2018-10-11,45,29,0.35555555555555557,3,Type-D (Long-lead Urgent)
479,H1087,652,FLAT,13.412,19.5,160.037641142857,2018-09-01,2018-08-27,2018-10-11,16,261.534,,,261.534,0.6877948717948719,0.6119190665185292,2018-08-27,2018-10-11,45,29,0.35555555555555557,3,Type-D (Long-lead Urgent)
490,H1088,154,FLAT,14.94,13.05,112.430314285714,2018-09-02,2018-08-27,2018-10-06,20,194.967,,,194.967,1.1448275862068964,0.5766633034601445,2018-08-27,2018-10-06,40,20,0.5,0,Type-A (Standard Medium)
473,H1088,642,FLAT,13.412,19.5,160.037641142857,2018-09-02,2018-08-28,2018-10-12,16,261.534,,,261.534,0.6877948717948719,0.6119190665185292,2018-08-28,2018-10-12,45,29,0.35555555555555557,3,Type-D (Long-lead Urgent)
474,H1088,652,FLAT,13.412,19.5,160.037641142857,2018-09-02,2018-08-28,2018-10-12,16,261.534,,,261.534,0.6877948717948719,0.6119190665185292,2018-08-28,2018-10-12,45,29,0.35555555555555557,3,Type-D (Long-lead Urgent)
486,H1088,145,FLAT,10.1,13.065,77.9154928571428,2018-09-03,2018-08-28,2018-10-07,20,131.9565,,,131.95649999999998,0.7730577879831612,0.5904634698339438,2018-08-28,2018-10-07,40,20,0.5,0,Type-A (Standard Medium)
441,H1088,836,FLAT,8.0,21.0,144.285714285714,2018-09-04,2018-09-01,2018-10-11,33,168.0,,,168.0,0.38095238095238093,0.8588435374149642,2018-09-01,2018-10-11,40,7,0.825,1,Type-B (Small Light)
442,H1088,836,FLAT,8.0,21.0,144.285714285714,2018-09-04,2018-09-01,2018-10-11,33,168.0,,,168.0,0.38095238095238093,0.8588435374149642,2018-09-01,2018-10-11,40,7,0.825,1,Type-B (Small Light)
439,H1088,826,CURVED,20.5,21.0,240.0,2018-09-04,2018-09-01,2018-10-11,33,430.5,,,430.5,0.9761904761904762,0.5574912891986062,2018-09-01,2018-10-11,40,7,0.825,2,Type-C (Large Heavy)
440,H1088,826,FLAT,20.5,21.0,240.0,2018-09-04,2018-09-01,2018-10-11,33,430.5,,,430.5,0.9761904761904762,0.5574912891986062,2018-09-01,2018-10-11,40,7,0.825,2,Type-C (Large Heavy)
408,H1088,801,FLAT,28.614,19.075,240.0,2018-09-07,2018-08-29,2018-10-29,37,545.81205,,,545.81205,1.500078636959371,0.4397118018922448,2018-08-29,2018-10-29,61,24,0.6065573770491803,2,Type-C (Large Heavy)
434,H1087,803,FLAT,15.5,18.0,161.214285714286,2018-09-07,2018-09-06,2018-10-13,32,279.0,,,279.0,0.8611111111111112,0.5778289810547885,2018-09-06,2018-10-13,37,5,0.8648648648648649,1,Type-B (Small Light)
407,H1088,801,FLAT,28.614,19.075,240.0,2018-09-08,2018-08-30,2018-10-30,37,545.81205,,,545.81205,1.500078636959371,0.4397118018922448,2018-08-30,2018-10-30,61,24,0.6065573770491803,2,Type-C (Large Heavy)
427,H1087,661,FLAT,18.6,14.9,162.277142857143,2018-09-08,2018-09-02,2018-10-21,29,277.14,,,277.14000000000004,1.2483221476510067,0.5855421189909178,2018-09-02,2018-10-21,49,20,0.5918367346938775,1,Type-B (Small Light)
426,H1088,834,FLAT,9.215,10.9,58.2074928571429,2018-09-10,2018-09-04,2018-10-26,19,100.4435,,,100.4435,0.8454128440366973,0.5795048246739999,2018-09-04,2018-10-26,52,33,0.36538461538461536,0,Type-A (Standard Medium)
425,H1088,824,FLAT,15.665,11.094,105.276874571429,2018-09-10,2018-09-04,2018-10-26,19,173.78751,,,173.78750999999997,1.4120245177573463,0.605779290879011,2018-09-04,2018-10-26,52,33,0.36538461538461536,3,Type-D (Long-lead Urgent)
430,H1087,832,CURVED,6.767,14.288,71.4112094285714,2018-09-11,2018-09-05,2018-10-26,18,96.686896,,,96.686896,0.4736142217245241,0.7385820869517974,2018-09-05,2018-10-26,51,33,0.35294117647058826,3,Type-D (Long-lead Urgent)
431,H1087,833,FLAT,8.709,14.287,79.9900142857143,2018-09-11,2018-09-05,2018-10-26,18,124.425483,,,124.425483,0.6095751382375586,0.6428748545481981,2018-09-05,2018-10-26,51,33,0.35294117647058826,3,Type-D (Long-lead Urgent)
428,H1087,822,FLAT,16.086,14.292,132.291617142857,2018-09-11,2018-09-05,2018-10-26,18,229.901112,,,229.90111199999998,1.1255247691015953,0.5754283482667845,2018-09-05,2018-10-26,51,33,0.35294117647058826,3,Type-D (Long-lead Urgent)
429,H1087,823,FLAT,16.231,14.307,133.753031428571,2018-09-11,2018-09-05,2018-10-26,18,232.216917,,,232.21691700000002,1.1344796253582163,0.5759831503945554,2018-09-05,2018-10-26,51,33,0.35294117647058826,3,Type-D (Long-lead Urgent)
437,H1088,292,FLAT,16.6,19.5,187.374285714286,2018-09-12,2018-09-06,2018-10-18,34,323.7,,,323.70000000000005,0.8512820512820514,0.5788516704179363,2018-09-06,2018-10-18,42,8,0.8095238095238095,1,Type-B (Small Light)
465,H1087,653,FLAT,11.2,17.72,125.553828571429,2018-09-12,2018-09-09,2018-10-13,16,198.464,,,198.46399999999997,0.6320541760722348,0.6326277237757427,2018-09-09,2018-10-13,34,18,0.47058823529411764,3,Type-D (Long-lead Urgent)
464,H1087,643,FLAT,13.412,17.72,141.108612571429,2018-09-12,2018-09-09,2018-10-13,16,237.66064,,,237.66064,0.7568848758465012,0.5937399334253624,2018-09-09,2018-10-13,34,18,0.47058823529411764,3,Type-D (Long-lead Urgent)
444,H1087,282,FLAT,14.7,19.5,170.382857142857,2018-09-14,2018-09-07,2018-10-16,32,286.65,,,286.65,0.7538461538461538,0.5943933617403001,2018-09-07,2018-10-16,39,7,0.8205128205128205,1,Type-B (Small Light)
435,H1088,292,FLAT,16.6,19.5,187.374285714286,2018-09-14,2018-09-08,2018-10-19,33,323.7,,,323.70000000000005,0.8512820512820514,0.5788516704179363,2018-09-08,2018-10-19,41,8,0.8048780487804879,1,Type-B (Small Light)
492,H1087,834,FLAT,9.215,10.9,58.2074928571429,2018-09-14,2018-09-10,2018-10-08,22,100.4435,,,100.4435,0.8454128440366973,0.5795048246739999,2018-09-10,2018-10-08,28,6,0.7857142857142857,0,Type-A (Standard Medium)
491,H1087,824,FLAT,15.665,11.094,105.276874571429,2018-09-14,2018-09-10,2018-10-08,22,173.78751,,,173.78750999999997,1.4120245177573463,0.605779290879011,2018-09-10,2018-10-08,28,6,0.7857142857142857,0,Type-A (Standard Medium)
458,H1088,653,FLAT,11.2,17.72,125.553828571429,2018-09-14,2018-09-11,2018-10-14,15,198.464,,,198.46399999999997,0.6320541760722348,0.6326277237757427,2018-09-11,2018-10-14,33,18,0.45454545454545453,3,Type-D (Long-lead Urgent)
457,H1088,643,CURVED,13.412,17.72,141.108612571429,2018-09-14,2018-09-11,2018-10-14,15,237.66064,,,237.66064,0.7568848758465012,0.5937399334253624,2018-09-11,2018-10-14,33,18,0.45454545454545453,3,Type-D (Long-lead Urgent)
515,H1088,833,FLAT,8.709,14.287,79.9900142857143,2018-09-14,2018-09-14,2018-10-04,15,124.425483,,,124.425483,0.6095751382375586,0.6428748545481981,2018-09-14,2018-10-04,20,5,0.75,0,Type-A (Standard Medium)
475,H1087,823,CURVED,16.231,14.307,133.753031428571,2018-09-14,2018-09-14,2018-10-13,21,232.216917,,,232.21691700000002,1.1344796253582163,0.5759831503945554,2018-09-14,2018-10-13,29,8,0.7241379310344828,0,Type-A (Standard Medium)
443,H1087,282,FLAT,14.7,19.5,170.382857142857,2018-09-15,2018-09-08,2018-10-17,32,286.65,,,286.65,0.7538461538461538,0.5943933617403001,2018-09-08,2018-10-17,39,7,0.8205128205128205,1,Type-B (Small Light)
488,H1088,834,FLAT,9.215,10.9,58.2074928571429,2018-09-15,2018-09-11,2018-10-09,22,100.4435,,,100.4435,0.8454128440366973,0.5795048246739999,2018-09-11,2018-10-09,28,6,0.7857142857142857,0,Type-A (Standard Medium)
487,H1088,824,FLAT,15.665,11.094,105.276874571429,2018-09-15,2018-09-11,2018-10-09,22,173.78751,,,173.78750999999997,1.4120245177573463,0.605779290879011,2018-09-11,2018-10-09,28,6,0.7857142857142857,0,Type-A (Standard Medium)
508,H1087,833,FLAT,8.709,14.287,79.9900142857143,2018-09-15,2018-09-15,2018-10-05,15,124.425483,,,124.425483,0.6095751382375586,0.6428748545481981,2018-09-15,2018-10-05,20,5,0.75,0,Type-A (Standard Medium)
466,H1087,823,CURVED,16.231,14.307,133.753031428571,2018-09-15,2018-09-15,2018-10-14,21,232.216917,,,232.21691700000002,1.1344796253582163,0.5759831503945554,2018-09-15,2018-10-14,29,8,0.7241379310344828,0,Type-A (Standard Medium)
415,H1087,836,FLAT,8.0,21.0,144.285714285714,2018-09-16,2018-09-08,2018-10-23,31,168.0,,,168.0,0.38095238095238093,0.8588435374149642,2018-09-08,2018-10-23,45,14,0.6888888888888889,1,Type-B (Small Light)
414,H1087,826,FLAT,20.5,21.0,240.0,2018-09-16,2018-09-08,2018-10-23,31,430.5,,,430.5,0.9761904761904762,0.5574912891986062,2018-09-08,2018-10-23,45,14,0.6888888888888889,2,Type-C (Large Heavy)
390,H1088,182,FLAT,12.25,9.2,67.0578571428571,2018-09-17,2018-09-11,2018-11-11,41,112.7,,,112.69999999999999,1.3315217391304348,0.595012042083914,2018-09-11,2018-11-11,61,20,0.6721311475409836,0,Type-A (Standard Medium)
378,H1088,123,FLAT,19.5,18.75,209.089285714286,2018-09-18,2018-09-12,2018-11-14,43,365.625,,,365.625,1.04,0.5718681318681327,2018-09-12,2018-11-14,63,20,0.6825396825396826,2,Type-C (Large Heavy)
379,H1087,133,FLAT,25.083,18.75,240.0,2018-09-18,2018-09-12,2018-11-14,43,470.30625,,,470.30625,1.3377599999999998,0.5103057847944823,2018-09-12,2018-11-14,63,20,0.6825396825396826,2,Type-C (Large Heavy)
403,H1088,824,CURVED,24.1,17.41,240.0,2018-09-19,2018-09-13,2018-11-01,34,419.581,,,419.581,1.3842619184376797,0.5719992087344279,2018-09-13,2018-11-01,49,15,0.6938775510204082,2,Type-C (Large Heavy)
330,H1088,110,FLAT,15.0,4.932,71.2356068571429,2018-09-21,2018-09-15,2018-11-28,54,73.98,,,73.98,3.041362530413625,0.9629035801181791,2018-09-15,2018-11-28,74,20,0.7297297297297297,0,Type-A (Standard Medium)
413,H1087,834,FLAT,20.0,16.8,194.925714285714,2018-09-21,2018-09-15,2018-10-23,33,336.0,,,336.0,1.1904761904761905,0.5801360544217679,2018-09-15,2018-10-23,38,5,0.868421052631579,2,Type-C (Large Heavy)
373,H1088,192,FLAT,16.9,9.2,105.785714285714,2018-09-23,2018-09-17,2018-11-17,41,155.48,,,155.47999999999996,1.8369565217391304,0.680381491418279,2018-09-17,2018-11-17,61,20,0.6721311475409836,0,Type-A (Standard Medium)
412,H1087,653,CURVED,11.2,17.72,125.553828571429,2018-09-23,2018-09-17,2018-11-02,19,198.464,,,198.46399999999997,0.6320541760722348,0.6326277237757427,2018-09-17,2018-11-02,46,27,0.41304347826086957,3,Type-D (Long-lead Urgent)
417,H1087,643,FLAT,13.412,17.72,141.108612571429,2018-09-23,2018-09-17,2018-10-30,19,237.66064,,,237.66064,0.7568848758465012,0.5937399334253624,2018-09-17,2018-10-30,43,24,0.4418604651162791,3,Type-D (Long-lead Urgent)
411,H1087,652,FLAT,13.412,19.5,160.037641142857,2018-09-23,2018-09-17,2018-11-02,19,261.534,,,261.534,0.6877948717948719,0.6119190665185292,2018-09-17,2018-11-02,46,27,0.41304347826086957,3,Type-D (Long-lead Urgent)
416,H1087,642,FLAT,13.412,19.5,160.037641142857,2018-09-23,2018-09-17,2018-10-30,19,261.534,,,261.534,0.6877948717948719,0.6119190665185292,2018-09-17,2018-10-30,43,24,0.4418604651162791,3,Type-D (Long-lead Urgent)
353,H1087,801,FLAT,24.3,17.0,240.0,2018-09-23,2018-09-22,2018-11-27,47,413.1,,,413.1,1.4294117647058824,0.5809731299927378,2018-09-22,2018-11-27,66,19,0.7121212121212122,2,Type-C (Large Heavy)
351,H1087,111,FLAT,11.85,24.0,204.692142857143,2018-09-26,2018-09-20,2018-11-23,44,284.4,,,284.4,0.49374999999999997,0.7197332730560585,2018-09-20,2018-11-23,64,20,0.6875,1,Type-B (Small Light)
381,H1087,633,FLAT,12.7,19.8,158.094285714286,2018-09-26,2018-09-20,2018-11-17,38,251.46,,,251.46,0.6414141414141413,0.6287055027212519,2018-09-20,2018-11-17,58,20,0.6551724137931034,1,Type-B (Small Light)
380,H1087,623,FLAT,13.6,19.8,164.857142857143,2018-09-26,2018-09-20,2018-11-17,38,269.28,,,269.28000000000003,0.6868686868686869,0.6122145828028186,2018-09-20,2018-11-17,58,20,0.6551724137931034,1,Type-B (Small Light)
398,H1087,825,FLAT,24.4,10.4,201.005714285714,2018-09-28,2018-09-09,2018-11-09,33,253.76,,,253.76,2.346153846153846,0.7921095298144467,2018-09-09,2018-11-09,61,28,0.5409836065573771,2,Type-C (Large Heavy)
422,H1088,231,FLAT,15.25,8.2,85.6578571428571,2018-09-28,2018-09-22,2018-10-29,17,125.05,,,125.04999999999998,1.8597560975609757,0.6849888615982176,2018-09-22,2018-10-29,37,20,0.4594594594594595,0,Type-A (Standard Medium)
421,H1088,221,CURVED,18.25,8.2,114.372142857143,2018-09-28,2018-09-22,2018-10-29,17,149.65,,,149.64999999999998,2.225609756097561,0.7642642355973472,2018-09-22,2018-10-29,37,20,0.4594594594594595,0,Type-A (Standard Medium)
410,H1088,835,FLAT,7.416,16.884,97.1618605714286,2018-09-28,2018-09-28,2018-10-30,25,125.211744,,,125.21174400000001,0.43923240938166314,0.7759804110022507,2018-09-28,2018-10-30,32,7,0.78125,1,Type-B (Small Light)
409,H1088,825,FLAT,19.167,16.931,186.866471428571,2018-09-28,2018-09-28,2018-10-30,25,324.516477,,,324.51647700000007,1.1320654420884768,0.5758304575350451,2018-09-28,2018-10-30,32,7,0.78125,1,Type-B (Small Light)
357,H1088,103,FLAT,34.122,13.75,240.0,2018-09-29,2018-09-23,2018-11-25,43,469.1775,,,469.1775,2.4816,0.511533481464904,2018-09-23,2018-11-25,63,20,0.6825396825396826,2,Type-C (Large Heavy)
392,H1088,632,FLAT,13.5,20.0,166.357142857143,2018-10-06,2018-09-30,2018-11-18,29,270.0,,,270.0,0.675,0.6161375661375667,2018-09-30,2018-11-18,49,20,0.5918367346938775,1,Type-B (Small Light)
391,H1088,622,FLAT,16.9,20.0,195.888571428571,2018-10-06,2018-09-30,2018-11-18,29,338.0,,,338.0,0.845,0.5795519864750621,2018-09-30,2018-11-18,49,20,0.5918367346938775,1,Type-B (Small Light)
324,H1088,101,FLAT,30.66,9.4,240.0,2018-10-07,2018-09-30,2018-12-16,30,288.204,,,288.204,3.2617021276595746,0.8327434733730275,2018-09-30,2018-12-16,77,47,0.38961038961038963,2,Type-C (Large Heavy)
325,H1088,101,FLAT,30.66,9.4,240.0,2018-10-07,2018-09-30,2018-12-16,30,288.204,,,288.204,3.2617021276595746,0.8327434733730275,2018-09-30,2018-12-16,77,47,0.38961038961038963,2,Type-C (Large Heavy)
394,H1088,833,CURVED,24.0,15.6,234.102857142857,2018-10-08,2018-09-12,2018-11-12,30,374.4,,,374.4,1.5384615384615385,0.6252747252747249,2018-09-12,2018-11-12,61,31,0.4918032786885246,2,Type-C (Large Heavy)
393,H1088,823,FLAT,21.1,15.6,196.734285714286,2018-10-08,2018-09-12,2018-11-12,30,329.16,,,329.16,1.3525641025641026,0.597685884415743,2018-09-12,2018-11-12,61,31,0.4918032786885246,2,Type-C (Large Heavy)
372,H1088,835,FLAT,13.5,10.4,82.9742857142857,2018-10-09,2018-09-20,2018-11-19,32,140.4,,,140.4,1.2980769230769231,0.5909849409849408,2018-09-20,2018-11-19,60,28,0.5333333333333333,0,Type-A (Standard Medium)
395,H1087,845,FLAT,18.075,12.65,139.065178571429,2018-10-12,2018-09-21,2018-11-11,31,228.64875,,,228.64875,1.4288537549407114,0.6082044121012207,2018-09-21,2018-11-11,51,20,0.6078431372549019,0,Type-A (Standard Medium)
360,H1088,193,FLAT,20.1,20.9,240.0,2018-10-12,2018-10-06,2018-11-30,35,420.09,,,420.09,0.9617224880382776,0.5713061486824252,2018-10-06,2018-11-30,55,20,0.6363636363636364,2,Type-C (Large Heavy)
400,H1087,832,FLAT,22.0,15.4,206.045714285714,2018-10-13,2018-09-18,2018-11-12,24,338.8,,,338.8,1.4285714285714286,0.6081632653061216,2018-09-18,2018-11-12,55,31,0.43636363636363634,2,Type-C (Large Heavy)
399,H1087,822,FLAT,19.175,15.4,172.811607142857,2018-10-13,2018-09-18,2018-11-12,24,295.295,,,295.295,1.24512987012987,0.5852168412701095,2018-09-18,2018-11-12,55,31,0.43636363636363634,3,Type-D (Long-lead Urgent)
385,H1087,855,CURVED,14.0,12.6,101.36,2018-10-13,2018-09-22,2018-11-13,31,176.4,,,176.4,1.1111111111111112,0.5746031746031746,2018-09-22,2018-11-13,52,21,0.5961538461538461,0,Type-A (Standard Medium)
363,H1087,124,FLAT,15.49,19.15,173.332171428571,2018-10-13,2018-10-07,2018-11-28,32,296.6335,,,296.63349999999997,0.8088772845953003,0.5843310732893319,2018-10-07,2018-11-28,52,20,0.6153846153846154,1,Type-B (Small Light)
361,H1088,183,FLAT,9.9,20.9,152.805714285714,2018-10-14,2018-10-08,2018-11-30,33,206.91,,,206.91,0.4736842105263158,0.7385129490392635,2018-10-08,2018-11-30,53,20,0.6226415094339622,1,Type-B (Small Light)
374,H1088,662,FLAT,14.6,20.0,175.188571428571,2018-10-14,2018-10-08,2018-11-24,27,292.0,,,292.0,0.73,0.5999608610567501,2018-10-08,2018-11-24,47,20,0.574468085106383,1,Type-B (Small Light)
375,H1088,672,FLAT,14.6,20.0,175.188571428571,2018-10-14,2018-10-08,2018-11-24,27,292.0,,,292.0,0.73,0.5999608610567501,2018-10-08,2018-11-24,47,20,0.574468085106383,1,Type-B (Small Light)
387,H1088,191,FLAT,9.0,11.95,63.9435714285714,2018-10-15,2018-10-09,2018-11-21,23,107.55,,,107.55,0.7531380753138076,0.5945473865975955,2018-10-09,2018-11-21,43,20,0.5348837209302325,0,Type-A (Standard Medium)
401,H1087,104,FLAT,13.35,13.05,99.5785714285714,2018-10-15,2018-10-09,2018-11-13,15,174.2175,,,174.2175,1.0229885057471264,0.5715761701813618,2018-10-09,2018-11-13,35,20,0.42857142857142855,0,Type-A (Standard Medium)
356,H1088,134,FLAT,18.74,19.44,208.314628571429,2018-10-15,2018-10-09,2018-12-01,33,364.3056,,,364.30559999999997,0.9639917695473249,0.5718128641761999,2018-10-09,2018-12-01,53,20,0.6226415094339622,2,Type-C (Large Heavy)
354,H1087,221,FLAT,20.0,15.97,187.154542857143,2018-10-15,2018-10-14,2018-12-18,12,319.4,,,319.40000000000003,1.2523481527864746,0.5859566150818504,2018-10-14,2018-12-18,65,53,0.18461538461538463,3,Type-D (Long-lead Urgent)
355,H1088,221,FLAT,21.0,15.97,198.868828571429,2018-10-15,2018-10-14,2018-12-18,12,335.37,,,335.37,1.3149655604257984,0.5929833574005695,2018-10-14,2018-12-18,65,53,0.18461538461538463,3,Type-D (Long-lead Urgent)
405,H1088,132,FLAT,10.0,9.55,54.6292857142857,2018-10-16,2018-10-10,2018-11-13,14,95.5,,,95.5,1.0471204188481675,0.5720344053851906,2018-10-10,2018-11-13,34,20,0.4117647058823529,0,Type-A (Standard Medium)
376,H1088,181,CURVED,14.0,11.95,96.8007142857143,2018-10-16,2018-10-10,2018-11-23,24,167.3,,,167.29999999999998,1.1715481171548119,0.5786055844932116,2018-10-10,2018-11-23,44,20,0.5454545454545454,0,Type-A (Standard Medium)
404,H1088,122,FLAT,17.0,9.55,108.629285714286,2018-10-16,2018-10-10,2018-11-13,14,162.35,,,162.35000000000002,1.7801047120418847,0.6691055479783553,2018-10-10,2018-11-13,34,20,0.4117647058823529,0,Type-A (Standard Medium)
388,H1088,162,FLAT,17.86,7.8,108.519885714286,2018-10-16,2018-10-10,2018-11-20,21,139.308,,,139.308,2.2897435897435896,0.7789924894068252,2018-10-10,2018-11-20,41,20,0.5121951219512195,0,Type-A (Standard Medium)
389,H1088,172,FLAT,18.45,12.45,141.544285714286,2018-10-16,2018-10-10,2018-11-20,21,229.7025,,,229.7025,1.4819277108433735,0.6162069882316735,2018-10-10,2018-11-20,41,20,0.5121951219512195,0,Type-A (Standard Medium)
362,H1088,125,FLAT,14.8,19.15,167.360714285714,2018-10-16,2018-10-10,2018-11-30,31,283.42,,,283.42,0.772845953002611,0.5905042491204361,2018-10-10,2018-11-30,51,20,0.6078431372549019,1,Type-B (Small Light)
369,H1087,143,FLAT,10.97,13.152,83.8045725714286,2018-10-17,2018-10-11,2018-11-25,25,144.27744,,,144.27744,0.8340936739659368,0.5808570804377219,2018-10-11,2018-11-25,45,20,0.5555555555555556,0,Type-A (Standard Medium)
370,H1087,153,FLAT,18.861,13.05,150.297091714286,2018-10-17,2018-10-11,2018-11-25,25,246.13605,,,246.13605,1.4452873563218391,0.610626081446769,2018-10-11,2018-11-25,45,20,0.5555555555555556,0,Type-A (Standard Medium)
358,H1088,135,CURVED,18.6,19.35,205.823571428571,2018-10-17,2018-10-11,2018-12-01,31,359.91,,,359.9100000000001,0.9612403100775194,0.5718751116350503,2018-10-11,2018-12-01,51,20,0.6078431372549019,2,Type-C (Large Heavy)
364,H1087,194,FLAT,20.1,21.05,240.0,2018-10-17,2018-10-11,2018-11-28,28,423.105,,,423.105,0.9548693586698338,0.5672350834899138,2018-10-11,2018-11-28,48,20,0.5833333333333334,2,Type-C (Large Heavy)
396,H1087,161,FLAT,11.58,12.405,82.2801214285714,2018-10-19,2018-10-13,2018-11-20,18,143.6499,,,143.6499,0.9334945586457074,0.572782309131934,2018-10-13,2018-11-20,38,20,0.47368421052631576,0,Type-A (Standard Medium)
397,H1087,171,FLAT,21.526,7.65,149.111764571429,2018-10-19,2018-10-13,2018-11-20,18,164.6739,,,164.6739,2.8138562091503267,0.9054972559186915,2018-10-13,2018-11-20,38,20,0.47368421052631576,0,Type-A (Standard Medium)
365,H1087,184,FLAT,9.804,21.05,154.063118857143,2018-10-19,2018-10-13,2018-11-28,26,206.3742,,,206.3742,0.4657482185273159,0.7465231548184947,2018-10-13,2018-11-28,46,20,0.5652173913043478,1,Type-B (Small Light)
340,H1088,631,CURVED,16.117,19.25,180.091482571429,2018-10-19,2018-10-13,2018-12-09,37,310.25225,,,310.25225,0.8372467532467532,0.5804679339841339,2018-10-13,2018-12-09,57,20,0.6491228070175439,1,Type-B (Small Light)
339,H1088,621,FLAT,18.334,19.25,201.913730285714,2018-10-19,2018-10-13,2018-12-09,37,352.9295,,,352.9295,0.9524155844155844,0.5721078297102226,2018-10-13,2018-12-09,57,20,0.6491228070175439,2,Type-C (Large Heavy)
349,H1087,231,CURVED,14.308,15.97,131.359932571429,2018-10-19,2018-10-15,2018-12-18,14,228.49876,,,228.49876,0.8959298685034439,0.5748824745107107,2018-10-15,2018-12-18,64,50,0.21875,3,Type-D (Long-lead Urgent)
350,H1087,231,FLAT,14.308,15.97,131.359932571429,2018-10-19,2018-10-15,2018-12-18,14,228.49876,,,228.49876,0.8959298685034439,0.5748824745107107,2018-10-15,2018-12-18,64,50,0.21875,3,Type-D (Long-lead Urgent)
382,H1087,683,FLAT,17.8,14.8,153.108571428571,2018-10-20,2018-09-24,2018-11-16,32,263.44,,,263.44,1.2027027027027026,0.5811895362457143,2018-09-24,2018-11-16,53,21,0.6037735849056604,1,Type-B (Small Light)
383,H1087,693,FLAT,17.8,14.8,153.108571428571,2018-10-20,2018-09-24,2018-11-16,32,263.44,,,263.44,1.2027027027027026,0.5811895362457143,2018-09-24,2018-11-16,53,21,0.6037735849056604,1,Type-B (Small Light)
386,H1087,643,FLAT,19.9,14.2,170.757142857143,2018-10-23,2018-09-26,2018-11-18,26,282.58,,,282.58,1.4014084507042253,0.6042789399714877,2018-09-26,2018-11-18,53,27,0.49056603773584906,2,Type-C (Large Heavy)
384,H1087,653,FLAT,17.9,14.2,149.157142857143,2018-10-24,2018-09-27,2018-11-19,26,254.18,,,254.17999999999998,1.26056338028169,0.5868169913334763,2018-09-27,2018-11-19,53,27,0.49056603773584906,3,Type-D (Long-lead Urgent)
341,H1088,112,FLAT,14.612,22.0,199.288726857143,2018-10-24,2018-10-18,2018-12-07,30,321.464,,,321.464,0.6641818181818182,0.6199410411652408,2018-10-18,2018-12-07,50,20,0.6,1,Type-B (Small Light)
368,H1087,155,FLAT,14.7,13.05,110.397857142857,2018-10-24,2018-10-18,2018-11-30,23,191.835,,,191.835,1.1264367816091954,0.5754833953285741,2018-10-18,2018-11-30,43,20,0.5348837209302325,0,Type-A (Standard Medium)
333,H1087,684,FLAT,14.7,20.0,176.025714285714,2018-10-26,2018-10-14,2018-12-15,35,294.0,,,294.0,0.735,0.5987269193391632,2018-10-14,2018-12-15,62,27,0.5645161290322581,1,Type-B (Small Light)
336,H1087,694,FLAT,14.7,20.0,176.025714285714,2018-10-26,2018-10-14,2018-12-14,35,294.0,,,294.0,0.735,0.5987269193391632,2018-10-14,2018-12-14,61,26,0.5737704918032787,1,Type-B (Small Light)
371,H1088,144,FLAT,10.5,13.05,80.1578571428571,2018-10-26,2018-10-20,2018-11-28,19,137.025,,,137.025,0.8045977011494252,0.5849870982875905,2018-10-20,2018-11-28,39,20,0.48717948717948717,0,Type-A (Standard Medium)
359,H1088,671,FLAT,18.6,14.9,162.277142857143,2018-10-26,2018-10-20,2018-12-04,25,277.14,,,277.14000000000004,1.2483221476510067,0.5855421189909178,2018-10-20,2018-12-04,45,20,0.5555555555555556,1,Type-B (Small Light)
342,H1088,122,FLAT,15.531,12.2,111.443417428571,2018-10-27,2018-10-20,2018-12-13,16,189.4782,,,189.4782,1.273032786885246,0.5881595741809401,2018-10-20,2018-12-13,54,38,0.2962962962962963,3,Type-D (Long-lead Urgent)
343,H1088,122,FLAT,15.531,12.2,111.443417428571,2018-10-27,2018-10-20,2018-12-13,16,189.4782,,,189.4782,1.273032786885246,0.5881595741809401,2018-10-20,2018-12-13,54,38,0.2962962962962963,3,Type-D (Long-lead Urgent)
344,H1088,132,FLAT,18.94,12.2,145.018171428571,2018-10-27,2018-10-20,2018-12-13,16,231.068,,,231.068,1.5524590163934429,0.6275995439808671,2018-10-20,2018-12-13,54,38,0.2962962962962963,3,Type-D (Long-lead Urgent)
345,H1088,132,FLAT,18.94,12.2,145.018171428571,2018-10-27,2018-10-20,2018-12-13,16,231.068,,,231.068,1.5524590163934429,0.6275995439808671,2018-10-20,2018-12-13,54,38,0.2962962962962963,3,Type-D (Long-lead Urgent)
307,H1088,632,FLAT,13.38,17.28,136.463657142857,2018-10-27,2018-10-23,2018-12-26,14,231.2064,,,231.20640000000003,0.7743055555555556,0.5902243931952444,2018-10-23,2018-12-26,64,50,0.21875,3,Type-D (Long-lead Urgent)
308,H1088,632,FLAT,13.38,17.28,136.463657142857,2018-10-27,2018-10-23,2018-12-26,14,231.2064,,,231.20640000000003,0.7743055555555556,0.5902243931952444,2018-10-23,2018-12-26,64,50,0.21875,3,Type-D (Long-lead Urgent)
346,H1088,103,FLAT,29.101,15.68,240.0,2018-10-28,2018-10-21,2018-12-13,16,456.30368,,,456.30368,1.8559311224489796,0.5259655148956941,2018-10-21,2018-12-13,53,37,0.3018867924528302,2,Type-C (Large Heavy)
347,H1087,103,FLAT,29.101,15.68,240.0,2018-10-28,2018-10-21,2018-12-13,16,456.30368,,,456.30368,1.8559311224489796,0.5259655148956941,2018-10-21,2018-12-13,53,37,0.3018867924528302,2,Type-C (Large Heavy)
366,H1087,145,FLAT,10.1,13.065,77.9154928571428,2018-10-28,2018-10-22,2018-12-01,20,131.9565,,,131.95649999999998,0.7730577879831612,0.5904634698339438,2018-10-22,2018-12-01,40,20,0.5,0,Type-A (Standard Medium)
367,H1087,154,CURVED,14.94,13.05,112.430314285714,2018-10-28,2018-10-22,2018-12-01,20,194.967,,,194.967,1.1448275862068964,0.5766633034601445,2018-10-22,2018-12-01,40,20,0.5,0,Type-A (Standard Medium)
326,H1088,622,FLAT,13.38,17.28,136.463657142857,2018-10-28,2018-10-23,2018-12-24,13,231.2064,,,231.20640000000003,0.7743055555555556,0.5902243931952444,2018-10-23,2018-12-24,62,49,0.20967741935483872,3,Type-D (Long-lead Urgent)
327,H1088,622,FLAT,13.38,17.28,136.463657142857,2018-10-28,2018-10-23,2018-12-24,13,231.2064,,,231.20640000000003,0.7743055555555556,0.5902243931952444,2018-10-23,2018-12-24,62,49,0.20967741935483872,3,Type-D (Long-lead Urgent)
279,H1088,111,FLAT,22.2,13.8,195.222857142857,2018-10-29,2018-10-22,2018-12-26,25,306.36,,,306.36,1.6086956521739129,0.6372335067987237,2018-10-22,2018-12-26,65,40,0.38461538461538464,3,Type-D (Long-lead Urgent)
280,H1088,111,FLAT,22.2,13.8,195.222857142857,2018-10-29,2018-10-22,2018-12-26,25,306.36,,,306.36,1.6086956521739129,0.6372335067987237,2018-10-22,2018-12-26,65,40,0.38461538461538464,3,Type-D (Long-lead Urgent)
213,H1088,101,FLAT,30.66,9.4,240.0,2018-11-02,2018-10-26,2019-01-11,30,288.204,,,288.204,3.2617021276595746,0.8327434733730275,2018-10-26,2019-01-11,77,47,0.38961038961038963,2,Type-C (Large Heavy)
214,H1088,101,CURVED,30.66,9.4,240.0,2018-11-02,2018-10-26,2019-01-11,30,288.204,,,288.204,3.2617021276595746,0.8327434733730275,2018-10-26,2019-01-11,77,47,0.38961038961038963,2,Type-C (Large Heavy)
348,H1087,661,FLAT,18.6,14.9,162.277142857143,2018-11-02,2018-10-27,2018-12-11,25,277.14,,,277.14000000000004,1.2483221476510067,0.5855421189909178,2018-10-27,2018-12-11,45,20,0.5555555555555556,1,Type-B (Small Light)
281,H1088,183,FLAT,8.82,15.798,93.5340582857143,2018-11-02,2018-10-29,2018-12-31,21,139.33836,,,139.33836,0.5582985187998482,0.6712728518242521,2018-10-29,2018-12-31,63,42,0.3333333333333333,3,Type-D (Long-lead Urgent)
282,H1088,183,FLAT,8.82,15.798,93.5340582857143,2018-11-02,2018-10-29,2018-12-31,21,139.33836,,,139.33836,0.5582985187998482,0.6712728518242521,2018-10-29,2018-12-31,63,42,0.3333333333333333,3,Type-D (Long-lead Urgent)
283,H1087,193,FLAT,15.59,15.978,142.384166857143,2018-11-02,2018-10-29,2018-12-31,21,249.09702,,,249.09702,0.9757166103392164,0.571601245398853,2018-10-29,2018-12-31,63,42,0.3333333333333333,3,Type-D (Long-lead Urgent)
284,H1087,193,FLAT,15.59,15.978,142.384166857143,2018-11-02,2018-10-29,2018-12-31,21,249.09702,,,249.09702,0.9757166103392164,0.571601245398853,2018-10-29,2018-12-31,63,42,0.3333333333333333,3,Type-D (Long-lead Urgent)
221,H1087,144,FLAT,17.566,15.678,158.389725714286,2018-11-03,2018-10-27,2019-01-11,23,275.399748,,,275.399748,1.120423523408598,0.5751266181779005,2018-10-27,2019-01-11,76,53,0.3026315789473684,3,Type-D (Long-lead Urgent)
222,H1087,144,FLAT,17.566,15.678,158.389725714286,2018-11-03,2018-10-27,2019-01-11,23,275.399748,,,275.399748,1.120423523408598,0.5751266181779005,2018-10-27,2019-01-11,76,53,0.3026315789473684,3,Type-D (Long-lead Urgent)
223,H1087,154,CURVED,19.932,15.976,186.433485714286,2018-11-03,2018-10-27,2019-01-11,23,318.433632,,,318.433632,1.2476214321482222,0.5854704622226776,2018-10-27,2019-01-11,76,53,0.3026315789473684,3,Type-D (Long-lead Urgent)
224,H1087,154,FLAT,19.932,15.976,186.433485714286,2018-11-03,2018-10-27,2019-01-11,23,318.433632,,,318.433632,1.2476214321482222,0.5854704622226776,2018-10-27,2019-01-11,76,53,0.3026315789473684,3,Type-D (Long-lead Urgent)
229,H1088,124,FLAT,18.618,14.354,157.904925714286,2018-11-04,2018-10-29,2019-01-08,22,267.242772,,,267.24277199999995,1.2970600529469136,0.590866965390877,2018-10-29,2019-01-08,71,49,0.30985915492957744,3,Type-D (Long-lead Urgent)
230,H1088,124,FLAT,18.618,14.354,157.904925714286,2018-11-04,2018-10-29,2019-01-08,22,267.242772,,,267.24277199999995,1.2970600529469136,0.590866965390877,2018-10-29,2019-01-08,71,49,0.30985915492957744,3,Type-D (Long-lead Urgent)
231,H1088,134,FLAT,22.828,14.354,207.758542857143,2018-11-04,2018-10-29,2019-01-08,22,327.673112,,,327.67311199999995,1.5903580883377457,0.6340420841644859,2018-10-29,2019-01-08,71,49,0.30985915492957744,3,Type-D (Long-lead Urgent)
232,H1088,134,CURVED,22.828,14.354,207.758542857143,2018-11-04,2018-10-29,2019-01-08,22,327.673112,,,327.67311199999995,1.5903580883377457,0.6340420841644859,2018-10-29,2019-01-08,71,49,0.30985915492957744,3,Type-D (Long-lead Urgent)
332,H1087,824,FLAT,24.1,17.41,240.0,2018-11-04,2018-10-29,2018-12-13,30,419.581,,,419.581,1.3842619184376797,0.5719992087344279,2018-10-29,2018-12-13,45,15,0.6666666666666666,2,Type-C (Large Heavy)
352,H1087,834,FLAT,19.0,16.8,183.782857142857,2018-11-05,2018-10-30,2018-12-04,30,319.2,,,319.2,1.130952380952381,0.5757608306480483,2018-10-30,2018-12-04,35,5,0.8571428571428571,1,Type-B (Small Light)
317,H1087,143,FLAT,13.809,15.686,124.782593428571,2018-11-05,2018-10-30,2018-12-21,21,216.607974,,,216.60797399999998,0.8803391559352288,0.576075714685236,2018-10-30,2018-12-21,52,31,0.40384615384615385,3,Type-D (Long-lead Urgent)
318,H1087,143,FLAT,13.809,15.686,124.782593428571,2018-11-05,2018-10-30,2018-12-21,21,216.607974,,,216.60797399999998,0.8803391559352288,0.576075714685236,2018-10-30,2018-12-21,52,31,0.40384615384615385,3,Type-D (Long-lead Urgent)
319,H1087,153,FLAT,18.919,15.5,170.908160285714,2018-11-05,2018-10-30,2018-12-21,21,293.2445,,,293.2445,1.2205806451612904,0.5828179566393026,2018-10-30,2018-12-21,52,31,0.40384615384615385,3,Type-D (Long-lead Urgent)
320,H1087,153,FLAT,18.919,15.5,170.908160285714,2018-11-05,2018-10-30,2018-12-21,21,293.2445,,,293.2445,1.2205806451612904,0.5828179566393026,2018-10-30,2018-12-21,52,31,0.40384615384615385,3,Type-D (Long-lead Urgent)
311,H1088,621,FLAT,8.95,15.97,95.7552571428572,2018-11-05,2018-11-05,2018-12-26,14,142.9315,,,142.9315,0.5604257983719473,0.6699380972203972,2018-11-05,2018-12-26,51,37,0.27450980392156865,3,Type-D (Long-lead Urgent)
312,H1088,621,FLAT,8.95,15.97,95.7552571428572,2018-11-05,2018-11-05,2018-12-26,14,142.9315,,,142.9315,0.5604257983719473,0.6699380972203972,2018-11-05,2018-12-26,51,37,0.27450980392156865,3,Type-D (Long-lead Urgent)
305,H1087,631,FLAT,10.53,15.97,104.549085714286,2018-11-05,2018-11-05,2018-12-27,13,168.1641,,,168.1641,0.6593613024420788,0.6217087102079814,2018-11-05,2018-12-27,52,39,0.25,3,Type-D (Long-lead Urgent)
306,H1087,631,FLAT,10.53,15.97,104.549085714286,2018-11-05,2018-11-05,2018-12-27,13,168.1641,,,168.1641,0.6593613024420788,0.6217087102079814,2018-11-05,2018-12-27,52,39,0.25,3,Type-D (Long-lead Urgent)
255,H1087,273,FLAT,14.5,18.79,160.946885714286,2018-11-07,2018-11-06,2019-01-04,25,272.455,,,272.455,0.7716870675891432,0.590728324729904,2018-11-06,2019-01-04,59,34,0.423728813559322,3,Type-D (Long-lead Urgent)
256,H1087,273,FLAT,14.5,18.79,160.946885714286,2018-11-07,2018-11-06,2019-01-04,25,272.455,,,272.455,0.7716870675891432,0.590728324729904,2018-11-06,2019-01-04,59,34,0.423728813559322,3,Type-D (Long-lead Urgent)
253,H1087,263,FLAT,16.6,18.79,179.606885714286,2018-11-07,2018-11-06,2019-01-04,25,311.914,,,311.914,0.8834486428951571,0.5758218153538668,2018-11-06,2019-01-04,59,34,0.423728813559322,3,Type-D (Long-lead Urgent)
254,H1087,263,FLAT,16.6,18.79,179.606885714286,2018-11-07,2018-11-06,2019-01-04,25,311.914,,,311.914,0.8834486428951571,0.5758218153538668,2018-11-06,2019-01-04,59,34,0.423728813559322,3,Type-D (Long-lead Urgent)
200,H1088,801,FLAT,24.3,20.03,240.0,2018-11-07,2018-11-06,2019-01-08,44,486.729,,,486.72900000000004,1.2131802296555168,0.4930875292000271,2018-11-06,2019-01-08,63,19,0.6984126984126984,2,Type-C (Large Heavy)
329,H1088,835,FLAT,7.416,16.884,97.1618605714286,2018-11-09,2018-11-03,2018-12-19,19,125.211744,,,125.21174400000001,0.43923240938166314,0.7759804110022507,2018-11-03,2018-12-19,46,27,0.41304347826086957,3,Type-D (Long-lead Urgent)
328,H1088,825,FLAT,19.167,16.931,186.866471428571,2018-11-09,2018-11-03,2018-12-19,19,324.516477,,,324.51647700000007,1.1320654420884768,0.5758304575350451,2018-11-03,2018-12-19,46,27,0.41304347826086957,3,Type-D (Long-lead Urgent)
338,H1087,832,FLAT,6.767,14.288,71.4112094285714,2018-11-09,2018-11-04,2018-12-21,16,96.686896,,,96.686896,0.4736142217245241,0.7385820869517974,2018-11-04,2018-12-21,47,31,0.3404255319148936,3,Type-D (Long-lead Urgent)
337,H1087,822,FLAT,16.086,14.292,132.291617142857,2018-11-09,2018-11-04,2018-12-21,16,229.901112,,,229.90111199999998,1.1255247691015953,0.5754283482667845,2018-11-04,2018-12-21,47,31,0.3404255319148936,3,Type-D (Long-lead Urgent)
270,H1087,803,FLAT,15.5,17.0,151.214285714286,2018-11-09,2018-11-08,2018-12-25,29,263.5,,,263.5,0.9117647058823529,0.5738682569802126,2018-11-08,2018-12-25,47,18,0.6170212765957447,1,Type-B (Small Light)
310,H1088,835,FLAT,7.416,16.884,97.1618605714286,2018-11-10,2018-11-04,2018-12-21,20,125.211744,,,125.21174400000001,0.43923240938166314,0.7759804110022507,2018-11-04,2018-12-21,47,27,0.425531914893617,3,Type-D (Long-lead Urgent)
309,H1088,825,FLAT,19.167,16.931,186.866471428571,2018-11-10,2018-11-04,2018-12-21,20,324.516477,,,324.51647700000007,1.1320654420884768,0.5758304575350451,2018-11-04,2018-12-21,47,27,0.425531914893617,3,Type-D (Long-lead Urgent)
335,H1087,832,FLAT,6.767,14.288,71.4112094285714,2018-11-10,2018-11-05,2018-12-22,16,96.686896,,,96.686896,0.4736142217245241,0.7385820869517974,2018-11-05,2018-12-22,47,31,0.3404255319148936,3,Type-D (Long-lead Urgent)
334,H1087,822,FLAT,16.086,14.292,132.291617142857,2018-11-10,2018-11-05,2018-12-22,16,229.901112,,,229.90111199999998,1.1255247691015953,0.5754283482667845,2018-11-05,2018-12-22,47,31,0.3404255319148936,3,Type-D (Long-lead Urgent)
257,H1087,221,FLAT,18.0,15.97,165.440257142857,2018-11-10,2018-11-09,2019-01-12,11,287.46,,,287.46000000000004,1.127113337507827,0.5755244456371564,2018-11-09,2019-01-12,64,53,0.171875,3,Type-D (Long-lead Urgent)
258,H1087,221,FLAT,19.0,15.97,176.011685714286,2018-11-10,2018-11-09,2019-01-12,11,303.43,,,303.43,1.1897307451471508,0.5800734459818936,2018-11-09,2019-01-12,64,53,0.171875,3,Type-D (Long-lead Urgent)
268,H1087,803,CURVED,15.5,16.0,141.785714285714,2018-11-10,2018-11-09,2018-12-26,29,248.0,,,248.0,0.96875,0.57171658986175,2018-11-09,2018-12-26,47,18,0.6170212765957447,1,Type-B (Small Light)
292,H1088,825,FLAT,24.4,10.4,201.005714285714,2018-11-11,2018-10-23,2018-12-20,30,253.76,,,253.76,2.346153846153846,0.7921095298144467,2018-10-23,2018-12-20,58,28,0.5172413793103449,2,Type-C (Large Heavy)
313,H1088,102,CURVED,19.76,18.47,209.028142857143,2018-11-11,2018-11-11,2018-12-18,20,364.9672,,,364.9672,1.0698429886302112,0.5727313108058559,2018-11-11,2018-12-18,37,17,0.5405405405405406,2,Type-C (Large Heavy)
314,H1088,102,FLAT,19.76,18.47,209.028142857143,2018-11-11,2018-11-11,2018-12-18,20,364.9672,,,364.9672,1.0698429886302112,0.5727313108058559,2018-11-11,2018-12-18,37,17,0.5405405405405406,2,Type-C (Large Heavy)
267,H1087,283,FLAT,13.7,18.32,149.517828571429,2018-11-12,2018-11-05,2019-01-01,30,250.984,,,250.98399999999998,0.7478165938864628,0.5957265346453519,2018-11-05,2019-01-01,57,27,0.5263157894736842,1,Type-B (Small Light)
251,H1087,293,FLAT,22.5,18.32,240.0,2018-11-12,2018-11-05,2019-01-02,30,412.2,,,412.2,1.2281659388646289,0.5822416302765648,2018-11-05,2019-01-02,58,28,0.5172413793103449,2,Type-C (Large Heavy)
252,H1087,293,FLAT,22.5,18.32,240.0,2018-11-12,2018-11-05,2019-01-02,30,412.2,,,412.2,1.2281659388646289,0.5822416302765648,2018-11-05,2019-01-02,58,28,0.5172413793103449,2,Type-C (Large Heavy)
227,H1088,272,FLAT,14.4,17.28,144.559542857143,2018-11-12,2018-11-12,2019-01-12,32,248.832,,,248.83200000000002,0.8333333333333333,0.5809523809523814,2018-11-12,2019-01-12,61,29,0.5245901639344263,1,Type-B (Small Light)
228,H1088,272,FLAT,14.4,17.28,144.559542857143,2018-11-12,2018-11-12,2019-01-12,32,248.832,,,248.83200000000002,0.8333333333333333,0.5809523809523814,2018-11-12,2019-01-12,61,29,0.5245901639344263,1,Type-B (Small Light)
225,H1087,262,FLAT,14.6,17.28,146.216685714286,2018-11-12,2018-11-12,2019-01-12,32,252.288,,,252.288,0.8449074074074073,0.5795625860694364,2018-11-12,2019-01-12,61,29,0.5245901639344263,1,Type-B (Small Light)
226,H1087,262,FLAT,14.6,17.28,146.216685714286,2018-11-12,2018-11-12,2019-01-12,32,252.288,,,252.288,0.8449074074074073,0.5795625860694364,2018-11-12,2019-01-12,61,29,0.5245901639344263,1,Type-B (Small Light)
248,H1088,283,FLAT,13.7,18.32,149.517828571429,2018-11-13,2018-11-06,2019-01-03,31,250.984,,,250.98399999999998,0.7478165938864628,0.5957265346453519,2018-11-06,2019-01-03,58,27,0.5344827586206896,1,Type-B (Small Light)
243,H1088,231,FLAT,14.308,15.97,131.359932571429,2018-11-13,2018-11-09,2019-01-12,14,228.49876,,,228.49876,0.8959298685034439,0.5748824745107107,2018-11-09,2019-01-12,64,50,0.21875,3,Type-D (Long-lead Urgent)
244,H1088,231,FLAT,14.308,15.97,131.359932571429,2018-11-13,2018-11-09,2019-01-12,14,228.49876,,,228.49876,0.8959298685034439,0.5748824745107107,2018-11-09,2019-01-12,64,50,0.21875,3,Type-D (Long-lead Urgent)
266,H1088,654,FLAT,19.2,15.1,170.471428571429,2018-11-18,2018-10-22,2018-12-31,31,289.92,,,289.91999999999996,1.271523178807947,0.5879947177546531,2018-10-22,2018-12-31,70,39,0.44285714285714284,3,Type-D (Long-lead Urgent)
265,H1088,644,FLAT,22.9,15.1,214.977142857143,2018-11-18,2018-10-22,2018-12-31,31,345.79,,,345.78999999999996,1.5165562913907285,0.6216985536225542,2018-10-22,2018-12-31,70,39,0.44285714285714284,2,Type-C (Large Heavy)
271,H1087,623,FLAT,13.38,18.79,152.025285714286,2018-11-18,2018-11-18,2019-01-04,15,251.4102,,,251.4102,0.7120808940926026,0.6046902063412145,2018-11-18,2019-01-04,47,32,0.3191489361702128,3,Type-D (Long-lead Urgent)
272,H1087,623,FLAT,13.38,18.79,152.025285714286,2018-11-18,2018-11-18,2019-01-04,15,251.4102,,,251.4102,0.7120808940926026,0.6046902063412145,2018-11-18,2019-01-04,47,32,0.3191489361702128,3,Type-D (Long-lead Urgent)
273,H1087,633,FLAT,13.38,18.79,152.025285714286,2018-11-18,2018-11-18,2019-01-04,15,251.4102,,,251.4102,0.7120808940926026,0.6046902063412145,2018-11-18,2019-01-04,47,32,0.3191489361702128,3,Type-D (Long-lead Urgent)
274,H1087,633,FLAT,13.38,18.79,152.025285714286,2018-11-18,2018-11-18,2019-01-04,15,251.4102,,,251.4102,0.7120808940926026,0.6046902063412145,2018-11-18,2019-01-04,47,32,0.3191489361702128,3,Type-D (Long-lead Urgent)
288,H1087,833,FLAT,23.0,15.6,220.674285714286,2018-11-19,2018-10-24,2018-12-24,30,358.8,,,358.8,1.4743589743589745,0.6150342411211984,2018-10-24,2018-12-24,61,31,0.4918032786885246,2,Type-C (Large Heavy)
287,H1087,823,FLAT,21.1,15.6,196.734285714286,2018-11-19,2018-10-24,2018-12-24,30,329.16,,,329.16,1.3525641025641026,0.597685884415743,2018-10-24,2018-12-24,61,31,0.4918032786885246,2,Type-C (Large Heavy)
241,H1087,835,CURVED,13.5,10.4,82.9742857142857,2018-11-19,2018-10-31,2018-12-30,32,140.4,,,140.4,1.2980769230769231,0.5909849409849408,2018-10-31,2018-12-30,60,28,0.5333333333333333,0,Type-A (Standard Medium)
297,H1088,182,FLAT,18.0,7.3,107.797142857143,2018-11-20,2018-11-16,2018-12-28,18,131.4,,,131.4,2.4657534246575343,0.8203739943465982,2018-11-16,2018-12-28,42,24,0.42857142857142855,0,Type-A (Standard Medium)
298,H1088,182,FLAT,19.0,7.3,118.368571428571,2018-11-20,2018-11-16,2018-12-28,18,138.7,,,138.7,2.6027397260273974,0.8534143578123361,2018-11-16,2018-12-28,42,24,0.42857142857142855,0,Type-A (Standard Medium)
299,H1087,192,FLAT,13.889,7.3,70.3412345714286,2018-11-20,2018-11-16,2018-12-28,18,101.3897,,,101.38969999999999,1.9026027397260274,0.6937710099884762,2018-11-16,2018-12-28,42,24,0.42857142857142855,0,Type-A (Standard Medium)
300,H1087,192,FLAT,13.889,7.3,70.3412345714286,2018-11-20,2018-11-16,2018-12-28,18,101.3897,,,101.38969999999999,1.9026027397260274,0.6937710099884762,2018-11-16,2018-12-28,42,24,0.42857142857142855,0,Type-A (Standard Medium)
289,H1087,845,FLAT,18.075,12.65,139.065178571429,2018-11-21,2018-10-31,2018-12-22,32,228.64875,,,228.64875,1.4288537549407114,0.6082044121012207,2018-10-31,2018-12-22,52,20,0.6153846153846154,0,Type-A (Standard Medium)
233,H1088,122,FLAT,15.531,12.2,111.443417428571,2018-11-21,2018-11-14,2019-01-08,17,189.4782,,,189.4782,1.273032786885246,0.5881595741809401,2018-11-14,2019-01-08,55,38,0.3090909090909091,3,Type-D (Long-lead Urgent)
234,H1088,122,FLAT,15.531,12.2,111.443417428571,2018-11-21,2018-11-14,2019-01-08,17,189.4782,,,189.4782,1.273032786885246,0.5881595741809401,2018-11-14,2019-01-08,55,38,0.3090909090909091,3,Type-D (Long-lead Urgent)
235,H1087,132,FLAT,18.94,12.2,145.018171428571,2018-11-21,2018-11-14,2019-01-08,17,231.068,,,231.068,1.5524590163934429,0.6275995439808671,2018-11-14,2019-01-08,55,38,0.3090909090909091,3,Type-D (Long-lead Urgent)
236,H1087,132,FLAT,18.94,12.2,145.018171428571,2018-11-21,2018-11-14,2019-01-08,17,231.068,,,231.068,1.5524590163934429,0.6275995439808671,2018-11-14,2019-01-08,55,38,0.3090909090909091,3,Type-D (Long-lead Urgent)
205,H1087,632,CURVED,13.38,17.28,136.463657142857,2018-11-21,2018-11-17,2019-01-20,14,231.2064,,,231.20640000000003,0.7743055555555556,0.5902243931952444,2018-11-17,2019-01-20,64,50,0.21875,3,Type-D (Long-lead Urgent)
206,H1087,632,FLAT,13.38,17.28,136.463657142857,2018-11-21,2018-11-17,2019-01-20,14,231.2064,,,231.20640000000003,0.7743055555555556,0.5902243931952444,2018-11-17,2019-01-20,64,50,0.21875,3,Type-D (Long-lead Urgent)
301,H1087,123,FLAT,16.106,12.2,116.640924571429,2018-11-21,2018-11-20,2018-12-22,23,196.4932,,,196.4932,1.3201639344262297,0.5936130337916478,2018-11-20,2018-12-22,32,9,0.71875,0,Type-A (Standard Medium)
302,H1087,123,FLAT,16.106,12.2,116.640924571429,2018-11-21,2018-11-20,2018-12-22,23,196.4932,,,196.4932,1.3201639344262297,0.5936130337916478,2018-11-20,2018-12-22,32,9,0.71875,0,Type-A (Standard Medium)
303,H1087,133,FLAT,24.07,12.2,208.058542857143,2018-11-21,2018-11-20,2018-12-22,23,293.654,,,293.654,1.9729508196721313,0.7085159502582734,2018-11-20,2018-12-22,32,9,0.71875,2,Type-C (Large Heavy)
304,H1087,133,CURVED,24.07,12.2,208.058542857143,2018-11-21,2018-11-20,2018-12-22,23,293.654,,,293.654,1.9729508196721313,0.7085159502582734,2018-11-20,2018-12-22,32,9,0.71875,2,Type-C (Large Heavy)
285,H1087,855,FLAT,13.0,12.6,93.6457142857143,2018-11-23,2018-11-02,2018-12-24,31,163.8,,,163.79999999999998,1.0317460317460319,0.5717076574219433,2018-11-02,2018-12-24,52,21,0.5961538461538461,0,Type-A (Standard Medium)
237,H1087,103,FLAT,29.101,15.68,240.0,2018-11-23,2018-11-16,2019-01-08,16,456.30368,,,456.30368,1.8559311224489796,0.5259655148956941,2018-11-16,2019-01-08,53,37,0.3018867924528302,2,Type-C (Large Heavy)
238,H1087,103,FLAT,29.101,15.68,240.0,2018-11-23,2018-11-16,2019-01-08,16,456.30368,,,456.30368,1.8559311224489796,0.5259655148956941,2018-11-16,2019-01-08,53,37,0.3018867924528302,2,Type-C (Large Heavy)
215,H1088,622,FLAT,13.38,17.28,136.463657142857,2018-11-23,2018-11-18,2019-01-18,12,231.2064,,,231.20640000000003,0.7743055555555556,0.5902243931952444,2018-11-18,2019-01-18,61,49,0.19672131147540983,3,Type-D (Long-lead Urgent)
216,H1088,622,FLAT,13.38,17.28,136.463657142857,2018-11-23,2018-11-18,2019-01-18,12,231.2064,,,231.20640000000003,0.7743055555555556,0.5902243931952444,2018-11-18,2019-01-18,61,49,0.19672131147540983,3,Type-D (Long-lead Urgent)
296,H1088,832,FLAT,21.0,15.4,193.76,2018-11-24,2018-10-30,2018-12-24,24,323.4,,,323.40000000000003,1.3636363636363635,0.5991341991341991,2018-10-30,2018-12-24,55,31,0.43636363636363634,2,Type-C (Large Heavy)
295,H1088,822,CURVED,19.175,15.4,172.811607142857,2018-11-24,2018-10-30,2018-12-24,24,295.295,,,295.295,1.24512987012987,0.5852168412701095,2018-10-30,2018-12-24,55,31,0.43636363636363634,3,Type-D (Long-lead Urgent)
180,H1088,111,FLAT,22.2,13.8,195.222857142857,2018-11-25,2018-11-18,2019-01-21,24,306.36,,,306.36,1.6086956521739129,0.6372335067987237,2018-11-18,2019-01-21,64,40,0.375,3,Type-D (Long-lead Urgent)
181,H1088,111,FLAT,22.2,13.8,195.222857142857,2018-11-25,2018-11-18,2019-01-21,24,306.36,,,306.36,1.6086956521739129,0.6372335067987237,2018-11-18,2019-01-21,64,40,0.375,3,Type-D (Long-lead Urgent)
275,H1088,642,FLAT,13.412,19.5,160.037641142857,2018-11-25,2018-11-20,2019-01-04,16,261.534,,,261.534,0.6877948717948719,0.6119190665185292,2018-11-20,2019-01-04,45,29,0.35555555555555557,3,Type-D (Long-lead Urgent)
276,H1088,642,FLAT,13.412,19.5,160.037641142857,2018-11-25,2018-11-20,2019-01-04,16,261.534,,,261.534,0.6877948717948719,0.6119190665185292,2018-11-20,2019-01-04,45,29,0.35555555555555557,3,Type-D (Long-lead Urgent)
277,H1088,652,CURVED,13.412,19.5,160.037641142857,2018-11-25,2018-11-20,2019-01-04,16,261.534,,,261.534,0.6877948717948719,0.6119190665185292,2018-11-20,2019-01-04,45,29,0.35555555555555557,3,Type-D (Long-lead Urgent)
278,H1088,652,FLAT,13.412,19.5,160.037641142857,2018-11-25,2018-11-20,2019-01-04,16,261.534,,,261.534,0.6877948717948719,0.6119190665185292,2018-11-20,2019-01-04,45,29,0.35555555555555557,3,Type-D (Long-lead Urgent)
260,H1088,836,FLAT,8.0,21.0,144.285714285714,2018-11-26,2018-11-23,2018-12-29,29,168.0,,,168.0,0.38095238095238093,0.8588435374149642,2018-11-23,2018-12-29,36,7,0.8055555555555556,1,Type-B (Small Light)
259,H1088,826,CURVED,20.5,21.0,240.0,2018-11-26,2018-11-23,2018-12-29,29,430.5,,,430.5,0.9761904761904762,0.5574912891986062,2018-11-23,2018-12-29,36,7,0.8055555555555556,2,Type-C (Large Heavy)
152,H1088,144,FLAT,17.566,15.678,158.389725714286,2018-11-27,2018-11-20,2019-02-05,24,275.399748,,,275.399748,1.120423523408598,0.5751266181779005,2018-11-20,2019-02-05,77,53,0.3116883116883117,3,Type-D (Long-lead Urgent)
153,H1088,144,FLAT,17.566,15.678,158.389725714286,2018-11-27,2018-11-20,2019-02-05,24,275.399748,,,275.399748,1.120423523408598,0.5751266181779005,2018-11-20,2019-02-05,77,53,0.3116883116883117,3,Type-D (Long-lead Urgent)
154,H1088,154,FLAT,19.932,15.976,186.433485714286,2018-11-27,2018-11-20,2019-02-05,24,318.433632,,,318.433632,1.2476214321482222,0.5854704622226776,2018-11-20,2019-02-05,77,53,0.3116883116883117,3,Type-D (Long-lead Urgent)
155,H1087,154,FLAT,19.932,15.976,186.433485714286,2018-11-27,2018-11-20,2019-02-05,24,318.433632,,,318.433632,1.2476214321482222,0.5854704622226776,2018-11-20,2019-02-05,77,53,0.3116883116883117,3,Type-D (Long-lead Urgent)
219,H1087,271,FLAT,17.8,16.0,163.668571428571,2018-11-27,2018-11-21,2019-01-12,32,284.8,,,284.8,1.1125,0.5746789727126791,2018-11-21,2019-01-12,52,20,0.6153846153846154,1,Type-B (Small Light)
220,H1087,271,FLAT,17.8,16.0,163.668571428571,2018-11-27,2018-11-21,2019-01-12,32,284.8,,,284.8,1.1125,0.5746789727126791,2018-11-21,2019-01-12,52,20,0.6153846153846154,1,Type-B (Small Light)
217,H1088,261,FLAT,20.1,16.0,188.574285714286,2018-11-27,2018-11-21,2019-01-12,32,321.6,,,321.6,1.25625,0.5863628287135758,2018-11-21,2019-01-12,52,20,0.6153846153846154,2,Type-C (Large Heavy)
218,H1088,261,FLAT,20.1,16.0,188.574285714286,2018-11-27,2018-11-21,2019-01-12,32,321.6,,,321.6,1.25625,0.5863628287135758,2018-11-21,2019-01-12,52,20,0.6153846153846154,2,Type-C (Large Heavy)
184,H1088,183,FLAT,8.82,15.798,93.5340582857143,2018-11-27,2018-11-23,2019-01-25,21,139.33836,,,139.33836,0.5582985187998482,0.6712728518242521,2018-11-23,2019-01-25,63,42,0.3333333333333333,3,Type-D (Long-lead Urgent)
185,H1088,183,FLAT,8.82,15.798,93.5340582857143,2018-11-27,2018-11-23,2019-01-25,21,139.33836,,,139.33836,0.5582985187998482,0.6712728518242521,2018-11-23,2019-01-25,63,42,0.3333333333333333,3,Type-D (Long-lead Urgent)
186,H1088,193,FLAT,15.59,15.978,142.384166857143,2018-11-27,2018-11-23,2019-01-25,21,249.09702,,,249.09702,0.9757166103392164,0.571601245398853,2018-11-23,2019-01-25,63,42,0.3333333333333333,3,Type-D (Long-lead Urgent)
187,H1087,193,CURVED,15.59,15.978,142.384166857143,2018-11-27,2018-11-23,2019-01-25,21,249.09702,,,249.09702,0.9757166103392164,0.571601245398853,2018-11-23,2019-01-25,63,42,0.3333333333333333,3,Type-D (Long-lead Urgent)
250,H1088,836,CURVED,8.0,21.0,144.285714285714,2018-11-27,2018-11-24,2018-12-30,29,168.0,,,168.0,0.38095238095238093,0.8588435374149642,2018-11-24,2018-12-30,36,7,0.8055555555555556,1,Type-B (Small Light)
249,H1088,826,FLAT,20.5,21.0,240.0,2018-11-27,2018-11-24,2018-12-30,29,430.5,,,430.5,0.9761904761904762,0.5574912891986062,2018-11-24,2018-12-30,36,7,0.8055555555555556,2,Type-C (Large Heavy)
198,H1088,801,FLAT,28.614,19.075,240.0,2018-11-28,2018-11-19,2019-01-16,34,545.81205,,,545.81205,1.500078636959371,0.4397118018922448,2018-11-19,2019-01-16,58,24,0.5862068965517241,2,Type-C (Large Heavy)
199,H1088,801,FLAT,28.614,19.075,240.0,2018-11-28,2018-11-19,2019-01-16,34,545.81205,,,545.81205,1.500078636959371,0.4397118018922448,2018-11-19,2019-01-16,58,24,0.5862068965517241,2,Type-C (Large Heavy)
162,H1087,124,FLAT,18.618,14.354,157.904925714286,2018-11-28,2018-11-22,2019-02-02,23,267.242772,,,267.24277199999995,1.2970600529469136,0.590866965390877,2018-11-22,2019-02-02,72,49,0.3194444444444444,3,Type-D (Long-lead Urgent)
163,H1088,124,FLAT,18.618,14.354,157.904925714286,2018-11-28,2018-11-22,2019-02-02,23,267.242772,,,267.24277199999995,1.2970600529469136,0.590866965390877,2018-11-22,2019-02-02,72,49,0.3194444444444444,3,Type-D (Long-lead Urgent)
164,H1088,134,FLAT,22.828,14.354,207.758542857143,2018-11-28,2018-11-22,2019-02-02,23,327.673112,,,327.67311199999995,1.5903580883377457,0.6340420841644859,2018-11-22,2019-02-02,72,49,0.3194444444444444,3,Type-D (Long-lead Urgent)
165,H1088,134,FLAT,22.828,14.354,207.758542857143,2018-11-28,2018-11-22,2019-02-02,23,327.673112,,,327.67311199999995,1.5903580883377457,0.6340420841644859,2018-11-22,2019-02-02,72,49,0.3194444444444444,3,Type-D (Long-lead Urgent)
246,H1088,683,FLAT,17.8,14.8,153.108571428571,2018-12-01,2018-11-05,2018-12-30,34,263.44,,,263.44,1.2027027027027026,0.5811895362457143,2018-11-05,2018-12-30,55,21,0.6181818181818182,1,Type-B (Small Light)
247,H1088,693,FLAT,17.8,14.8,153.108571428571,2018-12-01,2018-11-05,2018-12-30,34,263.44,,,263.44,1.2027027027027026,0.5811895362457143,2018-11-05,2018-12-30,55,21,0.6181818181818182,1,Type-B (Small Light)
207,H1087,143,FLAT,13.809,15.686,124.782593428571,2018-12-01,2018-11-25,2019-01-16,21,216.607974,,,216.60797399999998,0.8803391559352288,0.576075714685236,2018-11-25,2019-01-16,52,31,0.40384615384615385,3,Type-D (Long-lead Urgent)
208,H1087,143,FLAT,13.809,15.686,124.782593428571,2018-12-01,2018-11-25,2019-01-16,21,216.607974,,,216.60797399999998,0.8803391559352288,0.576075714685236,2018-11-25,2019-01-16,52,31,0.40384615384615385,3,Type-D (Long-lead Urgent)
209,H1087,153,FLAT,18.919,15.5,170.908160285714,2018-12-01,2018-11-25,2019-01-16,21,293.2445,,,293.2445,1.2205806451612904,0.5828179566393026,2018-11-25,2019-01-16,52,31,0.40384615384615385,3,Type-D (Long-lead Urgent)
210,H1087,153,FLAT,18.919,15.5,170.908160285714,2018-12-01,2018-11-25,2019-01-16,21,293.2445,,,293.2445,1.2205806451612904,0.5828179566393026,2018-11-25,2019-01-16,52,31,0.40384615384615385,3,Type-D (Long-lead Urgent)
203,H1087,621,FLAT,8.95,15.97,95.7552571428572,2018-12-01,2018-12-01,2019-01-21,14,142.9315,,,142.9315,0.5604257983719473,0.6699380972203972,2018-12-01,2019-01-21,51,37,0.27450980392156865,3,Type-D (Long-lead Urgent)
204,H1087,621,FLAT,8.95,15.97,95.7552571428572,2018-12-01,2018-12-01,2019-01-21,14,142.9315,,,142.9315,0.5604257983719473,0.6699380972203972,2018-12-01,2019-01-21,51,37,0.27450980392156865,3,Type-D (Long-lead Urgent)
201,H1088,631,FLAT,10.53,15.97,104.549085714286,2018-12-01,2018-12-01,2019-01-22,13,168.1641,,,168.1641,0.6593613024420788,0.6217087102079814,2018-12-01,2019-01-22,52,39,0.25,3,Type-D (Long-lead Urgent)
202,H1088,631,FLAT,10.53,15.97,104.549085714286,2018-12-01,2018-12-01,2019-01-22,13,168.1641,,,168.1641,0.6593613024420788,0.6217087102079814,2018-12-01,2019-01-22,52,39,0.25,3,Type-D (Long-lead Urgent)
290,H1087,112,FLAT,21.0,8.6,147.131428571429,2018-12-02,2018-11-27,2018-12-26,17,180.6,,,180.6,2.441860465116279,0.814681221325742,2018-11-27,2018-12-26,29,12,0.5862068965517241,0,Type-A (Standard Medium)
291,H1088,112,FLAT,21.0,8.6,147.131428571429,2018-12-02,2018-11-27,2018-12-26,17,180.6,,,180.6,2.441860465116279,0.814681221325742,2018-11-27,2018-12-26,29,12,0.5862068965517241,0,Type-A (Standard Medium)
176,H1087,263,FLAT,16.6,18.79,179.606885714286,2018-12-02,2018-12-01,2019-01-28,24,311.914,,,311.914,0.8834486428951571,0.5758218153538668,2018-12-01,2019-01-28,58,34,0.41379310344827586,3,Type-D (Long-lead Urgent)
177,H1087,263,FLAT,16.6,18.79,179.606885714286,2018-12-02,2018-12-01,2019-01-28,24,311.914,,,311.914,0.8834486428951571,0.5758218153538668,2018-12-01,2019-01-28,58,34,0.41379310344827586,3,Type-D (Long-lead Urgent)
286,H1087,643,CURVED,19.9,14.2,170.757142857143,2018-12-03,2018-11-06,2018-12-29,26,282.58,,,282.58,1.4014084507042253,0.6042789399714877,2018-11-06,2018-12-29,53,27,0.49056603773584906,2,Type-C (Large Heavy)
172,H1087,273,FLAT,14.5,18.79,160.946885714286,2018-12-03,2018-12-02,2019-01-30,25,272.455,,,272.455,0.7716870675891432,0.590728324729904,2018-12-02,2019-01-30,59,34,0.423728813559322,3,Type-D (Long-lead Urgent)
173,H1087,273,FLAT,14.5,18.79,160.946885714286,2018-12-03,2018-12-02,2019-01-30,25,272.455,,,272.455,0.7716870675891432,0.590728324729904,2018-12-02,2019-01-30,59,34,0.423728813559322,3,Type-D (Long-lead Urgent)
188,H1087,101,FLAT,30.66,9.4,240.0,2018-12-03,2018-12-03,2019-01-18,32,288.204,,,288.204,3.2617021276595746,0.8327434733730275,2018-12-03,2019-01-18,46,14,0.6956521739130435,2,Type-C (Large Heavy)
269,H1087,653,FLAT,17.9,14.2,149.157142857143,2018-12-04,2018-11-07,2018-12-30,26,254.18,,,254.17999999999998,1.26056338028169,0.5868169913334763,2018-11-07,2018-12-30,53,27,0.49056603773584906,3,Type-D (Long-lead Urgent)
322,H1087,834,CURVED,9.215,10.9,58.2074928571429,2018-12-04,2018-11-30,2018-12-25,19,100.4435,,,100.4435,0.8454128440366973,0.5795048246739999,2018-11-30,2018-12-25,25,6,0.76,0,Type-A (Standard Medium)
321,H1087,824,FLAT,15.665,11.094,105.276874571429,2018-12-04,2018-11-30,2018-12-25,19,173.78751,,,173.78750999999997,1.4120245177573463,0.605779290879011,2018-11-30,2018-12-25,25,6,0.76,0,Type-A (Standard Medium)
331,H1087,833,CURVED,8.709,14.287,79.9900142857143,2018-12-04,2018-12-04,2018-12-24,15,124.425483,,,124.425483,0.6095751382375586,0.6428748545481981,2018-12-04,2018-12-24,20,5,0.75,0,Type-A (Standard Medium)
294,H1088,823,FLAT,16.231,14.307,133.753031428571,2018-12-04,2018-12-04,2018-12-30,18,232.216917,,,232.21691700000002,1.1344796253582163,0.5759831503945554,2018-12-04,2018-12-30,26,8,0.6923076923076923,0,Type-A (Standard Medium)
239,H1087,292,FLAT,16.6,19.5,187.374285714286,2018-12-05,2018-11-29,2019-01-08,32,323.7,,,323.70000000000005,0.8512820512820514,0.5788516704179363,2018-11-29,2019-01-08,40,8,0.8,1,Type-B (Small Light)
240,H1087,292,FLAT,16.6,19.5,187.374285714286,2018-12-05,2018-11-29,2019-01-08,32,323.7,,,323.70000000000005,0.8512820512820514,0.5788516704179363,2018-11-29,2019-01-08,40,8,0.8,1,Type-B (Small Light)
316,H1087,834,FLAT,9.215,10.9,58.2074928571429,2018-12-05,2018-12-01,2018-12-26,19,100.4435,,,100.4435,0.8454128440366973,0.5795048246739999,2018-12-01,2018-12-26,25,6,0.76,0,Type-A (Standard Medium)
315,H1087,824,FLAT,15.665,11.094,105.276874571429,2018-12-05,2018-12-01,2018-12-26,19,173.78751,,,173.78750999999997,1.4120245177573463,0.605779290879011,2018-12-01,2018-12-26,25,6,0.76,0,Type-A (Standard Medium)
323,H1088,833,FLAT,8.709,14.287,79.9900142857143,2018-12-05,2018-12-05,2018-12-26,16,124.425483,,,124.425483,0.6095751382375586,0.6428748545481981,2018-12-05,2018-12-26,21,5,0.7619047619047619,0,Type-A (Standard Medium)
293,H1088,823,FLAT,16.231,14.307,133.753031428571,2018-12-05,2018-12-05,2018-12-31,18,232.216917,,,232.21691700000002,1.1344796253582163,0.5759831503945554,2018-12-05,2018-12-31,26,8,0.6923076923076923,0,Type-A (Standard Medium)
170,H1088,684,FLAT,14.7,20.0,176.025714285714,2018-12-07,2018-11-25,2019-01-28,37,294.0,,,294.0,0.735,0.5987269193391632,2018-11-25,2019-01-28,64,27,0.578125,1,Type-B (Small Light)
171,H1087,694,FLAT,14.7,20.0,176.025714285714,2018-12-07,2018-11-25,2019-01-27,37,294.0,,,294.0,0.735,0.5987269193391632,2018-11-25,2019-01-27,63,26,0.5873015873015873,1,Type-B (Small Light)
245,H1088,282,FLAT,14.7,19.5,170.382857142857,2018-12-07,2018-11-30,2019-01-06,30,286.65,,,286.65,0.7538461538461538,0.5943933617403001,2018-11-30,2019-01-06,37,7,0.8108108108108109,1,Type-B (Small Light)
263,H1088,653,FLAT,11.2,17.72,125.553828571429,2018-12-07,2018-12-04,2019-01-06,15,198.464,,,198.46399999999997,0.6320541760722348,0.6326277237757427,2018-12-04,2019-01-06,33,18,0.45454545454545453,3,Type-D (Long-lead Urgent)
264,H1088,653,FLAT,11.2,17.72,125.553828571429,2018-12-07,2018-12-04,2019-01-06,15,198.464,,,198.46399999999997,0.6320541760722348,0.6326277237757427,2018-12-04,2019-01-06,33,18,0.45454545454545453,3,Type-D (Long-lead Urgent)
261,H1088,643,FLAT,13.412,17.72,141.108612571429,2018-12-07,2018-12-04,2019-01-06,15,237.66064,,,237.66064,0.7568848758465012,0.5937399334253624,2018-12-04,2019-01-06,33,18,0.45454545454545453,3,Type-D (Long-lead Urgent)
262,H1088,643,FLAT,13.412,17.72,141.108612571429,2018-12-07,2018-12-04,2019-01-06,15,237.66064,,,237.66064,0.7568848758465012,0.5937399334253624,2018-12-04,2019-01-06,33,18,0.45454545454545453,3,Type-D (Long-lead Urgent)
211,H1088,102,FLAT,19.76,18.47,209.028142857143,2018-12-07,2018-12-07,2019-01-12,19,364.9672,,,364.9672,1.0698429886302112,0.5727313108058559,2018-12-07,2019-01-12,36,17,0.5277777777777778,2,Type-C (Large Heavy)
212,H1088,102,FLAT,19.76,18.47,209.028142857143,2018-12-07,2018-12-07,2019-01-12,19,364.9672,,,364.9672,1.0698429886302112,0.5727313108058559,2018-12-07,2019-01-12,36,17,0.5277777777777778,2,Type-C (Large Heavy)
242,H1087,282,FLAT,14.7,19.5,170.382857142857,2018-12-08,2018-12-01,2019-01-07,30,286.65,,,286.65,0.7538461538461538,0.5943933617403001,2018-12-01,2019-01-07,37,7,0.8108108108108109,1,Type-B (Small Light)
139,H1087,283,FLAT,13.7,18.32,149.517828571429,2018-12-08,2018-12-02,2019-02-10,34,250.984,,,250.98399999999998,0.7478165938864628,0.5957265346453519,2018-12-02,2019-02-10,70,36,0.4857142857142857,1,Type-B (Small Light)
140,H1087,293,FLAT,22.5,18.32,240.0,2018-12-08,2018-12-02,2019-02-10,34,412.2,,,412.2,1.2281659388646289,0.5822416302765648,2018-12-02,2019-02-10,70,36,0.4857142857142857,2,Type-C (Large Heavy)
150,H1088,272,FLAT,14.4,17.28,144.559542857143,2018-12-08,2018-12-08,2019-02-09,34,248.832,,,248.83200000000002,0.8333333333333333,0.5809523809523814,2018-12-08,2019-02-09,63,29,0.5396825396825397,1,Type-B (Small Light)
151,H1088,272,CURVED,14.4,17.28,144.559542857143,2018-12-08,2018-12-08,2019-02-09,34,248.832,,,248.83200000000002,0.8333333333333333,0.5809523809523814,2018-12-08,2019-02-09,63,29,0.5396825396825397,1,Type-B (Small Light)
148,H1088,262,FLAT,14.6,17.28,146.216685714286,2018-12-08,2018-12-08,2019-02-09,34,252.288,,,252.288,0.8449074074074073,0.5795625860694364,2018-12-08,2019-02-09,63,29,0.5396825396825397,1,Type-B (Small Light)
149,H1088,262,FLAT,14.6,17.28,146.216685714286,2018-12-08,2018-12-08,2019-02-09,34,252.288,,,252.288,0.8449074074074073,0.5795625860694364,2018-12-08,2019-02-09,63,29,0.5396825396825397,1,Type-B (Small Light)
146,H1087,282,FLAT,14.7,19.5,170.382857142857,2018-12-09,2018-12-03,2019-02-10,33,286.65,,,286.65,0.7538461538461538,0.5943933617403001,2018-12-03,2019-02-10,69,36,0.4782608695652174,1,Type-B (Small Light)
147,H1088,292,FLAT,16.6,19.5,187.374285714286,2018-12-09,2018-12-03,2019-02-10,33,323.7,,,323.70000000000005,0.8512820512820514,0.5788516704179363,2018-12-03,2019-02-10,69,36,0.4782608695652174,1,Type-B (Small Light)
182,H1088,623,FLAT,13.38,18.79,152.025285714286,2018-12-12,2018-12-12,2019-01-29,16,251.4102,,,251.4102,0.7120808940926026,0.6046902063412145,2018-12-12,2019-01-29,48,32,0.3333333333333333,3,Type-D (Long-lead Urgent)
183,H1088,623,FLAT,13.38,18.79,152.025285714286,2018-12-12,2018-12-12,2019-01-29,16,251.4102,,,251.4102,0.7120808940926026,0.6046902063412145,2018-12-12,2019-01-29,48,32,0.3333333333333333,3,Type-D (Long-lead Urgent)
178,H1087,633,CURVED,13.38,18.79,152.025285714286,2018-12-14,2018-12-14,2019-01-30,15,251.4102,,,251.4102,0.7120808940926026,0.6046902063412145,2018-12-14,2019-01-30,47,32,0.3191489361702128,3,Type-D (Long-lead Urgent)
179,H1088,633,FLAT,13.38,18.79,152.025285714286,2018-12-14,2018-12-14,2019-01-30,15,251.4102,,,251.4102,0.7120808940926026,0.6046902063412145,2018-12-14,2019-01-30,47,32,0.3191489361702128,3,Type-D (Long-lead Urgent)
156,H1087,102,FLAT,19.76,18.47,209.028142857143,2018-12-15,2018-12-15,2019-02-02,43,364.9672,,,364.9672,1.0698429886302112,0.5727313108058559,2018-12-15,2019-02-02,49,6,0.8775510204081632,2,Type-C (Large Heavy)
145,H1087,123,FLAT,16.106,12.2,116.640924571429,2018-12-16,2018-12-12,2019-02-07,30,196.4932,,,196.4932,1.3201639344262297,0.5936130337916478,2018-12-12,2019-02-07,57,27,0.5263157894736842,0,Type-A (Standard Medium)
157,H1087,133,FLAT,24.07,12.2,208.058542857143,2018-12-16,2018-12-12,2019-02-03,30,293.654,,,293.654,1.9729508196721313,0.7085159502582734,2018-12-12,2019-02-03,53,23,0.5660377358490566,2,Type-C (Large Heavy)
189,H1087,231,FLAT,14.308,15.97,131.359932571429,2018-12-17,2018-12-03,2019-01-30,22,228.49876,,,228.49876,0.8959298685034439,0.5748824745107107,2018-12-03,2019-01-30,58,36,0.3793103448275862,3,Type-D (Long-lead Urgent)
190,H1087,182,FLAT,16.0,7.3,88.3685714285714,2018-12-17,2018-12-13,2019-01-25,19,116.8,,,116.8,2.191780821917808,0.7565802348336592,2018-12-13,2019-01-25,43,24,0.4418604651162791,0,Type-A (Standard Medium)
191,H1087,182,FLAT,17.0,7.3,97.7971428571429,2018-12-17,2018-12-13,2019-01-25,19,124.1,,,124.1,2.328767123287671,0.7880511108553014,2018-12-13,2019-01-25,43,24,0.4418604651162791,0,Type-A (Standard Medium)
192,H1087,192,FLAT,13.889,7.3,70.3412345714286,2018-12-17,2018-12-13,2019-01-25,19,101.3897,,,101.38969999999999,1.9026027397260274,0.6937710099884762,2018-12-13,2019-01-25,43,24,0.4418604651162791,0,Type-A (Standard Medium)
193,H1087,192,FLAT,13.889,7.3,70.3412345714286,2018-12-17,2018-12-13,2019-01-25,19,101.3897,,,101.38969999999999,1.9026027397260274,0.6937710099884762,2018-12-13,2019-01-25,43,24,0.4418604651162791,0,Type-A (Standard Medium)
194,H1087,123,FLAT,16.106,12.2,116.640924571429,2018-12-17,2018-12-16,2019-01-19,25,196.4932,,,196.4932,1.3201639344262297,0.5936130337916478,2018-12-16,2019-01-19,34,9,0.7352941176470589,0,Type-A (Standard Medium)
195,H1088,123,FLAT,16.106,12.2,116.640924571429,2018-12-17,2018-12-16,2019-01-19,25,196.4932,,,196.4932,1.3201639344262297,0.5936130337916478,2018-12-16,2019-01-19,34,9,0.7352941176470589,0,Type-A (Standard Medium)
196,H1088,133,CURVED,24.07,12.2,208.058542857143,2018-12-17,2018-12-16,2019-01-19,25,293.654,,,293.654,1.9729508196721313,0.7085159502582734,2018-12-16,2019-01-19,34,9,0.7352941176470589,2,Type-C (Large Heavy)
197,H1088,133,FLAT,24.07,12.2,208.058542857143,2018-12-17,2018-12-16,2019-01-19,25,293.654,,,293.654,1.9729508196721313,0.7085159502582734,2018-12-16,2019-01-19,34,9,0.7352941176470589,2,Type-C (Large Heavy)
166,H1088,122,FLAT,15.531,12.2,111.443417428571,2018-12-18,2018-12-19,2019-02-04,31,189.4782,,,189.4782,1.273032786885246,0.5881595741809401,2018-12-19,2019-02-04,47,16,0.6595744680851063,0,Type-A (Standard Medium)
167,H1088,132,FLAT,18.94,12.2,145.018171428571,2018-12-18,2018-12-19,2019-02-04,31,231.068,,,231.068,1.5524590163934429,0.6275995439808671,2018-12-19,2019-02-04,47,16,0.6595744680851063,0,Type-A (Standard Medium)
135,H1088,271,FLAT,17.8,16.0,163.668571428571,2018-12-22,2018-12-16,2019-02-10,36,284.8,,,284.8,1.1125,0.5746789727126791,2018-12-16,2019-02-10,56,20,0.6428571428571429,1,Type-B (Small Light)
136,H1088,271,FLAT,17.8,16.0,163.668571428571,2018-12-22,2018-12-16,2019-02-10,36,284.8,,,284.8,1.1125,0.5746789727126791,2018-12-16,2019-02-10,56,20,0.6428571428571429,1,Type-B (Small Light)
133,H1088,261,CURVED,20.1,16.0,188.574285714286,2018-12-22,2018-12-16,2019-02-10,36,321.6,,,321.6,1.25625,0.5863628287135758,2018-12-16,2019-02-10,56,20,0.6428571428571429,2,Type-C (Large Heavy)
134,H1088,261,FLAT,20.1,16.0,188.574285714286,2018-12-22,2018-12-16,2019-02-10,36,321.6,,,321.6,1.25625,0.5863628287135758,2018-12-16,2019-02-10,56,20,0.6428571428571429,2,Type-C (Large Heavy)
161,H1087,111,FLAT,22.2,13.8,195.222857142857,2018-12-25,2018-12-10,2019-01-31,28,306.36,,,306.36,1.6086956521739129,0.6372335067987237,2018-12-10,2019-01-31,52,24,0.5384615384615384,2,Type-C (Large Heavy)
169,H1088,221,CURVED,17.0,15.97,155.440257142857,2018-12-26,2018-12-04,2019-02-10,24,271.49,,,271.49,1.0644959298685035,0.5725450555926811,2018-12-04,2019-02-10,68,44,0.35294117647058826,3,Type-D (Long-lead Urgent)
132,H1088,273,FLAT,14.5,18.79,160.946885714286,2018-12-26,2018-12-20,2019-02-14,31,272.455,,,272.455,0.7716870675891432,0.590728324729904,2018-12-20,2019-02-14,56,25,0.5535714285714286,1,Type-B (Small Light)
131,H1088,263,FLAT,16.6,18.79,179.606885714286,2018-12-26,2018-12-20,2019-02-15,31,311.914,,,311.914,0.8834486428951571,0.5758218153538668,2018-12-20,2019-02-15,57,26,0.543859649122807,1,Type-B (Small Light)
168,H1088,112,FLAT,21.0,8.6,147.131428571429,2018-12-28,2018-12-23,2019-01-30,21,180.6,,,180.6,2.441860465116279,0.814681221325742,2018-12-23,2019-01-30,38,17,0.5526315789473685,0,Type-A (Standard Medium)
129,H1087,143,FLAT,13.809,15.686,124.782593428571,2018-12-29,2018-12-22,2019-02-16,37,216.607974,,,216.60797399999998,0.8803391559352288,0.576075714685236,2018-12-22,2019-02-16,56,19,0.6607142857142857,1,Type-B (Small Light)
130,H1087,153,FLAT,18.919,15.5,170.908160285714,2018-12-29,2018-12-22,2019-02-16,37,293.2445,,,293.2445,1.2205806451612904,0.5828179566393026,2018-12-22,2019-02-16,56,19,0.6607142857142857,1,Type-B (Small Light)
174,H1087,112,FLAT,21.0,8.6,147.131428571429,2018-12-29,2018-12-24,2019-01-26,21,180.6,,,180.6,2.441860465116279,0.814681221325742,2018-12-24,2019-01-26,33,12,0.6363636363636364,0,Type-A (Standard Medium)
175,H1087,112,FLAT,21.0,8.6,147.131428571429,2018-12-29,2018-12-24,2019-01-26,21,180.6,,,180.6,2.441860465116279,0.814681221325742,2018-12-24,2019-01-26,33,12,0.6363636363636364,0,Type-A (Standard Medium)
120,H1088,654,FLAT,19.2,15.1,170.471428571429,2018-12-30,2018-12-03,2019-02-17,37,289.92,,,289.91999999999996,1.271523178807947,0.5879947177546531,2018-12-03,2019-02-17,76,39,0.4868421052631579,2,Type-C (Large Heavy)
119,H1088,644,FLAT,22.9,15.1,214.977142857143,2018-12-30,2018-12-03,2019-02-17,37,345.79,,,345.78999999999996,1.5165562913907285,0.6216985536225542,2018-12-03,2019-02-17,76,39,0.4868421052631579,2,Type-C (Large Heavy)
107,H1087,271,FLAT,17.8,16.0,163.668571428571,2018-12-30,2018-12-24,2019-02-28,37,284.8,,,284.8,1.1125,0.5746789727126791,2018-12-24,2019-02-28,66,29,0.5606060606060606,1,Type-B (Small Light)
106,H1088,261,CURVED,20.1,16.0,188.574285714286,2018-12-30,2018-12-24,2019-02-28,37,321.6,,,321.6,1.25625,0.5863628287135758,2018-12-24,2019-02-28,66,29,0.5606060606060606,2,Type-C (Large Heavy)
117,H1088,124,FLAT,18.618,14.354,157.904925714286,2018-12-31,2018-12-21,2019-02-21,39,267.242772,,,267.24277199999995,1.2970600529469136,0.590866965390877,2018-12-21,2019-02-21,62,23,0.6290322580645161,1,Type-B (Small Light)
118,H1088,134,FLAT,22.828,14.354,207.758542857143,2018-12-31,2018-12-21,2019-02-21,39,327.673112,,,327.67311199999995,1.5903580883377457,0.6340420841644859,2018-12-21,2019-02-21,62,23,0.6290322580645161,2,Type-C (Large Heavy)
143,H1087,182,FLAT,15.0,7.3,79.5114285714286,2018-12-31,2018-12-25,2019-02-14,21,109.5,,,109.5,2.0547945205479454,0.7261317677756036,2018-12-25,2019-02-14,51,30,0.4117647058823529,0,Type-A (Standard Medium)
144,H1087,192,FLAT,13.889,7.3,70.3412345714286,2018-12-31,2018-12-25,2019-02-14,21,101.3897,,,101.38969999999999,1.9026027397260274,0.6937710099884762,2018-12-25,2019-02-14,51,30,0.4117647058823529,0,Type-A (Standard Medium)
158,H1087,632,FLAT,13.38,17.28,136.463657142857,2019-01-01,2018-12-20,2019-02-09,19,231.2064,,,231.20640000000003,0.7743055555555556,0.5902243931952444,2018-12-20,2019-02-09,51,32,0.37254901960784315,3,Type-D (Long-lead Urgent)
159,H1087,622,FLAT,13.38,17.28,136.463657142857,2019-01-04,2018-12-23,2019-02-09,17,231.2064,,,231.20640000000003,0.7743055555555556,0.5902243931952444,2018-12-23,2019-02-09,48,31,0.3541666666666667,3,Type-D (Long-lead Urgent)
114,H1087,144,FLAT,17.566,15.678,158.389725714286,2019-01-04,2018-12-27,2019-02-23,36,275.399748,,,275.399748,1.120423523408598,0.5751266181779005,2018-12-27,2019-02-23,58,22,0.6206896551724138,1,Type-B (Small Light)
99,H1088,154,FLAT,19.932,15.976,186.433485714286,2019-01-04,2018-12-27,2019-03-04,45,318.433632,,,318.433632,1.2476214321482222,0.5854704622226776,2018-12-27,2019-03-04,67,22,0.6716417910447762,2,Type-C (Large Heavy)
123,H1087,835,FLAT,7.416,16.884,97.1618605714286,2019-01-04,2018-12-29,2019-02-17,23,125.211744,,,125.21174400000001,0.43923240938166314,0.7759804110022507,2018-12-29,2019-02-17,50,27,0.46,3,Type-D (Long-lead Urgent)
124,H1087,835,CURVED,7.416,16.884,97.1618605714286,2019-01-04,2018-12-29,2019-02-17,23,125.211744,,,125.21174400000001,0.43923240938166314,0.7759804110022507,2018-12-29,2019-02-17,50,27,0.46,3,Type-D (Long-lead Urgent)
121,H1088,825,FLAT,19.167,16.931,186.866471428571,2019-01-04,2018-12-29,2019-02-17,23,324.516477,,,324.51647700000007,1.1320654420884768,0.5758304575350451,2018-12-29,2019-02-17,50,27,0.46,3,Type-D (Long-lead Urgent)
122,H1088,825,FLAT,19.167,16.931,186.866471428571,2019-01-04,2018-12-29,2019-02-17,23,324.516477,,,324.51647700000007,1.1320654420884768,0.5758304575350451,2018-12-29,2019-02-17,50,27,0.46,3,Type-D (Long-lead Urgent)
160,H1087,103,CURVED,29.101,15.68,240.0,2019-01-04,2018-12-30,2019-02-07,30,456.30368,,,456.30368,1.8559311224489796,0.5259655148956941,2018-12-30,2019-02-07,39,9,0.7692307692307693,2,Type-C (Large Heavy)
35,H1088,801,FLAT,28.614,19.075,240.0,2019-01-05,2019-01-03,2019-03-27,65,545.81205,,,545.81205,1.500078636959371,0.4397118018922448,2019-01-03,2019-03-27,83,18,0.7831325301204819,2,Type-C (Large Heavy)
141,H1087,631,FLAT,10.53,15.97,104.549085714286,2019-01-08,2018-12-06,2019-02-14,11,168.1641,,,168.1641,0.6593613024420788,0.6217087102079814,2018-12-06,2019-02-14,70,59,0.15714285714285714,3,Type-D (Long-lead Urgent)
127,H1087,832,FLAT,6.767,14.288,71.4112094285714,2019-01-08,2019-01-03,2019-02-23,20,96.686896,,,96.686896,0.4736142217245241,0.7385820869517974,2019-01-03,2019-02-23,51,31,0.39215686274509803,3,Type-D (Long-lead Urgent)
128,H1087,832,FLAT,6.767,14.288,71.4112094285714,2019-01-08,2019-01-03,2019-02-23,20,96.686896,,,96.686896,0.4736142217245241,0.7385820869517974,2019-01-03,2019-02-23,51,31,0.39215686274509803,3,Type-D (Long-lead Urgent)
125,H1087,822,FLAT,16.086,14.292,132.291617142857,2019-01-08,2019-01-03,2019-02-23,20,229.901112,,,229.90111199999998,1.1255247691015953,0.5754283482667845,2019-01-03,2019-02-23,51,31,0.39215686274509803,3,Type-D (Long-lead Urgent)
126,H1087,822,FLAT,16.086,14.292,132.291617142857,2019-01-08,2019-01-03,2019-02-23,20,229.901112,,,229.90111199999998,1.1255247691015953,0.5754283482667845,2019-01-03,2019-02-23,51,31,0.39215686274509803,3,Type-D (Long-lead Urgent)
137,H1088,623,FLAT,13.38,18.79,152.025285714286,2019-01-08,2019-01-05,2019-02-15,19,251.4102,,,251.4102,0.7120808940926026,0.6046902063412145,2019-01-05,2019-02-15,41,22,0.4634146341463415,3,Type-D (Long-lead Urgent)
138,H1088,633,FLAT,13.38,18.79,152.025285714286,2019-01-08,2019-01-05,2019-02-15,19,251.4102,,,251.4102,0.7120808940926026,0.6046902063412145,2019-01-05,2019-02-15,41,22,0.4634146341463415,3,Type-D (Long-lead Urgent)
90,H1087,803,CURVED,15.5,14.0,124.642857142857,2019-01-08,2019-01-07,2019-03-01,35,217.0,,,217.0,1.1071428571428572,0.5743910467412765,2019-01-07,2019-03-01,53,18,0.660377358490566,1,Type-B (Small Light)
91,H1087,803,CURVED,15.5,15.0,132.928571428571,2019-01-08,2019-01-07,2019-03-01,35,232.5,,,232.5,1.0333333333333334,0.5717357910906279,2019-01-07,2019-03-01,53,18,0.660377358490566,1,Type-B (Small Light)
142,H1087,621,CURVED,8.95,15.97,95.7552571428572,2019-01-11,2018-12-09,2019-02-14,10,142.9315,,,142.9315,0.5604257983719473,0.6699380972203972,2018-12-09,2019-02-14,67,57,0.14925373134328357,3,Type-D (Long-lead Urgent)
82,H1088,293,FLAT,22.5,18.32,240.0,2019-01-12,2019-01-05,2019-03-10,36,412.2,,,412.2,1.2281659388646289,0.5822416302765648,2019-01-05,2019-03-10,64,28,0.5625,2,Type-C (Large Heavy)
83,H1088,293,FLAT,22.5,18.32,240.0,2019-01-12,2019-01-05,2019-03-10,36,412.2,,,412.2,1.2281659388646289,0.5822416302765648,2019-01-05,2019-03-10,64,28,0.5625,2,Type-C (Large Heavy)
84,H1088,283,CURVED,13.7,18.32,149.517828571429,2019-01-13,2019-01-06,2019-03-10,36,250.984,,,250.98399999999998,0.7478165938864628,0.5957265346453519,2019-01-06,2019-03-10,63,27,0.5714285714285714,1,Type-B (Small Light)
85,H1087,283,CURVED,13.7,18.32,149.517828571429,2019-01-13,2019-01-06,2019-03-10,36,250.984,,,250.98399999999998,0.7478165938864628,0.5957265346453519,2019-01-06,2019-03-10,63,27,0.5714285714285714,1,Type-B (Small Light)
115,H1088,183,CURVED,8.82,15.798,93.5340582857143,2019-01-14,2019-01-08,2019-02-24,27,139.33836,,,139.33836,0.5582985187998482,0.6712728518242521,2019-01-08,2019-02-24,47,20,0.574468085106383,0,Type-A (Standard Medium)
94,H1087,272,CURVED,14.4,17.28,144.559542857143,2019-01-14,2019-01-08,2019-03-09,39,248.832,,,248.83200000000002,0.8333333333333333,0.5809523809523814,2019-01-08,2019-03-09,60,21,0.65,1,Type-B (Small Light)
116,H1088,193,FLAT,15.59,15.978,142.384166857143,2019-01-14,2019-01-08,2019-02-24,27,249.09702,,,249.09702,0.9757166103392164,0.571601245398853,2019-01-08,2019-02-24,47,20,0.574468085106383,1,Type-B (Small Light)
93,H1087,262,FLAT,14.6,17.28,146.216685714286,2019-01-14,2019-01-08,2019-03-09,39,252.288,,,252.288,0.8449074074074073,0.5795625860694364,2019-01-08,2019-03-09,60,21,0.65,1,Type-B (Small Light)
80,H1088,101,CURVED,30.66,9.4,240.0,2019-01-15,2019-01-15,2019-03-08,38,288.204,,,288.204,3.2617021276595746,0.8327434733730275,2019-01-15,2019-03-08,52,14,0.7307692307692307,2,Type-C (Large Heavy)
102,H1088,642,FLAT,13.412,19.5,160.037641142857,2019-01-21,2019-01-16,2019-03-06,20,261.534,,,261.534,0.6877948717948719,0.6119190665185292,2019-01-16,2019-03-06,49,29,0.40816326530612246,3,Type-D (Long-lead Urgent)
103,H1088,642,FLAT,13.412,19.5,160.037641142857,2019-01-21,2019-01-16,2019-03-06,20,261.534,,,261.534,0.6877948717948719,0.6119190665185292,2019-01-16,2019-03-06,49,29,0.40816326530612246,3,Type-D (Long-lead Urgent)
104,H1088,652,FLAT,13.412,19.5,160.037641142857,2019-01-21,2019-01-16,2019-03-06,20,261.534,,,261.534,0.6877948717948719,0.6119190665185292,2019-01-16,2019-03-06,49,29,0.40816326530612246,3,Type-D (Long-lead Urgent)
105,H1088,652,FLAT,13.412,19.5,160.037641142857,2019-01-21,2019-01-16,2019-03-06,20,261.534,,,261.534,0.6877948717948719,0.6119190665185292,2019-01-16,2019-03-06,49,29,0.40816326530612246,3,Type-D (Long-lead Urgent)
7,H1087,801,FLAT,28.614,19.075,240.0,2019-01-21,2019-01-19,2019-04-14,67,545.81205,,,545.81205,1.500078636959371,0.4397118018922448,2019-01-19,2019-04-14,85,18,0.788235294117647,2,Type-C (Large Heavy)
33,H1087,283,FLAT,13.7,18.32,149.517828571429,2019-01-22,2019-01-16,2019-04-01,39,250.984,,,250.98399999999998,0.7478165938864628,0.5957265346453519,2019-01-16,2019-04-01,75,36,0.52,1,Type-B (Small Light)
34,H1087,293,FLAT,22.5,18.32,240.0,2019-01-22,2019-01-16,2019-04-01,39,412.2,1.0,832.0,412.2,1.2281659388646289,0.5822416302765648,2019-01-16,2019-04-01,75,36,0.52,2,Type-C (Large Heavy)
40,H1088,282,FLAT,14.7,19.5,170.382857142857,2019-01-25,2019-01-19,2019-04-01,36,286.65,,,286.65,0.7538461538461538,0.5943933617403001,2019-01-19,2019-04-01,72,36,0.5,1,Type-B (Small Light)
41,H1088,292,FLAT,16.6,19.5,187.374285714286,2019-01-25,2019-01-19,2019-04-01,36,323.7,,,323.70000000000005,0.8512820512820514,0.5788516704179363,2019-01-19,2019-04-01,72,36,0.5,1,Type-B (Small Light)
88,H1087,836,CURVED,8.0,21.0,144.285714285714,2019-01-25,2019-01-22,2019-03-05,35,168.0,,,168.0,0.38095238095238093,0.8588435374149642,2019-01-22,2019-03-05,42,7,0.8333333333333334,1,Type-B (Small Light)
89,H1087,836,CURVED,8.0,21.0,144.285714285714,2019-01-25,2019-01-22,2019-03-05,35,168.0,,,168.0,0.38095238095238093,0.8588435374149642,2019-01-22,2019-03-05,42,7,0.8333333333333334,1,Type-B (Small Light)
86,H1087,826,CURVED,20.5,21.0,240.0,2019-01-25,2019-01-22,2019-03-05,35,430.5,,,430.5,0.9761904761904762,0.5574912891986062,2019-01-22,2019-03-05,42,7,0.8333333333333334,2,Type-C (Large Heavy)
87,H1087,826,CURVED,20.5,21.0,240.0,2019-01-25,2019-01-22,2019-03-05,35,430.5,,,430.5,0.9761904761904762,0.5574912891986062,2019-01-22,2019-03-05,42,7,0.8333333333333334,2,Type-C (Large Heavy)
49,H1088,123,FLAT,16.106,12.2,116.640924571429,2019-01-28,2019-01-24,2019-03-26,34,196.4932,,,196.4932,1.3201639344262297,0.5936130337916478,2019-01-24,2019-03-26,61,27,0.5573770491803278,0,Type-A (Standard Medium)
54,H1087,133,CURVED,24.07,12.2,208.058542857143,2019-01-28,2019-01-24,2019-03-22,34,293.654,,,293.654,1.9729508196721313,0.7085159502582734,2019-01-24,2019-03-22,57,23,0.5964912280701754,2,Type-C (Large Heavy)
79,H1088,803,CURVED,15.5,13.0,116.928571428571,2019-01-28,2019-01-27,2019-03-08,35,201.5,,,201.5,1.1923076923076923,0.5802906770648685,2019-01-27,2019-03-08,40,5,0.875,0,Type-A (Standard Medium)
50,H1088,102,FLAT,19.76,18.47,209.028142857143,2019-01-29,2019-01-29,2019-03-23,47,364.9672,,,364.9672,1.0698429886302112,0.5727313108058559,2019-01-29,2019-03-23,53,6,0.8867924528301887,2,Type-C (Large Heavy)
36,H1088,801,FLAT,28.614,19.075,240.0,2019-02-01,2019-01-23,2019-03-27,39,545.81205,,,545.81205,1.500078636959371,0.4397118018922448,2019-01-23,2019-03-27,63,24,0.6190476190476191,2,Type-C (Large Heavy)
37,H1088,801,FLAT,28.614,19.075,240.0,2019-02-01,2019-01-23,2019-03-27,39,545.81205,,,545.81205,1.500078636959371,0.4397118018922448,2019-01-23,2019-03-27,63,24,0.6190476190476191,2,Type-C (Large Heavy)
81,H1088,231,FLAT,14.308,15.97,131.359932571429,2019-02-02,2019-01-19,2019-03-20,24,228.49876,,,228.49876,0.8959298685034439,0.5748824745107107,2019-01-19,2019-03-20,60,36,0.4,3,Type-D (Long-lead Urgent)
67,H1087,834,CURVED,9.215,10.9,58.2074928571429,2019-02-02,2019-01-27,2019-03-23,22,100.4435,,,100.4435,0.8454128440366973,0.5795048246739999,2019-01-27,2019-03-23,55,33,0.4,0,Type-A (Standard Medium)
66,H1087,824,FLAT,15.665,11.094,105.276874571429,2019-02-02,2019-01-27,2019-03-23,22,173.78751,,,173.78750999999997,1.4120245177573463,0.605779290879011,2019-01-27,2019-03-23,55,33,0.4,0,Type-A (Standard Medium)
59,H1087,122,CURVED,15.531,12.2,111.443417428571,2019-02-02,2019-02-03,2019-03-22,31,189.4782,,,189.4782,1.273032786885246,0.5881595741809401,2019-02-03,2019-03-22,47,16,0.6595744680851063,0,Type-A (Standard Medium)
60,H1087,132,CURVED,18.94,12.2,145.018171428571,2019-02-02,2019-02-03,2019-03-22,31,231.068,,,231.068,1.5524590163934429,0.6275995439808671,2019-02-03,2019-03-22,47,16,0.6595744680851063,0,Type-A (Standard Medium)
64,H1087,836,CURVED,8.0,21.0,144.285714285714,2019-02-03,2019-01-26,2019-03-15,34,168.0,,,168.0,0.38095238095238093,0.8588435374149642,2019-01-26,2019-03-15,48,14,0.7083333333333334,1,Type-B (Small Light)
63,H1087,826,CURVED,20.0,21.0,240.0,2019-02-03,2019-01-26,2019-03-15,34,420.0,,,420.0,0.9523809523809523,0.5714285714285714,2019-01-26,2019-03-15,48,14,0.7083333333333334,2,Type-C (Large Heavy)
70,H1087,832,FLAT,6.767,14.288,71.4112094285714,2019-02-03,2019-01-28,2019-03-23,21,96.686896,,,96.686896,0.4736142217245241,0.7385820869517974,2019-01-28,2019-03-23,54,33,0.3888888888888889,3,Type-D (Long-lead Urgent)
71,H1087,833,FLAT,8.709,14.287,79.9900142857143,2019-02-03,2019-01-28,2019-03-23,21,124.425483,,,124.425483,0.6095751382375586,0.6428748545481981,2019-01-28,2019-03-23,54,33,0.3888888888888889,3,Type-D (Long-lead Urgent)
68,H1087,822,CURVED,16.086,14.292,132.291617142857,2019-02-03,2019-01-28,2019-03-23,21,229.901112,,,229.90111199999998,1.1255247691015953,0.5754283482667845,2019-01-28,2019-03-23,54,33,0.3888888888888889,3,Type-D (Long-lead Urgent)
69,H1087,823,FLAT,16.231,14.307,133.753031428571,2019-02-03,2019-01-28,2019-03-23,21,232.216917,,,232.21691700000002,1.1344796253582163,0.5759831503945554,2019-01-28,2019-03-23,54,33,0.3888888888888889,3,Type-D (Long-lead Urgent)
97,H1087,653,FLAT,11.2,17.72,125.553828571429,2019-02-04,2019-02-01,2019-03-10,19,198.464,,,198.46399999999997,0.6320541760722348,0.6326277237757427,2019-02-01,2019-03-10,37,18,0.5135135135135135,1,Type-B (Small Light)
98,H1087,653,FLAT,11.2,17.72,125.553828571429,2019-02-04,2019-02-01,2019-03-10,19,198.464,,,198.46399999999997,0.6320541760722348,0.6326277237757427,2019-02-01,2019-03-10,37,18,0.5135135135135135,1,Type-B (Small Light)
95,H1087,643,CURVED,13.412,17.72,141.108612571429,2019-02-04,2019-02-01,2019-03-10,19,237.66064,,,237.66064,0.7568848758465012,0.5937399334253624,2019-02-01,2019-03-10,37,18,0.5135135135135135,1,Type-B (Small Light)
96,H1087,643,FLAT,13.412,17.72,141.108612571429,2019-02-04,2019-02-01,2019-03-10,19,237.66064,,,237.66064,0.7568848758465012,0.5937399334253624,2019-02-01,2019-03-10,37,18,0.5135135135135135,1,Type-B (Small Light)
57,H1087,111,CURVED,22.2,13.8,195.222857142857,2019-02-09,2019-01-25,2019-03-19,29,306.36,,,306.36,1.6086956521739129,0.6372335067987237,2019-01-25,2019-03-19,53,24,0.5471698113207547,2,Type-C (Large Heavy)
73,H1088,292,FLAT,16.6,19.5,187.374285714286,2019-02-09,2019-02-03,2019-03-19,36,323.7,,,323.70000000000005,0.8512820512820514,0.5788516704179363,2019-02-03,2019-03-19,44,8,0.8181818181818182,1,Type-B (Small Light)
74,H1088,292,FLAT,16.6,19.5,187.374285714286,2019-02-09,2019-02-03,2019-03-19,36,323.7,,,323.70000000000005,0.8512820512820514,0.5788516704179363,2019-02-03,2019-03-19,44,8,0.8181818181818182,1,Type-B (Small Light)
110,H1087,834,FLAT,9.215,10.9,58.2074928571429,2019-02-09,2019-02-05,2019-03-05,22,100.4435,,,100.4435,0.8454128440366973,0.5795048246739999,2019-02-05,2019-03-05,28,6,0.7857142857142857,0,Type-A (Standard Medium)
111,H1087,834,FLAT,9.215,10.9,58.2074928571429,2019-02-09,2019-02-05,2019-03-05,22,100.4435,,,100.4435,0.8454128440366973,0.5795048246739999,2019-02-05,2019-03-05,28,6,0.7857142857142857,0,Type-A (Standard Medium)
108,H1087,824,FLAT,15.665,11.094,105.276874571429,2019-02-09,2019-02-05,2019-03-05,22,173.78751,,,173.78750999999997,1.4120245177573463,0.605779290879011,2019-02-05,2019-03-05,28,6,0.7857142857142857,0,Type-A (Standard Medium)
109,H1087,824,FLAT,15.665,11.094,105.276874571429,2019-02-09,2019-02-05,2019-03-05,22,173.78751,,,173.78750999999997,1.4120245177573463,0.605779290879011,2019-02-05,2019-03-05,28,6,0.7857142857142857,0,Type-A (Standard Medium)
112,H1087,833,FLAT,8.709,14.287,79.9900142857143,2019-02-09,2019-02-09,2019-03-03,17,124.425483,,,124.425483,0.6095751382375586,0.6428748545481981,2019-02-09,2019-03-03,22,5,0.7727272727272727,0,Type-A (Standard Medium)
113,H1087,833,FLAT,8.709,14.287,79.9900142857143,2019-02-09,2019-02-09,2019-03-03,17,124.425483,,,124.425483,0.6095751382375586,0.6428748545481981,2019-02-09,2019-03-03,22,5,0.7727272727272727,0,Type-A (Standard Medium)
100,H1088,823,FLAT,16.231,14.307,133.753031428571,2019-02-09,2019-02-09,2019-03-10,21,232.216917,,,232.21691700000002,1.1344796253582163,0.5759831503945554,2019-02-09,2019-03-10,29,8,0.7241379310344828,0,Type-A (Standard Medium)
101,H1088,823,FLAT,16.231,14.307,133.753031428571,2019-02-09,2019-02-09,2019-03-10,21,232.216917,,,232.21691700000002,1.1344796253582163,0.5759831503945554,2019-02-09,2019-03-10,29,8,0.7241379310344828,0,Type-A (Standard Medium)
45,H1088,273,FLAT,14.5,18.79,160.946885714286,2019-02-10,2019-02-04,2019-03-31,30,272.455,,,272.455,0.7716870675891432,0.590728324729904,2019-02-04,2019-03-31,55,25,0.5454545454545454,1,Type-B (Small Light)
42,H1088,263,CURVED,16.6,18.79,179.606885714286,2019-02-10,2019-02-04,2019-04-01,30,311.914,,,311.914,0.8834486428951571,0.5758218153538668,2019-02-04,2019-04-01,56,26,0.5357142857142857,1,Type-B (Small Light)
77,H1088,282,FLAT,14.7,19.5,170.382857142857,2019-02-11,2019-02-04,2019-03-18,35,286.65,,,286.65,0.7538461538461538,0.5943933617403001,2019-02-04,2019-03-18,42,7,0.8333333333333334,1,Type-B (Small Light)
78,H1088,282,FLAT,14.7,19.5,170.382857142857,2019-02-11,2019-02-04,2019-03-18,35,286.65,,,286.65,0.7538461538461538,0.5943933617403001,2019-02-04,2019-03-18,42,7,0.8333333333333334,1,Type-B (Small Light)
72,H1088,112,FLAT,21.0,8.6,147.131428571429,2019-02-11,2019-02-06,2019-03-16,21,180.6,,,180.6,2.441860465116279,0.814681221325742,2019-02-06,2019-03-16,38,17,0.5526315789473685,0,Type-A (Standard Medium)
58,H1087,221,CURVED,16.0,15.97,146.011685714286,2019-02-12,2019-01-21,2019-03-31,25,255.52,,,255.52,1.0018785222291797,0.5714295777797667,2019-01-21,2019-03-31,69,44,0.36231884057971014,3,Type-D (Long-lead Urgent)
22,H1087,143,CURVED,13.809,15.686,124.782593428571,2019-02-12,2019-02-05,2019-04-04,39,216.607974,,,216.60797399999998,0.8803391559352288,0.576075714685236,2019-02-05,2019-04-04,58,19,0.6724137931034483,1,Type-B (Small Light)
23,H1087,153,CURVED,18.919,15.5,170.908160285714,2019-02-12,2019-02-05,2019-04-04,39,293.2445,,,293.2445,1.2205806451612904,0.5828179566393026,2019-02-05,2019-04-04,58,19,0.6724137931034483,1,Type-B (Small Light)
62,H1087,653,CURVED,11.2,17.72,125.553828571429,2019-02-12,2019-02-06,2019-03-24,19,198.464,,,198.46399999999997,0.6320541760722348,0.6326277237757427,2019-02-06,2019-03-24,46,27,0.41304347826086957,3,Type-D (Long-lead Urgent)
76,H1088,643,FLAT,13.412,17.72,141.108612571429,2019-02-12,2019-02-06,2019-03-21,19,237.66064,,,237.66064,0.7568848758465012,0.5937399334253624,2019-02-06,2019-03-21,43,24,0.4418604651162791,3,Type-D (Long-lead Urgent)
61,H1087,652,CURVED,13.412,19.5,160.037641142857,2019-02-12,2019-02-06,2019-03-24,19,261.534,,,261.534,0.6877948717948719,0.6119190665185292,2019-02-06,2019-03-24,46,27,0.41304347826086957,3,Type-D (Long-lead Urgent)
75,H1088,642,FLAT,13.412,19.5,160.037641142857,2019-02-12,2019-02-06,2019-03-21,19,261.534,,,261.534,0.6877948717948719,0.6119190665185292,2019-02-06,2019-03-21,43,24,0.4418604651162791,3,Type-D (Long-lead Urgent)
48,H1088,803,CURVED,15.5,12.0,109.785714285714,2019-02-12,2019-02-11,2019-03-23,35,186.0,,,186.0,1.2916666666666667,0.5902457757296451,2019-02-11,2019-03-23,40,5,0.875,0,Type-A (Standard Medium)
13,H1087,124,FLAT,18.618,14.354,157.904925714286,2019-02-16,2019-02-06,2019-04-07,37,267.242772,,,267.24277199999995,1.2970600529469136,0.590866965390877,2019-02-06,2019-04-07,60,23,0.6166666666666667,1,Type-B (Small Light)
14,H1087,134,CURVED,22.828,14.354,207.758542857143,2019-02-16,2019-02-06,2019-04-07,37,327.673112,,,327.67311199999995,1.5903580883377457,0.6340420841644859,2019-02-06,2019-04-07,60,23,0.6166666666666667,2,Type-C (Large Heavy)
46,H1088,182,FLAT,25.0,7.3,193.797142857143,2019-02-16,2019-02-10,2019-04-02,21,182.5,,,182.5,3.4246575342465753,1.0619021526418795,2019-02-10,2019-04-02,51,30,0.4117647058823529,2,Type-C (Large Heavy)
47,H1088,192,CURVED,13.889,7.3,70.3412345714286,2019-02-16,2019-02-10,2019-04-02,21,101.3897,,,101.38969999999999,1.9026027397260274,0.6937710099884762,2019-02-10,2019-04-02,51,30,0.4117647058823529,0,Type-A (Standard Medium)
25,H1087,834,CURVED,9.215,10.9,58.2074928571429,2019-02-17,2019-02-11,2019-04-07,22,100.4435,,,100.4435,0.8454128440366973,0.5795048246739999,2019-02-11,2019-04-07,55,33,0.4,0,Type-A (Standard Medium)
24,H1087,824,CURVED,15.665,11.094,105.276874571429,2019-02-17,2019-02-11,2019-04-07,22,173.78751,,,173.78750999999997,1.4120245177573463,0.605779290879011,2019-02-11,2019-04-07,55,33,0.4,0,Type-A (Standard Medium)
6,H1087,271,CURVED,17.8,16.0,163.668571428571,2019-02-17,2019-02-11,2019-04-18,37,284.8,,,284.8,1.1125,0.5746789727126791,2019-02-11,2019-04-18,66,29,0.5606060606060606,1,Type-B (Small Light)
5,H1087,261,CURVED,20.1,16.0,188.574285714286,2019-02-17,2019-02-11,2019-04-18,37,321.6,,,321.6,1.25625,0.5863628287135758,2019-02-11,2019-04-18,66,29,0.5606060606060606,2,Type-C (Large Heavy)
56,H1087,835,CURVED,7.416,16.884,97.1618605714286,2019-02-17,2019-02-17,2019-03-23,27,125.211744,,,125.21174400000001,0.43923240938166314,0.7759804110022507,2019-02-17,2019-03-23,34,7,0.7941176470588235,1,Type-B (Small Light)
55,H1087,825,CURVED,19.167,16.931,186.866471428571,2019-02-17,2019-02-17,2019-03-23,27,324.516477,,,324.51647700000007,1.1320654420884768,0.5758304575350451,2019-02-17,2019-03-23,34,7,0.7941176470588235,1,Type-B (Small Light)
12,H1087,144,FLAT,17.566,15.678,158.389725714286,2019-02-18,2019-02-10,2019-04-09,36,275.399748,,,275.399748,1.120423523408598,0.5751266181779005,2019-02-10,2019-04-09,58,22,0.6206896551724138,1,Type-B (Small Light)
4,H1087,154,FLAT,19.932,15.976,186.433485714286,2019-02-18,2019-02-10,2019-04-20,47,318.433632,,,318.433632,1.2476214321482222,0.5854704622226776,2019-02-10,2019-04-20,69,22,0.6811594202898551,2,Type-C (Large Heavy)
29,H1087,832,FLAT,6.767,14.288,71.4112094285714,2019-02-18,2019-02-12,2019-04-07,21,96.686896,,,96.686896,0.4736142217245241,0.7385820869517974,2019-02-12,2019-04-07,54,33,0.3888888888888889,3,Type-D (Long-lead Urgent)
30,H1087,833,CURVED,8.709,14.287,79.9900142857143,2019-02-18,2019-02-12,2019-04-07,21,124.425483,,,124.425483,0.6095751382375586,0.6428748545481981,2019-02-12,2019-04-07,54,33,0.3888888888888889,3,Type-D (Long-lead Urgent)
26,H1087,822,CURVED,16.086,14.292,132.291617142857,2019-02-18,2019-02-12,2019-04-07,21,229.901112,,,229.90111199999998,1.1255247691015953,0.5754283482667845,2019-02-12,2019-04-07,54,33,0.3888888888888889,3,Type-D (Long-lead Urgent)
27,H1087,823,CURVED,16.231,14.307,133.753031428571,2019-02-18,2019-02-12,2019-04-07,21,232.216917,,,232.21691700000002,1.1344796253582163,0.5759831503945554,2019-02-12,2019-04-07,54,33,0.3888888888888889,3,Type-D (Long-lead Urgent)
51,H1088,632,FLAT,13.38,17.28,136.463657142857,2019-02-19,2019-02-07,2019-03-30,19,231.2064,,,231.20640000000003,0.7743055555555556,0.5902243931952444,2019-02-07,2019-03-30,51,32,0.37254901960784315,3,Type-D (Long-lead Urgent)
53,H1088,103,FLAT,29.101,15.68,240.0,2019-02-19,2019-02-14,2019-03-27,32,456.30368,,,456.30368,1.8559311224489796,0.5259655148956941,2019-02-14,2019-03-27,41,9,0.7804878048780488,2,Type-C (Large Heavy)
52,H1088,622,CURVED,13.38,17.28,136.463657142857,2019-02-22,2019-02-10,2019-03-30,17,231.2064,,,231.20640000000003,0.7743055555555556,0.5902243931952444,2019-02-10,2019-03-30,48,31,0.3541666666666667,3,Type-D (Long-lead Urgent)
19,H1087,836,CURVED,8.0,21.0,144.285714285714,2019-02-23,2019-02-15,2019-04-04,34,168.0,,,168.0,0.38095238095238093,0.8588435374149642,2019-02-15,2019-04-04,48,14,0.7083333333333334,1,Type-B (Small Light)
18,H1087,826,CURVED,20.0,21.0,240.0,2019-02-23,2019-02-15,2019-04-04,34,420.0,,,420.0,0.9523809523809523,0.5714285714285714,2019-02-15,2019-04-04,48,14,0.7083333333333334,2,Type-C (Large Heavy)
43,H1088,623,CURVED,13.38,18.79,152.025285714286,2019-02-24,2019-02-21,2019-04-03,19,251.4102,,,251.4102,0.7120808940926026,0.6046902063412145,2019-02-21,2019-04-03,41,22,0.4634146341463415,3,Type-D (Long-lead Urgent)
44,H1088,633,FLAT,13.38,18.79,152.025285714286,2019-02-24,2019-02-21,2019-04-03,19,251.4102,,,251.4102,0.7120808940926026,0.6046902063412145,2019-02-21,2019-04-03,41,22,0.4634146341463415,3,Type-D (Long-lead Urgent)
38,H1088,631,FLAT,10.53,15.97,104.549085714286,2019-02-26,2019-01-24,2019-04-04,11,168.1641,,,168.1641,0.6593613024420788,0.6217087102079814,2019-01-24,2019-04-04,70,59,0.15714285714285714,3,Type-D (Long-lead Urgent)
39,H1088,621,FLAT,8.95,15.97,95.7552571428572,2019-03-01,2019-01-27,2019-04-04,10,142.9315,,,142.9315,0.5604257983719473,0.6699380972203972,2019-01-27,2019-04-04,67,57,0.14925373134328357,3,Type-D (Long-lead Urgent)
10,H1087,183,FLAT,8.82,15.798,93.5340582857143,2019-03-02,2019-02-24,2019-04-12,27,139.33836,,,139.33836,0.5582985187998482,0.6712728518242521,2019-02-24,2019-04-12,47,20,0.574468085106383,0,Type-A (Standard Medium)
21,H1087,653,CURVED,11.2,17.72,125.553828571429,2019-03-02,2019-02-24,2019-04-09,17,198.464,,,198.46399999999997,0.6320541760722348,0.6326277237757427,2019-02-24,2019-04-09,44,27,0.38636363636363635,3,Type-D (Long-lead Urgent)
32,H1087,643,FLAT,13.412,17.72,141.108612571429,2019-03-02,2019-02-24,2019-04-06,17,237.66064,,,237.66064,0.7568848758465012,0.5937399334253624,2019-02-24,2019-04-06,41,24,0.4146341463414634,3,Type-D (Long-lead Urgent)
11,H1087,193,FLAT,15.59,15.978,142.384166857143,2019-03-02,2019-02-24,2019-04-12,27,249.09702,,,249.09702,0.9757166103392164,0.571601245398853,2019-02-24,2019-04-12,47,20,0.574468085106383,1,Type-B (Small Light)
20,H1087,652,CURVED,13.412,19.5,160.037641142857,2019-03-02,2019-02-24,2019-04-09,17,261.534,,,261.534,0.6877948717948719,0.6119190665185292,2019-02-24,2019-04-09,44,27,0.38636363636363635,3,Type-D (Long-lead Urgent)
31,H1087,642,CURVED,13.412,19.5,160.037641142857,2019-03-02,2019-02-24,2019-04-06,17,261.534,,,261.534,0.6877948717948719,0.6119190665185292,2019-02-24,2019-04-06,41,24,0.4146341463414634,3,Type-D (Long-lead Urgent)
2,H1087,272,CURVED,14.4,17.28,144.559542857143,2019-03-04,2019-02-26,2019-04-27,39,248.832,,,248.83200000000002,0.8333333333333333,0.5809523809523814,2019-02-26,2019-04-27,60,21,0.65,1,Type-B (Small Light)
1,H1087,262,FLAT,14.6,17.28,146.216685714286,2019-03-04,2019-02-26,2019-04-27,39,252.288,,,252.288,0.8449074074074073,0.5795625860694364,2019-02-26,2019-04-27,60,21,0.65,1,Type-B (Small Light)
9,H1087,835,FLAT,7.416,16.884,97.1618605714286,2019-03-09,2019-03-09,2019-04-12,27,125.211744,1.0,103.0,125.21174400000001,0.43923240938166314,0.7759804110022507,2019-03-09,2019-04-12,34,7,0.7941176470588235,1,Type-B (Small Light)
8,H1087,825,FLAT,19.167,16.931,186.866471428571,2019-03-09,2019-03-09,2019-04-12,27,324.516477,,,324.51647700000007,1.1320654420884768,0.5758304575350451,2019-03-09,2019-04-12,34,7,0.7941176470588235,1,Type-B (Small Light)
